prev_uid,curr_uid,ac,pair,link,conf
VS2017-086-0001,LS2019-086-0001,86,VS2017>LS2019,1:1,0.95
VS2017-086-0002,LS2019-086-0002,86,VS2017>LS2019,1:1,0.85
VS2017-086-0003,LS2019-086-0003,86,VS2017>LS2019,1:1,0.95
VS2017-086-0004,LS2019-086-0004,86,VS2017>LS2019,1:1,0.85
VS2017-086-0005,LS2019-086-0005,86,VS2017>LS2019,1:1,0.85
VS2017-086-0006,LS2019-086-0006,86,VS2017>LS2019,1:1,0.85
VS2017-086-0007,LS2019-086-0007,86,VS2017>LS2019,1:1,0.85
VS2017-086-0008,LS2019-086-0008,86,VS2017>LS2019,1:1,0.6
VS2017-086-0009,LS2019-086-0009,86,VS2017>LS2019,1:1,0.6
VS2017-086-0010,LS2019-086-0010,86,VS2017>LS2019,1:1,0.6
VS2017-086-0011,LS2019-086-0011,86,VS2017>LS2019,1:1,0.6
VS2017-086-0012,LS2019-086-0012,86,VS2017>LS2019,1:1,0.85
VS2017-086-0013,LS2019-086-0013,86,VS2017>LS2019,1:1,0.6
VS2017-086-0014,LS2019-086-0014,86,VS2017>LS2019,1:1,0.6
VS2017-086-0015,LS2019-086-0015,86,VS2017>LS2019,1:1,0.95
VS2017-086-0016,LS2019-086-0016,86,VS2017>LS2019,1:1,0.95
VS2017-086-0017,LS2019-086-0017,86,VS2017>LS2019,1:1,0.85
VS2017-086-0018,LS2019-086-0018,86,VS2017>LS2019,1:1,0.85
VS2017-086-0019,LS2019-086-0019,86,VS2017>LS2019,1:1,0.85
VS2017-086-0020,LS2019-086-0020,86,VS2017>LS2019,1:1,0.6
VS2017-086-0021,LS2019-086-0021,86,VS2017>LS2019,1:1,0.85
VS2017-086-0022,LS2019-086-0022,86,VS2017>LS2019,1:1,0.85
VS2017-086-0023,LS2019-086-0023,86,VS2017>LS2019,1:1,0.6
VS2017-086-0024,LS2019-086-0024,86,VS2017>LS2019,1:1,0.85
VS2017-086-0025,LS2019-086-0025,86,VS2017>LS2019,1:1,0.85
VS2017-086-0026,LS2019-086-0026,86,VS2017>LS2019,1:1,0.85
VS2017-086-0027,LS2019-086-0027,86,VS2017>LS2019,1:1,0.85
VS2017-086-0028,LS2019-086-0028,86,VS2017>LS2019,1:1,0.95
VS2017-086-0029,LS2019-086-0029,86,VS2017>LS2019,1:1,0.95
VS2017-086-0030,LS2019-086-0030,86,VS2017>LS2019,1:1,0.85
VS2017-086-0031,LS2019-086-0031,86,VS2017>LS2019,1:1,0.85
VS2017-086-0032,LS2019-086-0032,86,VS2017>LS2019,1:1,0.85
VS2017-086-0033,LS2019-086-0033,86,VS2017>LS2019,1:1,0.85
VS2017-086-0034,LS2019-086-0034,86,VS2017>LS2019,1:1,0.95
VS2017-086-0035,LS2019-086-0035,86,VS2017>LS2019,1:1,0.85
VS2017-086-0036,LS2019-086-0036,86,VS2017>LS2019,1:1,0.6
VS2017-086-0037,LS2019-086-0037,86,VS2017>LS2019,1:1,0.95
VS2017-086-0038,LS2019-086-0038,86,VS2017>LS2019,1:1,0.95
VS2017-086-0039,LS2019-086-0039,86,VS2017>LS2019,1:1,0.95
VS2017-086-0040,LS2019-086-0040,86,VS2017>LS2019,1:1,0.85
VS2017-086-0041,LS2019-086-0041,86,VS2017>LS2019,1:1,0.85
VS2017-086-0042,LS2019-086-0042,86,VS2017>LS2019,1:1,0.85
VS2017-086-0043,LS2019-086-0043,86,VS2017>LS2019,1:1,0.85
VS2017-086-0044,LS2019-086-0044,86,VS2017>LS2019,1:1,0.85
VS2017-086-0045,LS2019-086-0045,86,VS2017>LS2019,1:1,0.85
VS2017-086-0046,LS2019-086-0046,86,VS2017>LS2019,1:1,0.85
VS2017-086-0047,LS2019-086-0047,86,VS2017>LS2019,1:1,0.85
VS2017-086-0048,LS2019-086-0048,86,VS2017>LS2019,1:1,0.85
VS2017-086-0049,LS2019-086-0049,86,VS2017>LS2019,1:1,0.85
VS2017-086-0050,LS2019-086-0050,86,VS2017>LS2019,1:1,0.85
VS2017-086-0051,LS2019-086-0051,86,VS2017>LS2019,1:1,0.95
VS2017-086-0052,LS2019-086-0052,86,VS2017>LS2019,1:1,0.95
VS2017-086-0053,LS2019-086-0053,86,VS2017>LS2019,1:1,0.95
VS2017-086-0054,LS2019-086-0054,86,VS2017>LS2019,1:1,0.95
VS2017-086-0055,LS2019-086-0055,86,VS2017>LS2019,1:1,0.85
VS2017-086-0056,LS2019-086-0056,86,VS2017>LS2019,1:1,0.85
VS2017-086-0057,LS2019-086-0057,86,VS2017>LS2019,1:1,0.95
VS2017-086-0058,LS2019-086-0058,86,VS2017>LS2019,1:1,0.95
VS2017-086-0059,LS2019-086-0059,86,VS2017>LS2019,1:1,0.95
VS2017-086-0060,LS2019-086-0060,86,VS2017>LS2019,1:1,0.95
VS2017-086-0061,LS2019-086-0061,86,VS2017>LS2019,1:1,0.85
VS2017-086-0062,LS2019-086-0062,86,VS2017>LS2019,1:1,0.95
VS2017-086-0063,LS2019-086-0063,86,VS2017>LS2019,1:1,0.95
VS2017-086-0064,LS2019-086-0064,86,VS2017>LS2019,1:1,0.85
VS2017-086-0065,LS2019-086-0065,86,VS2017>LS2019,1:1,0.85
VS2017-086-0066,LS2019-086-0066,86,VS2017>LS2019,1:1,0.85
VS2017-086-0067,LS2019-086-0067,86,VS2017>LS2019,1:1,0.85
VS2017-086-0068,LS2019-086-0068,86,VS2017>LS2019,1:1,0.85
VS2017-086-0069,LS2019-086-0069,86,VS2017>LS2019,1:1,0.85
VS2017-086-0070,LS2019-086-0070,86,VS2017>LS2019,1:1,0.85
VS2017-086-0071,LS2019-086-0071,86,VS2017>LS2019,1:1,0.85
VS2017-086-0072,LS2019-086-0072,86,VS2017>LS2019,1:1,0.85
VS2017-086-0073,LS2019-086-0073,86,VS2017>LS2019,1:1,0.85
VS2017-086-0074,LS2019-086-0074,86,VS2017>LS2019,1:1,0.6
VS2017-086-0075,LS2019-086-0075,86,VS2017>LS2019,1:1,0.6
VS2017-086-0076,LS2019-086-0076,86,VS2017>LS2019,1:1,0.85
VS2017-086-0077,LS2019-086-0077,86,VS2017>LS2019,1:1,0.85
VS2017-086-0078,LS2019-086-0078,86,VS2017>LS2019,1:1,0.85
VS2017-086-0079,LS2019-086-0079,86,VS2017>LS2019,1:1,0.85
VS2017-086-0080,LS2019-086-0080,86,VS2017>LS2019,1:1,0.85
VS2017-086-0081,LS2019-086-0081,86,VS2017>LS2019,1:1,0.85
VS2017-086-0082,LS2019-086-0082,86,VS2017>LS2019,1:1,0.6
VS2017-086-0083,LS2019-086-0083,86,VS2017>LS2019,1:1,0.6
VS2017-086-0084,LS2019-086-0084,86,VS2017>LS2019,1:1,0.6
VS2017-086-0085,LS2019-086-0085,86,VS2017>LS2019,1:1,0.85
VS2017-086-0086,LS2019-086-0086,86,VS2017>LS2019,1:1,0.85
VS2017-086-0087,LS2019-086-0087,86,VS2017>LS2019,1:1,0.85
VS2017-086-0088,LS2019-086-0088,86,VS2017>LS2019,1:1,0.85
VS2017-086-0089,LS2019-086-0089,86,VS2017>LS2019,1:1,0.85
VS2017-086-0090,LS2019-086-0090,86,VS2017>LS2019,1:1,0.85
VS2017-086-0091,LS2019-086-0091,86,VS2017>LS2019,1:1,0.85
VS2017-086-0092,LS2019-086-0092,86,VS2017>LS2019,1:1,0.85
VS2017-086-0093,LS2019-086-0093,86,VS2017>LS2019,1:1,0.6
VS2017-086-0094,LS2019-086-0094,86,VS2017>LS2019,1:1,0.85
VS2017-086-0095,LS2019-086-0095,86,VS2017>LS2019,1:1,0.85
VS2017-086-0096,LS2019-086-0096,86,VS2017>LS2019,1:1,0.85
VS2017-086-0097,LS2019-086-0097,86,VS2017>LS2019,1:1,0.85
VS2017-086-0098,LS2019-086-0098,86,VS2017>LS2019,1:1,0.85
VS2017-086-0099,LS2019-086-0099,86,VS2017>LS2019,1:1,0.85
VS2017-086-0100,LS2019-086-0100,86,VS2017>LS2019,1:1,0.6
VS2017-086-0101,LS2019-086-0101,86,VS2017>LS2019,1:1,0.85
VS2017-086-0102,LS2019-086-0102,86,VS2017>LS2019,1:1,0.85
VS2017-086-0103,LS2019-086-0103,86,VS2017>LS2019,1:1,0.85
VS2017-086-0104,LS2019-086-0104,86,VS2017>LS2019,1:1,0.6
VS2017-086-0105,LS2019-086-0105,86,VS2017>LS2019,1:1,0.6
VS2017-086-0106,LS2019-086-0106,86,VS2017>LS2019,1:1,0.85
VS2017-086-0107,LS2019-086-0107,86,VS2017>LS2019,1:1,0.85
VS2017-086-0108,LS2019-086-0108,86,VS2017>LS2019,1:1,0.85
VS2017-086-0109,LS2019-086-0109,86,VS2017>LS2019,1:1,0.85
VS2017-086-0110,LS2019-086-0110,86,VS2017>LS2019,1:1,0.85
VS2017-086-0111,LS2019-086-0111,86,VS2017>LS2019,1:1,0.85
VS2017-086-0112,LS2019-086-0112,86,VS2017>LS2019,1:1,0.85
VS2017-086-0113,LS2019-086-0113,86,VS2017>LS2019,1:1,0.85
VS2017-086-0114,LS2019-086-0114,86,VS2017>LS2019,1:1,0.85
VS2017-086-0115,LS2019-086-0115,86,VS2017>LS2019,1:1,0.85
VS2017-086-0116,LS2019-086-0116,86,VS2017>LS2019,1:1,0.85
VS2017-086-0117,LS2019-086-0117,86,VS2017>LS2019,1:1,0.85
VS2017-086-0118,LS2019-086-0118,86,VS2017>LS2019,1:1,0.85
VS2017-086-0119,LS2019-086-0119,86,VS2017>LS2019,1:1,0.95
VS2017-086-0120,LS2019-086-0120,86,VS2017>LS2019,1:1,0.95
VS2017-086-0121,LS2019-086-0121,86,VS2017>LS2019,1:1,0.95
VS2017-086-0122,LS2019-086-0122,86,VS2017>LS2019,1:1,0.95
VS2017-086-0123,LS2019-086-0123,86,VS2017>LS2019,1:1,0.85
VS2017-086-0124,LS2019-086-0124,86,VS2017>LS2019,1:1,0.85
VS2017-086-0125,LS2019-086-0125,86,VS2017>LS2019,1:1,0.85
VS2017-086-0126,LS2019-086-0126,86,VS2017>LS2019,1:1,0.85
VS2017-086-0127,LS2019-086-0127,86,VS2017>LS2019,1:1,0.85
VS2017-086-0128,LS2019-086-0128,86,VS2017>LS2019,1:1,0.85
VS2017-086-0129,LS2019-086-0129,86,VS2017>LS2019,1:1,0.85
VS2017-086-0130,LS2019-086-0130,86,VS2017>LS2019,1:1,0.85
VS2017-086-0131,LS2019-086-0131,86,VS2017>LS2019,1:1,0.85
VS2017-086-0132,LS2019-086-0132,86,VS2017>LS2019,1:1,0.85
VS2017-086-0133,LS2019-086-0133,86,VS2017>LS2019,1:1,0.6
VS2017-086-0134,LS2019-086-0134,86,VS2017>LS2019,1:1,0.85
VS2017-086-0135,LS2019-086-0135,86,VS2017>LS2019,1:1,0.85
VS2017-086-0136,LS2019-086-0136,86,VS2017>LS2019,1:1,0.85
VS2017-086-0137,LS2019-086-0137,86,VS2017>LS2019,1:1,0.85
VS2017-086-0138,LS2019-086-0138,86,VS2017>LS2019,1:1,0.85
VS2017-086-0139,LS2019-086-0139,86,VS2017>LS2019,1:1,0.85
VS2017-086-0140,LS2019-086-0140,86,VS2017>LS2019,1:1,0.85
VS2017-086-0141,LS2019-086-0141,86,VS2017>LS2019,1:1,0.85
VS2017-086-0142,LS2019-086-0142,86,VS2017>LS2019,1:1,0.85
VS2017-086-0143,LS2019-086-0143,86,VS2017>LS2019,1:1,0.85
VS2017-086-0144,LS2019-086-0144,86,VS2017>LS2019,1:1,0.85
VS2017-086-0145,LS2019-086-0145,86,VS2017>LS2019,1:1,0.6
VS2017-086-0146,LS2019-086-0146,86,VS2017>LS2019,1:1,0.85
VS2017-086-0147,LS2019-086-0147,86,VS2017>LS2019,1:1,0.85
VS2017-086-0148,LS2019-086-0148,86,VS2017>LS2019,1:1,0.85
VS2017-086-0149,LS2019-086-0149,86,VS2017>LS2019,1:1,0.85
VS2017-086-0150,LS2019-086-0150,86,VS2017>LS2019,1:1,0.85
VS2017-086-0151,LS2019-086-0151,86,VS2017>LS2019,1:1,0.85
VS2017-086-0152,LS2019-086-0152,86,VS2017>LS2019,1:1,0.6
VS2017-086-0153,LS2019-086-0153,86,VS2017>LS2019,1:1,0.6
VS2017-086-0154,LS2019-086-0154,86,VS2017>LS2019,1:1,0.6
VS2017-086-0155,LS2019-086-0155,86,VS2017>LS2019,1:1,0.85
VS2017-086-0156,LS2019-086-0156,86,VS2017>LS2019,1:1,0.85
VS2017-086-0157,LS2019-086-0157,86,VS2017>LS2019,1:1,0.6
VS2017-086-0158,LS2019-086-0158,86,VS2017>LS2019,1:1,0.6
VS2017-086-0159,LS2019-086-0159,86,VS2017>LS2019,1:1,0.85
VS2017-086-0160,LS2019-086-0160,86,VS2017>LS2019,1:1,0.85
VS2017-086-0161,LS2019-086-0161,86,VS2017>LS2019,1:1,0.85
VS2017-086-0162,LS2019-086-0162,86,VS2017>LS2019,1:1,0.85
VS2017-086-0163,LS2019-086-0163,86,VS2017>LS2019,1:1,0.6
VS2017-086-0164,LS2019-086-0164,86,VS2017>LS2019,1:1,0.6
VS2017-086-0165,LS2019-086-0165,86,VS2017>LS2019,1:1,0.6
VS2017-086-0166,LS2019-086-0166,86,VS2017>LS2019,1:1,0.6
VS2017-086-0167,LS2019-086-0167,86,VS2017>LS2019,1:1,0.6
VS2017-086-0168,LS2019-086-0168,86,VS2017>LS2019,1:1,0.6
VS2017-086-0169,LS2019-086-0169,86,VS2017>LS2019,1:1,0.6
VS2017-086-0170,LS2019-086-0170,86,VS2017>LS2019,1:1,0.95
VS2017-086-0171,LS2019-086-0171,86,VS2017>LS2019,1:1,0.95
VS2017-086-0172,LS2019-086-0172,86,VS2017>LS2019,1:1,0.85
VS2017-086-0173,LS2019-086-0173,86,VS2017>LS2019,1:1,0.85
VS2017-086-0174,LS2019-086-0174,86,VS2017>LS2019,1:1,0.6
VS2017-086-0175,LS2019-086-0175,86,VS2017>LS2019,1:1,0.6
VS2017-086-0176,LS2019-086-0176,86,VS2017>LS2019,1:1,0.6
VS2017-086-0177,LS2019-086-0177,86,VS2017>LS2019,1:1,0.6
VS2017-086-0178,LS2019-086-0178,86,VS2017>LS2019,1:1,0.6
VS2017-086-0179,LS2019-086-0179,86,VS2017>LS2019,1:1,0.85
VS2017-086-0180,LS2019-086-0180,86,VS2017>LS2019,1:1,0.6
VS2017-086-0181,LS2019-086-0181,86,VS2017>LS2019,1:1,0.6
VS2017-086-0182,LS2019-086-0182,86,VS2017>LS2019,1:1,0.6
VS2017-086-0183,LS2019-086-0183,86,VS2017>LS2019,1:1,0.6
VS2017-086-0184,LS2019-086-0184,86,VS2017>LS2019,1:1,0.6
VS2017-086-0185,LS2019-086-0185,86,VS2017>LS2019,1:1,0.6
VS2017-086-0186,LS2019-086-0186,86,VS2017>LS2019,1:1,0.6
VS2017-086-0187,LS2019-086-0187,86,VS2017>LS2019,1:1,0.85
VS2017-086-0188,LS2019-086-0188,86,VS2017>LS2019,1:1,0.6
VS2017-086-0189,LS2019-086-0189,86,VS2017>LS2019,1:1,0.85
VS2017-086-0190,LS2019-086-0190,86,VS2017>LS2019,1:1,0.85
VS2017-086-0191,LS2019-086-0191,86,VS2017>LS2019,1:1,0.6
VS2017-086-0192,LS2019-086-0192,86,VS2017>LS2019,1:1,0.95
VS2017-086-0193,LS2019-086-0193,86,VS2017>LS2019,1:1,0.95
VS2017-086-0194,LS2019-086-0194,86,VS2017>LS2019,1:1,0.85
VS2017-086-0195,LS2019-086-0195,86,VS2017>LS2019,1:1,0.85
VS2017-086-0196,LS2019-086-0196,86,VS2017>LS2019,1:1,0.85
VS2017-086-0197,LS2019-086-0197,86,VS2017>LS2019,1:1,0.85
VS2017-086-0198,LS2019-086-0198,86,VS2017>LS2019,1:1,0.85
VS2017-086-0199,LS2019-086-0199,86,VS2017>LS2019,1:1,0.85
VS2017-086-0200,LS2019-086-0200,86,VS2017>LS2019,1:1,0.85
VS2017-086-0201,LS2019-086-0201,86,VS2017>LS2019,1:1,0.6
VS2017-086-0202,LS2019-086-0202,86,VS2017>LS2019,1:1,0.85
VS2017-086-0203,LS2019-086-0203,86,VS2017>LS2019,1:1,0.6
VS2017-086-0204,LS2019-086-0204,86,VS2017>LS2019,1:1,0.6
VS2017-086-0205,LS2019-086-0205,86,VS2017>LS2019,1:1,0.6
VS2017-086-0206,LS2019-086-0206,86,VS2017>LS2019,1:1,0.85
VS2017-086-0207,LS2019-086-0207,86,VS2017>LS2019,1:1,0.6
VS2017-086-0208,LS2019-086-0208,86,VS2017>LS2019,1:1,0.6
VS2017-086-0209,LS2019-086-0209,86,VS2017>LS2019,1:1,0.85
VS2017-086-0210,LS2019-086-0210,86,VS2017>LS2019,1:1,0.85
VS2017-086-0211,LS2019-086-0211,86,VS2017>LS2019,1:1,0.85
VS2017-086-0212,LS2019-086-0212,86,VS2017>LS2019,1:1,0.85
VS2017-086-0213,LS2019-086-0213,86,VS2017>LS2019,1:1,0.85
VS2017-086-0214,LS2019-086-0214,86,VS2017>LS2019,1:1,0.6
VS2017-086-0215,LS2019-086-0215,86,VS2017>LS2019,1:1,0.85
VS2017-086-0216,LS2019-086-0216,86,VS2017>LS2019,1:1,0.95
VS2017-086-0217,LS2019-086-0217,86,VS2017>LS2019,1:1,0.95
VS2017-086-0218,LS2019-086-0218,86,VS2017>LS2019,1:1,0.85
VS2017-086-0219,LS2019-086-0219,86,VS2017>LS2019,1:1,0.85
VS2017-086-0220,LS2019-086-0220,86,VS2017>LS2019,1:1,0.85
VS2017-086-0221,LS2019-086-0221,86,VS2017>LS2019,1:1,0.85
VS2017-086-0222,LS2019-086-0222,86,VS2017>LS2019,1:1,0.85
VS2017-086-0223,LS2019-086-0223,86,VS2017>LS2019,1:1,0.85
VS2017-086-0224,LS2019-086-0224,86,VS2017>LS2019,1:1,0.95
VS2017-086-0225,LS2019-086-0225,86,VS2017>LS2019,1:1,0.95
VS2017-086-0226,LS2019-086-0226,86,VS2017>LS2019,1:1,0.95
VS2017-086-0227,LS2019-086-0227,86,VS2017>LS2019,1:1,0.85
VS2017-086-0228,LS2019-086-0228,86,VS2017>LS2019,1:1,0.85
VS2017-086-0229,LS2019-086-0229,86,VS2017>LS2019,1:1,0.85
VS2017-086-0230,LS2019-086-0230,86,VS2017>LS2019,1:1,0.85
VS2017-086-0231,LS2019-086-0231,86,VS2017>LS2019,1:1,0.85
VS2017-086-0232,LS2019-086-0232,86,VS2017>LS2019,1:1,0.85
VS2017-086-0233,LS2019-086-0233,86,VS2017>LS2019,1:1,0.95
VS2017-086-0234,LS2019-086-0234,86,VS2017>LS2019,1:1,0.85
VS2017-086-0235,LS2019-086-0235,86,VS2017>LS2019,1:1,0.85
VS2017-086-0236,LS2019-086-0236,86,VS2017>LS2019,1:1,0.85
VS2017-086-0237,LS2019-086-0237,86,VS2017>LS2019,1:1,0.85
VS2017-086-0238,LS2019-086-0238,86,VS2017>LS2019,1:1,0.85
VS2017-086-0239,LS2019-086-0239,86,VS2017>LS2019,1:1,0.85
VS2017-086-0240,LS2019-086-0240,86,VS2017>LS2019,1:1,0.85
VS2017-086-0241,LS2019-086-0241,86,VS2017>LS2019,1:1,0.85
VS2017-086-0242,LS2019-086-0242,86,VS2017>LS2019,1:1,0.85
VS2017-086-0243,LS2019-086-0243,86,VS2017>LS2019,1:1,0.6
VS2017-086-0244,LS2019-086-0244,86,VS2017>LS2019,1:1,0.85
VS2017-086-0245,LS2019-086-0245,86,VS2017>LS2019,1:1,0.95
VS2017-086-0246,LS2019-086-0246,86,VS2017>LS2019,1:1,0.6
VS2017-086-0247,LS2019-086-0247,86,VS2017>LS2019,1:1,0.6
VS2017-086-0248,LS2019-086-0248,86,VS2017>LS2019,1:1,0.6
VS2017-086-0249,LS2019-086-0249,86,VS2017>LS2019,1:1,0.6
VS2017-086-0250,LS2019-086-0250,86,VS2017>LS2019,1:1,0.6
VS2017-086-0251,LS2019-086-0251,86,VS2017>LS2019,1:1,0.85
VS2017-086-0252,LS2019-086-0252,86,VS2017>LS2019,1:1,0.85
VS2017-086-0253,LS2019-086-0253,86,VS2017>LS2019,1:1,0.85
VS2017-086-0254,LS2019-086-0254,86,VS2017>LS2019,1:1,0.85
VS2017-086-0255,LS2019-086-0255,86,VS2017>LS2019,1:1,0.95
VS2017-086-0256,LS2019-086-0256,86,VS2017>LS2019,1:1,0.85
VS2017-086-0257,LS2019-086-0257,86,VS2017>LS2019,1:1,0.85
VS2017-086-0258,LS2019-086-0258,86,VS2017>LS2019,1:1,0.85
VS2017-086-0259,LS2019-086-0259,86,VS2017>LS2019,1:1,0.85
VS2017-086-0260,LS2019-086-0260,86,VS2017>LS2019,1:1,0.95
VS2017-086-0261,LS2019-086-0261,86,VS2017>LS2019,1:1,0.85
VS2017-086-0262,LS2019-086-0262,86,VS2017>LS2019,1:1,0.85
VS2017-086-0263,LS2019-086-0263,86,VS2017>LS2019,1:1,0.85
VS2017-086-0264,LS2019-086-0264,86,VS2017>LS2019,1:1,0.85
VS2017-086-0265,LS2019-086-0265,86,VS2017>LS2019,1:1,0.95
VS2017-086-0266,LS2019-086-0266,86,VS2017>LS2019,1:1,0.95
VS2017-086-0267,LS2019-086-0267,86,VS2017>LS2019,1:1,0.95
VS2017-086-0268,LS2019-086-0268,86,VS2017>LS2019,1:1,0.85
VS2017-086-0269,LS2019-086-0269,86,VS2017>LS2019,1:1,0.95
VS2017-086-0270,LS2019-086-0270,86,VS2017>LS2019,1:1,0.85
VS2017-086-0271,LS2019-086-0271,86,VS2017>LS2019,1:1,0.85
VS2017-086-0272,LS2019-086-0272,86,VS2017>LS2019,1:1,0.95
VS2017-086-0273,LS2019-086-0273,86,VS2017>LS2019,1:1,0.95
VS2017-086-0274,LS2019-086-0274,86,VS2017>LS2019,1:1,0.95
VS2017-086-0275,LS2019-086-0275,86,VS2017>LS2019,1:1,0.85
VS2017-086-0276,LS2019-086-0276,86,VS2017>LS2019,1:1,0.85
VS2017-086-0277,LS2019-086-0277,86,VS2017>LS2019,1:1,0.85
VS2017-086-0278,LS2019-086-0278,86,VS2017>LS2019,1:1,0.85
VS2017-086-0279,LS2019-086-0279,86,VS2017>LS2019,1:1,0.85
VS2017-086-0280,LS2019-086-0280,86,VS2017>LS2019,1:1,0.85
VS2017-086-0281,LS2019-086-0281,86,VS2017>LS2019,1:1,0.6
VS2017-086-0282,LS2019-086-0282,86,VS2017>LS2019,1:1,0.6
VS2017-086-0283,LS2019-086-0283,86,VS2017>LS2019,1:1,0.85
VS2017-086-0284,LS2019-086-0284,86,VS2017>LS2019,1:1,0.95
VS2017-086-0285,LS2019-086-0285,86,VS2017>LS2019,1:1,0.6
VS2017-086-0286,LS2019-086-0286,86,VS2017>LS2019,1:1,0.6
VS2017-086-0287,LS2019-086-0287,86,VS2017>LS2019,1:1,0.6
VS2017-086-0288,LS2019-086-0288,86,VS2017>LS2019,1:1,0.6
VS2017-086-0289,LS2019-086-0289,86,VS2017>LS2019,1:1,0.85
VS2017-086-0290,LS2019-086-0290,86,VS2017>LS2019,1:1,0.85
VS2017-086-0291,LS2019-086-0291,86,VS2017>LS2019,1:1,0.85
VS2017-086-0292,LS2019-086-0292,86,VS2017>LS2019,1:1,0.95
VS2017-086-0293,LS2019-086-0293,86,VS2017>LS2019,1:1,0.85
VS2017-086-0294,LS2019-086-0294,86,VS2017>LS2019,1:1,0.85
VS2017-086-0295,LS2019-086-0295,86,VS2017>LS2019,1:1,0.85
VS2017-086-0296,LS2019-086-0296,86,VS2017>LS2019,1:1,0.85
VS2017-086-0297,LS2019-086-0297,86,VS2017>LS2019,1:1,0.95
VS2017-086-0298,LS2019-086-0298,86,VS2017>LS2019,1:1,0.95
VS2017-086-0299,LS2019-086-0299,86,VS2017>LS2019,1:1,0.95
VS2017-086-0300,LS2019-086-0300,86,VS2017>LS2019,1:1,0.85
VS2017-086-0301,LS2019-086-0301,86,VS2017>LS2019,1:1,0.85
VS2017-086-0302,LS2019-086-0302,86,VS2017>LS2019,1:1,0.85
VS2017-086-0303,LS2019-086-0303,86,VS2017>LS2019,1:1,0.85
VS2017-086-0304,LS2019-086-0304,86,VS2017>LS2019,1:1,0.85
VS2017-086-0305,LS2019-086-0305,86,VS2017>LS2019,1:1,0.95
VS2017-086-0306,LS2019-086-0306,86,VS2017>LS2019,1:1,0.85
VS2017-086-0307,LS2019-086-0307,86,VS2017>LS2019,1:1,0.85
VS2017-086-0308,LS2019-086-0308,86,VS2017>LS2019,1:1,0.85
VS2017-086-0309,LS2019-086-0309,86,VS2017>LS2019,1:1,0.85
VS2017-086-0310,LS2019-086-0310,86,VS2017>LS2019,1:1,0.85
VS2017-086-0311,LS2019-086-0311,86,VS2017>LS2019,1:1,0.85
VS2017-086-0312,LS2019-086-0312,86,VS2017>LS2019,1:1,0.95
VS2017-086-0313,LS2019-086-0313,86,VS2017>LS2019,1:1,0.95
VS2017-086-0314,LS2019-086-0314,86,VS2017>LS2019,1:1,0.95
VS2017-086-0315,LS2019-086-0315,86,VS2017>LS2019,1:1,0.95
VS2017-086-0316,LS2019-086-0316,86,VS2017>LS2019,1:1,0.85
VS2017-086-0317,LS2019-086-0317,86,VS2017>LS2019,1:1,0.95
VS2017-086-0318,LS2019-086-0318,86,VS2017>LS2019,1:1,0.85
VS2017-086-0319,LS2019-086-0319,86,VS2017>LS2019,1:1,0.85
VS2017-086-0320,LS2019-086-0320,86,VS2017>LS2019,1:1,0.85
VS2017-086-0321,LS2019-086-0321,86,VS2017>LS2019,1:1,0.95
VS2017-086-0322,LS2019-086-0322,86,VS2017>LS2019,1:1,0.95
VS2017-086-0323,LS2019-086-0323,86,VS2017>LS2019,1:1,0.85
VS2017-086-0324,LS2019-086-0324,86,VS2017>LS2019,1:1,0.85
VS2017-086-0325,LS2019-086-0325,86,VS2017>LS2019,1:1,0.85
VS2017-086-0326,LS2019-086-0326,86,VS2017>LS2019,1:1,0.95
VS2017-086-0327,LS2019-086-0327,86,VS2017>LS2019,1:1,0.95
VS2017-086-0328,LS2019-086-0328,86,VS2017>LS2019,1:1,0.95
VS2017-086-0329,LS2019-086-0329,86,VS2017>LS2019,1:1,0.85
VS2017-086-0330,LS2019-086-0330,86,VS2017>LS2019,1:1,0.85
VS2017-086-0331,LS2019-086-0331,86,VS2017>LS2019,1:1,0.6
VS2017-086-0332,LS2019-086-0332,86,VS2017>LS2019,1:1,0.6
VS2017-086-0333,LS2019-086-0333,86,VS2017>LS2019,1:1,0.6
VS2017-086-0334,LS2019-086-0334,86,VS2017>LS2019,1:1,0.85
VS2017-086-0335,LS2019-086-0335,86,VS2017>LS2019,1:1,0.85
VS2017-086-0336,LS2019-086-0336,86,VS2017>LS2019,1:1,0.95
VS2017-086-0337,LS2019-086-0337,86,VS2017>LS2019,1:1,0.95
VS2017-086-0338,LS2019-086-0338,86,VS2017>LS2019,1:1,0.85
VS2017-086-0339,LS2019-086-0339,86,VS2017>LS2019,1:1,0.95
VS2017-086-0340,LS2019-086-0340,86,VS2017>LS2019,1:1,0.85
VS2017-086-0341,LS2019-086-0341,86,VS2017>LS2019,1:1,0.95
VS2017-086-0342,LS2019-086-0342,86,VS2017>LS2019,1:1,0.95
VS2017-086-0343,LS2019-086-0343,86,VS2017>LS2019,1:1,0.85
VS2017-086-0344,LS2019-086-0344,86,VS2017>LS2019,1:1,0.95
VS2017-086-0345,LS2019-086-0345,86,VS2017>LS2019,1:1,0.85
VS2017-086-0346,LS2019-086-0346,86,VS2017>LS2019,1:1,0.85
VS2017-086-0347,LS2019-086-0347,86,VS2017>LS2019,1:1,0.85
VS2017-086-0348,LS2019-086-0348,86,VS2017>LS2019,1:1,0.85
VS2017-086-0349,LS2019-086-0349,86,VS2017>LS2019,1:1,0.85
VS2017-086-0350,LS2019-086-0350,86,VS2017>LS2019,1:1,0.95
VS2017-086-0351,LS2019-086-0351,86,VS2017>LS2019,1:1,0.85
VS2017-086-0352,LS2019-086-0352,86,VS2017>LS2019,1:1,0.6
VS2017-086-0353,LS2019-086-0353,86,VS2017>LS2019,1:1,0.85
VS2017-086-0354,LS2019-086-0354,86,VS2017>LS2019,1:1,0.6
VS2017-086-0355,LS2019-086-0355,86,VS2017>LS2019,1:1,0.85
VS2017-086-0356,LS2019-086-0356,86,VS2017>LS2019,1:1,0.95
VS2017-086-0357,LS2019-086-0357,86,VS2017>LS2019,1:1,0.95
VS2017-086-0358,LS2019-086-0358,86,VS2017>LS2019,1:1,0.85
VS2017-086-0359,LS2019-086-0359,86,VS2017>LS2019,1:1,0.95
VS2017-086-0360,LS2019-086-0360,86,VS2017>LS2019,1:1,0.85
VS2017-086-0361,LS2019-086-0361,86,VS2017>LS2019,1:1,0.85
VS2017-086-0362,LS2019-086-0362,86,VS2017>LS2019,1:1,0.85
VS2017-086-0363,LS2019-086-0363,86,VS2017>LS2019,1:1,0.85
VS2017-086-0364,LS2019-086-0364,86,VS2017>LS2019,1:1,0.85
VS2017-086-0365,LS2019-086-0365,86,VS2017>LS2019,1:1,0.95
VS2017-086-0366,LS2019-086-0366,86,VS2017>LS2019,1:1,0.85
VS2017-086-0367,LS2019-086-0367,86,VS2017>LS2019,1:1,0.95
VS2017-086-0368,LS2019-086-0368,86,VS2017>LS2019,1:1,0.95
VS2017-086-0369,LS2019-086-0369,86,VS2017>LS2019,1:1,0.85
VS2017-086-0370,LS2019-086-0370,86,VS2017>LS2019,1:1,0.85
VS2017-086-0371,LS2019-086-0371,86,VS2017>LS2019,1:1,0.85
VS2017-086-0372,LS2019-086-0372,86,VS2017>LS2019,1:1,0.6
VS2017-086-0373,LS2019-086-0373,86,VS2017>LS2019,1:1,0.85
VS2017-086-0374,LS2019-086-0374,86,VS2017>LS2019,1:1,0.85
VS2017-086-0375,LS2019-086-0375,86,VS2017>LS2019,1:1,0.85
VS2017-086-0376,LS2019-086-0376,86,VS2017>LS2019,1:1,0.85
VS2017-086-0377,LS2019-086-0377,86,VS2017>LS2019,1:1,0.85
VS2017-086-0378,LS2019-086-0378,86,VS2017>LS2019,1:1,0.85
VS2017-086-0379,LS2019-086-0379,86,VS2017>LS2019,1:1,0.85
VS2017-086-0380,LS2019-086-0380,86,VS2017>LS2019,1:1,0.6
VS2017-086-0381,LS2019-086-0381,86,VS2017>LS2019,1:1,0.6
VS2017-086-0382,LS2019-086-0382,86,VS2017>LS2019,1:1,0.85
VS2017-086-0383,LS2019-086-0383,86,VS2017>LS2019,1:1,0.85
VS2017-086-0384,LS2019-086-0384,86,VS2017>LS2019,1:1,0.95
VS2017-086-0385,LS2019-086-0385,86,VS2017>LS2019,1:1,0.95
VS2017-086-0386,LS2019-086-0386,86,VS2017>LS2019,1:1,0.95
VS2017-086-0387,LS2019-086-0387,86,VS2017>LS2019,1:1,0.85
VS2017-086-0388,LS2019-086-0388,86,VS2017>LS2019,1:1,0.95
VS2017-086-0389,LS2019-086-0389,86,VS2017>LS2019,1:1,0.95
VS2017-086-0390,LS2019-086-0390,86,VS2017>LS2019,1:1,0.85
VS2017-086-0391,LS2019-086-0391,86,VS2017>LS2019,1:1,0.95
VS2017-086-0392,LS2019-086-0392,86,VS2017>LS2019,1:1,0.95
VS2017-086-0393,LS2019-086-0393,86,VS2017>LS2019,1:1,0.85
VS2017-086-0394,LS2019-086-0394,86,VS2017>LS2019,1:1,0.6
VS2017-086-0395,LS2019-086-0395,86,VS2017>LS2019,1:1,0.6
VS2017-086-0396,LS2019-086-0396,86,VS2017>LS2019,1:1,0.6
VS2017-086-0397,LS2019-086-0397,86,VS2017>LS2019,1:1,0.95
VS2017-086-0398,LS2019-086-0398,86,VS2017>LS2019,1:1,0.85
VS2017-086-0399,LS2019-086-0399,86,VS2017>LS2019,1:1,0.85
VS2017-086-0400,LS2019-086-0400,86,VS2017>LS2019,1:1,0.85
VS2017-086-0401,LS2019-086-0401,86,VS2017>LS2019,1:1,0.95
VS2017-086-0402,LS2019-086-0402,86,VS2017>LS2019,1:1,0.85
VS2017-086-0403,LS2019-086-0403,86,VS2017>LS2019,1:1,0.95
VS2017-086-0404,LS2019-086-0404,86,VS2017>LS2019,1:1,0.85
VS2017-086-0405,LS2019-086-0405,86,VS2017>LS2019,1:1,0.85
VS2017-086-0406,LS2019-086-0406,86,VS2017>LS2019,1:1,0.85
VS2017-086-0407,LS2019-086-0407,86,VS2017>LS2019,1:1,0.95
VS2017-086-0408,LS2019-086-0408,86,VS2017>LS2019,1:1,0.85
VS2017-086-0409,LS2019-086-0409,86,VS2017>LS2019,1:1,0.85
VS2017-086-0410,LS2019-086-0410,86,VS2017>LS2019,1:1,0.95
VS2017-086-0411,LS2019-086-0411,86,VS2017>LS2019,1:1,0.95
VS2017-086-0412,LS2019-086-0412,86,VS2017>LS2019,1:1,0.85
VS2017-086-0413,LS2019-086-0413,86,VS2017>LS2019,1:1,0.85
VS2017-086-0414,LS2019-086-0414,86,VS2017>LS2019,1:1,0.95
VS2017-086-0415,LS2019-086-0415,86,VS2017>LS2019,1:1,0.85
VS2017-086-0416,LS2019-086-0416,86,VS2017>LS2019,1:1,0.85
,LS2019-086-0417,86,VS2017>LS2019,new,0.0
,LS2019-086-0418,86,VS2017>LS2019,new,0.0
,LS2019-086-0419,86,VS2017>LS2019,new,0.0
,LS2019-086-0420,86,VS2017>LS2019,new,0.0
,LS2019-086-0421,86,VS2017>LS2019,new,0.0
,LS2019-086-0422,86,VS2017>LS2019,new,0.0
,LS2019-086-0423,86,VS2017>LS2019,new,0.0
,LS2019-086-0424,86,VS2017>LS2019,new,0.0
,LS2019-086-0425,86,VS2017>LS2019,new,0.0
,LS2019-086-0426,86,VS2017>LS2019,new,0.0
,LS2019-086-0427,86,VS2017>LS2019,new,0.0
,LS2019-086-0428,86,VS2017>LS2019,new,0.0
,LS2019-086-0429,86,VS2017>LS2019,new,0.0
,LS2019-086-0430,86,VS2017>LS2019,new,0.0
,LS2019-086-0431,86,VS2017>LS2019,new,0.0
,LS2019-086-0432,86,VS2017>LS2019,new,0.0
,LS2019-086-0433,86,VS2017>LS2019,new,0.0
,LS2019-086-0434,86,VS2017>LS2019,new,0.0
,LS2019-086-0435,86,VS2017>LS2019,new,0.0
,LS2019-086-0436,86,VS2017>LS2019,new,0.0
,LS2019-086-0437,86,VS2017>LS2019,new,0.0
,LS2019-086-0438,86,VS2017>LS2019,new,0.0
,LS2019-086-0439,86,VS2017>LS2019,new,0.0
,LS2019-086-0440,86,VS2017>LS2019,new,0.0
,LS2019-086-0441,86,VS2017>LS2019,new,0.0
,LS2019-086-0442,86,VS2017>LS2019,new,0.0
,LS2019-086-0443,86,VS2017>LS2019,new,0.0
,LS2019-086-0444,86,VS2017>LS2019,new,0.0
,LS2019-086-0445,86,VS2017>LS2019,new,0.0
,LS2019-086-0446,86,VS2017>LS2019,new,0.0
,LS2019-086-0447,86,VS2017>LS2019,new,0.0
,LS2019-086-0448,86,VS2017>LS2019,new,0.0
,LS2019-086-0449,86,VS2017>LS2019,new,0.0
,LS2019-086-0450,86,VS2017>LS2019,new,0.0
,LS2019-086-0451,86,VS2017>LS2019,new,0.0
,LS2019-086-0452,86,VS2017>LS2019,new,0.0
,LS2019-086-0453,86,VS2017>LS2019,new,0.0
,LS2019-086-0454,86,VS2017>LS2019,new,0.0
,LS2019-086-0455,86,VS2017>LS2019,new,0.0
,LS2019-086-0456,86,VS2017>LS2019,new,0.0
,LS2019-086-0457,86,VS2017>LS2019,new,0.0
,LS2019-086-0458,86,VS2017>LS2019,new,0.0
,LS2019-086-0459,86,VS2017>LS2019,new,0.0
,LS2019-086-0460,86,VS2017>LS2019,new,0.0
,LS2019-086-0461,86,VS2017>LS2019,new,0.0
,LS2019-086-0462,86,VS2017>LS2019,new,0.0
,LS2019-086-0463,86,VS2017>LS2019,new,0.0
,LS2019-086-0464,86,VS2017>LS2019,new,0.0
,LS2019-086-0465,86,VS2017>LS2019,new,0.0
,LS2019-086-0466,86,VS2017>LS2019,new,0.0
,LS2019-086-0467,86,VS2017>LS2019,new,0.0
,LS2019-086-0468,86,VS2017>LS2019,new,0.0
,LS2019-086-0469,86,VS2017>LS2019,new,0.0
,LS2019-086-0470,86,VS2017>LS2019,new,0.0
,LS2019-086-0471,86,VS2017>LS2019,new,0.0
,LS2019-086-0472,86,VS2017>LS2019,new,0.0
VS2017-087-0001,LS2019-087-0001,87,VS2017>LS2019,1:1,0.95
VS2017-087-0002,LS2019-087-0002,87,VS2017>LS2019,1:1,0.95
VS2017-087-0003,LS2019-087-0003,87,VS2017>LS2019,1:1,0.95
VS2017-087-0004,LS2019-087-0004,87,VS2017>LS2019,1:1,0.95
VS2017-087-0005,LS2019-087-0005,87,VS2017>LS2019,1:1,0.95
VS2017-087-0006,LS2019-087-0006,87,VS2017>LS2019,1:1,0.95
VS2017-087-0007,LS2019-087-0007,87,VS2017>LS2019,1:1,0.95
VS2017-087-0008,LS2019-087-0008,87,VS2017>LS2019,1:1,0.95
VS2017-087-0009,LS2019-087-0009,87,VS2017>LS2019,1:1,0.6
VS2017-087-0010,LS2019-087-0010,87,VS2017>LS2019,1:1,0.95
VS2017-087-0011,LS2019-087-0011,87,VS2017>LS2019,1:1,0.6
VS2017-087-0012,LS2019-087-0012,87,VS2017>LS2019,1:1,0.95
VS2017-087-0013,LS2019-087-0013,87,VS2017>LS2019,1:1,0.95
VS2017-087-0014,LS2019-087-0014,87,VS2017>LS2019,1:1,0.85
VS2017-087-0015,LS2019-087-0015,87,VS2017>LS2019,1:1,0.95
VS2017-087-0016,LS2019-087-0016,87,VS2017>LS2019,1:1,0.95
VS2017-087-0017,LS2019-087-0017,87,VS2017>LS2019,1:1,0.95
VS2017-087-0018,LS2019-087-0018,87,VS2017>LS2019,1:1,0.85
VS2017-087-0019,LS2019-087-0019,87,VS2017>LS2019,1:1,0.95
VS2017-087-0020,LS2019-087-0020,87,VS2017>LS2019,1:1,0.95
VS2017-087-0021,LS2019-087-0021,87,VS2017>LS2019,1:1,0.95
VS2017-087-0022,LS2019-087-0022,87,VS2017>LS2019,1:1,0.95
VS2017-087-0023,LS2019-087-0023,87,VS2017>LS2019,1:1,0.95
VS2017-087-0024,LS2019-087-0024,87,VS2017>LS2019,1:1,0.95
VS2017-087-0025,LS2019-087-0025,87,VS2017>LS2019,1:1,0.95
VS2017-087-0026,LS2019-087-0026,87,VS2017>LS2019,1:1,0.85
VS2017-087-0027,LS2019-087-0027,87,VS2017>LS2019,1:1,0.85
VS2017-087-0028,LS2019-087-0028,87,VS2017>LS2019,1:1,0.95
VS2017-087-0029,LS2019-087-0029,87,VS2017>LS2019,1:1,0.95
VS2017-087-0030,LS2019-087-0030,87,VS2017>LS2019,1:1,0.95
VS2017-087-0031,LS2019-087-0031,87,VS2017>LS2019,1:1,0.6
VS2017-087-0032,LS2019-087-0032,87,VS2017>LS2019,1:1,0.95
VS2017-087-0033,LS2019-087-0033,87,VS2017>LS2019,1:1,0.95
VS2017-087-0034,LS2019-087-0034,87,VS2017>LS2019,1:1,0.95
VS2017-087-0035,LS2019-087-0035,87,VS2017>LS2019,1:1,0.95
VS2017-087-0036,LS2019-087-0036,87,VS2017>LS2019,1:1,0.95
VS2017-087-0037,LS2019-087-0037,87,VS2017>LS2019,1:1,0.95
VS2017-087-0038,LS2019-087-0038,87,VS2017>LS2019,1:1,0.85
VS2017-087-0039,LS2019-087-0039,87,VS2017>LS2019,1:1,0.85
VS2017-087-0040,LS2019-087-0040,87,VS2017>LS2019,1:1,0.95
VS2017-087-0041,LS2019-087-0041,87,VS2017>LS2019,1:1,0.85
VS2017-087-0042,LS2019-087-0042,87,VS2017>LS2019,1:1,0.85
VS2017-087-0043,LS2019-087-0043,87,VS2017>LS2019,1:1,0.85
VS2017-087-0044,LS2019-087-0044,87,VS2017>LS2019,1:1,0.85
VS2017-087-0045,LS2019-087-0045,87,VS2017>LS2019,1:1,0.85
VS2017-087-0046,LS2019-087-0046,87,VS2017>LS2019,1:1,0.95
VS2017-087-0047,LS2019-087-0047,87,VS2017>LS2019,1:1,0.95
VS2017-087-0048,LS2019-087-0048,87,VS2017>LS2019,1:1,0.95
VS2017-087-0049,LS2019-087-0049,87,VS2017>LS2019,1:1,0.95
VS2017-087-0050,LS2019-087-0050,87,VS2017>LS2019,1:1,0.95
VS2017-087-0051,LS2019-087-0051,87,VS2017>LS2019,1:1,0.95
VS2017-087-0052,LS2019-087-0052,87,VS2017>LS2019,1:1,0.95
VS2017-087-0053,LS2019-087-0053,87,VS2017>LS2019,1:1,0.85
VS2017-087-0054,LS2019-087-0054,87,VS2017>LS2019,1:1,0.85
VS2017-087-0055,LS2019-087-0055,87,VS2017>LS2019,1:1,0.85
VS2017-087-0056,LS2019-087-0056,87,VS2017>LS2019,1:1,0.85
VS2017-087-0057,LS2019-087-0057,87,VS2017>LS2019,1:1,0.95
VS2017-087-0058,LS2019-087-0058,87,VS2017>LS2019,1:1,0.85
VS2017-087-0059,LS2019-087-0059,87,VS2017>LS2019,1:1,0.85
VS2017-087-0060,LS2019-087-0060,87,VS2017>LS2019,1:1,0.85
VS2017-087-0061,LS2019-087-0061,87,VS2017>LS2019,1:1,0.85
VS2017-087-0062,LS2019-087-0062,87,VS2017>LS2019,1:1,0.85
VS2017-087-0063,LS2019-087-0063,87,VS2017>LS2019,1:1,0.85
VS2017-087-0064,LS2019-087-0064,87,VS2017>LS2019,1:1,0.95
VS2017-087-0065,LS2019-087-0065,87,VS2017>LS2019,1:1,0.95
VS2017-087-0066,LS2019-087-0066,87,VS2017>LS2019,1:1,0.85
VS2017-087-0067,LS2019-087-0067,87,VS2017>LS2019,1:1,0.85
VS2017-087-0068,LS2019-087-0068,87,VS2017>LS2019,1:1,0.85
VS2017-087-0069,LS2019-087-0069,87,VS2017>LS2019,1:1,0.85
VS2017-087-0070,LS2019-087-0070,87,VS2017>LS2019,1:1,0.85
VS2017-087-0071,LS2019-087-0071,87,VS2017>LS2019,1:1,0.95
VS2017-087-0072,LS2019-087-0072,87,VS2017>LS2019,1:1,0.85
VS2017-087-0073,LS2019-087-0073,87,VS2017>LS2019,1:1,0.85
VS2017-087-0074,LS2019-087-0074,87,VS2017>LS2019,1:1,0.85
VS2017-087-0075,LS2019-087-0075,87,VS2017>LS2019,1:1,0.85
VS2017-087-0076,LS2019-087-0076,87,VS2017>LS2019,1:1,0.85
VS2017-087-0077,LS2019-087-0077,87,VS2017>LS2019,1:1,0.95
VS2017-087-0078,LS2019-087-0078,87,VS2017>LS2019,1:1,0.85
VS2017-087-0079,LS2019-087-0079,87,VS2017>LS2019,1:1,0.85
VS2017-087-0080,LS2019-087-0080,87,VS2017>LS2019,1:1,0.85
VS2017-087-0081,LS2019-087-0081,87,VS2017>LS2019,1:1,0.85
VS2017-087-0082,LS2019-087-0082,87,VS2017>LS2019,1:1,0.85
VS2017-087-0083,LS2019-087-0083,87,VS2017>LS2019,1:1,0.85
VS2017-087-0084,LS2019-087-0084,87,VS2017>LS2019,1:1,0.6
VS2017-087-0085,LS2019-087-0085,87,VS2017>LS2019,1:1,0.6
VS2017-087-0086,LS2019-087-0086,87,VS2017>LS2019,1:1,0.6
VS2017-087-0087,LS2019-087-0087,87,VS2017>LS2019,1:1,0.6
VS2017-087-0088,LS2019-087-0088,87,VS2017>LS2019,1:1,0.6
VS2017-087-0089,LS2019-087-0089,87,VS2017>LS2019,1:1,0.6
VS2017-087-0090,LS2019-087-0090,87,VS2017>LS2019,1:1,0.85
VS2017-087-0091,LS2019-087-0091,87,VS2017>LS2019,1:1,0.85
VS2017-087-0092,LS2019-087-0092,87,VS2017>LS2019,1:1,0.85
VS2017-087-0093,LS2019-087-0093,87,VS2017>LS2019,1:1,0.85
VS2017-087-0094,LS2019-087-0094,87,VS2017>LS2019,1:1,0.6
VS2017-087-0095,LS2019-087-0095,87,VS2017>LS2019,1:1,0.6
VS2017-087-0096,LS2019-087-0096,87,VS2017>LS2019,1:1,0.6
VS2017-087-0097,LS2019-087-0097,87,VS2017>LS2019,1:1,0.6
VS2017-087-0098,LS2019-087-0098,87,VS2017>LS2019,1:1,0.95
VS2017-087-0099,LS2019-087-0099,87,VS2017>LS2019,1:1,0.95
VS2017-087-0100,LS2019-087-0100,87,VS2017>LS2019,1:1,0.95
VS2017-087-0101,LS2019-087-0101,87,VS2017>LS2019,1:1,0.95
VS2017-087-0102,LS2019-087-0102,87,VS2017>LS2019,1:1,0.85
VS2017-087-0103,LS2019-087-0103,87,VS2017>LS2019,1:1,0.6
VS2017-087-0104,LS2019-087-0104,87,VS2017>LS2019,1:1,0.85
VS2017-087-0105,LS2019-087-0105,87,VS2017>LS2019,1:1,0.85
VS2017-087-0106,LS2019-087-0106,87,VS2017>LS2019,1:1,0.85
VS2017-087-0107,LS2019-087-0107,87,VS2017>LS2019,1:1,0.85
VS2017-087-0108,LS2019-087-0108,87,VS2017>LS2019,1:1,0.85
VS2017-087-0109,LS2019-087-0109,87,VS2017>LS2019,1:1,0.6
VS2017-087-0110,LS2019-087-0110,87,VS2017>LS2019,1:1,0.6
VS2017-087-0111,LS2019-087-0111,87,VS2017>LS2019,1:1,0.85
VS2017-087-0112,LS2019-087-0112,87,VS2017>LS2019,1:1,0.85
VS2017-087-0113,LS2019-087-0113,87,VS2017>LS2019,1:1,0.6
VS2017-087-0114,LS2019-087-0114,87,VS2017>LS2019,1:1,0.85
VS2017-087-0115,LS2019-087-0115,87,VS2017>LS2019,1:1,0.85
VS2017-087-0116,LS2019-087-0116,87,VS2017>LS2019,1:1,0.85
VS2017-087-0117,LS2019-087-0117,87,VS2017>LS2019,1:1,0.85
VS2017-087-0118,LS2019-087-0118,87,VS2017>LS2019,1:1,0.85
VS2017-087-0119,LS2019-087-0119,87,VS2017>LS2019,1:1,0.6
VS2017-087-0120,LS2019-087-0120,87,VS2017>LS2019,1:1,0.6
VS2017-087-0121,LS2019-087-0121,87,VS2017>LS2019,1:1,0.85
VS2017-087-0122,LS2019-087-0122,87,VS2017>LS2019,1:1,0.85
VS2017-087-0123,LS2019-087-0123,87,VS2017>LS2019,1:1,0.85
VS2017-087-0124,LS2019-087-0124,87,VS2017>LS2019,1:1,0.85
VS2017-087-0125,LS2019-087-0125,87,VS2017>LS2019,1:1,0.85
VS2017-087-0126,LS2019-087-0126,87,VS2017>LS2019,1:1,0.85
VS2017-087-0127,LS2019-087-0127,87,VS2017>LS2019,1:1,0.85
VS2017-087-0128,LS2019-087-0128,87,VS2017>LS2019,1:1,0.85
VS2017-087-0129,LS2019-087-0129,87,VS2017>LS2019,1:1,0.85
VS2017-087-0130,LS2019-087-0130,87,VS2017>LS2019,1:1,0.85
VS2017-087-0131,LS2019-087-0131,87,VS2017>LS2019,1:1,0.85
VS2017-087-0132,LS2019-087-0132,87,VS2017>LS2019,1:1,0.85
VS2017-087-0133,LS2019-087-0133,87,VS2017>LS2019,1:1,0.6
VS2017-087-0134,LS2019-087-0134,87,VS2017>LS2019,1:1,0.6
VS2017-087-0135,LS2019-087-0135,87,VS2017>LS2019,1:1,0.6
VS2017-087-0136,LS2019-087-0136,87,VS2017>LS2019,1:1,0.6
VS2017-087-0137,LS2019-087-0137,87,VS2017>LS2019,1:1,0.6
VS2017-087-0138,LS2019-087-0138,87,VS2017>LS2019,1:1,0.85
VS2017-087-0139,LS2019-087-0139,87,VS2017>LS2019,1:1,0.85
VS2017-087-0140,LS2019-087-0140,87,VS2017>LS2019,1:1,0.85
VS2017-087-0141,LS2019-087-0141,87,VS2017>LS2019,1:1,0.85
VS2017-087-0142,LS2019-087-0142,87,VS2017>LS2019,1:1,0.85
VS2017-087-0143,LS2019-087-0143,87,VS2017>LS2019,1:1,0.85
VS2017-087-0144,LS2019-087-0144,87,VS2017>LS2019,1:1,0.85
VS2017-087-0145,LS2019-087-0145,87,VS2017>LS2019,1:1,0.85
VS2017-087-0146,LS2019-087-0146,87,VS2017>LS2019,1:1,0.85
VS2017-087-0147,LS2019-087-0147,87,VS2017>LS2019,1:1,0.85
VS2017-087-0148,LS2019-087-0148,87,VS2017>LS2019,1:1,0.85
VS2017-087-0149,LS2019-087-0149,87,VS2017>LS2019,1:1,0.85
VS2017-087-0150,LS2019-087-0150,87,VS2017>LS2019,1:1,0.85
VS2017-087-0151,LS2019-087-0151,87,VS2017>LS2019,1:1,0.85
VS2017-087-0152,LS2019-087-0152,87,VS2017>LS2019,1:1,0.6
VS2017-087-0153,LS2019-087-0153,87,VS2017>LS2019,1:1,0.6
VS2017-087-0154,LS2019-087-0154,87,VS2017>LS2019,1:1,0.85
VS2017-087-0155,LS2019-087-0155,87,VS2017>LS2019,1:1,0.85
VS2017-087-0156,LS2019-087-0156,87,VS2017>LS2019,1:1,0.85
VS2017-087-0157,LS2019-087-0157,87,VS2017>LS2019,1:1,0.85
VS2017-087-0158,LS2019-087-0158,87,VS2017>LS2019,1:1,0.85
VS2017-087-0159,LS2019-087-0159,87,VS2017>LS2019,1:1,0.85
VS2017-087-0160,LS2019-087-0160,87,VS2017>LS2019,1:1,0.6
VS2017-087-0161,LS2019-087-0161,87,VS2017>LS2019,1:1,0.85
VS2017-087-0162,LS2019-087-0162,87,VS2017>LS2019,1:1,0.85
VS2017-087-0163,LS2019-087-0163,87,VS2017>LS2019,1:1,0.6
VS2017-087-0164,LS2019-087-0164,87,VS2017>LS2019,1:1,0.6
VS2017-087-0165,LS2019-087-0165,87,VS2017>LS2019,1:1,0.6
VS2017-087-0166,LS2019-087-0166,87,VS2017>LS2019,1:1,0.6
VS2017-087-0167,LS2019-087-0167,87,VS2017>LS2019,1:1,0.6
VS2017-087-0168,LS2019-087-0168,87,VS2017>LS2019,1:1,0.6
VS2017-087-0169,LS2019-087-0169,87,VS2017>LS2019,1:1,0.85
VS2017-087-0170,LS2019-087-0170,87,VS2017>LS2019,1:1,0.85
VS2017-087-0171,LS2019-087-0171,87,VS2017>LS2019,1:1,0.85
VS2017-087-0172,LS2019-087-0172,87,VS2017>LS2019,1:1,0.85
VS2017-087-0173,LS2019-087-0173,87,VS2017>LS2019,1:1,0.85
VS2017-087-0174,LS2019-087-0174,87,VS2017>LS2019,1:1,0.85
VS2017-087-0175,LS2019-087-0175,87,VS2017>LS2019,1:1,0.6
VS2017-087-0176,LS2019-087-0176,87,VS2017>LS2019,1:1,0.6
VS2017-087-0177,LS2019-087-0177,87,VS2017>LS2019,1:1,0.85
VS2017-087-0178,LS2019-087-0178,87,VS2017>LS2019,1:1,0.85
VS2017-087-0179,LS2019-087-0179,87,VS2017>LS2019,1:1,0.85
VS2017-087-0180,LS2019-087-0180,87,VS2017>LS2019,1:1,0.6
VS2017-087-0181,LS2019-087-0181,87,VS2017>LS2019,1:1,0.6
VS2017-087-0182,LS2019-087-0182,87,VS2017>LS2019,1:1,0.85
VS2017-087-0183,LS2019-087-0183,87,VS2017>LS2019,1:1,0.85
VS2017-087-0184,LS2019-087-0184,87,VS2017>LS2019,1:1,0.85
VS2017-087-0185,LS2019-087-0185,87,VS2017>LS2019,1:1,0.85
VS2017-087-0186,LS2019-087-0186,87,VS2017>LS2019,1:1,0.85
VS2017-087-0187,LS2019-087-0187,87,VS2017>LS2019,1:1,0.85
VS2017-087-0188,LS2019-087-0188,87,VS2017>LS2019,1:1,0.85
VS2017-087-0189,LS2019-087-0189,87,VS2017>LS2019,1:1,0.85
VS2017-087-0190,LS2019-087-0190,87,VS2017>LS2019,1:1,0.85
VS2017-087-0191,LS2019-087-0191,87,VS2017>LS2019,1:1,0.6
VS2017-087-0192,LS2019-087-0192,87,VS2017>LS2019,1:1,0.85
VS2017-087-0193,LS2019-087-0193,87,VS2017>LS2019,1:1,0.6
VS2017-087-0194,LS2019-087-0194,87,VS2017>LS2019,1:1,0.6
VS2017-087-0195,LS2019-087-0195,87,VS2017>LS2019,1:1,0.85
VS2017-087-0196,LS2019-087-0196,87,VS2017>LS2019,1:1,0.85
VS2017-087-0197,LS2019-087-0197,87,VS2017>LS2019,1:1,0.85
VS2017-087-0198,LS2019-087-0198,87,VS2017>LS2019,1:1,0.85
VS2017-087-0199,LS2019-087-0199,87,VS2017>LS2019,1:1,0.6
VS2017-087-0200,LS2019-087-0200,87,VS2017>LS2019,1:1,0.6
VS2017-087-0201,LS2019-087-0201,87,VS2017>LS2019,1:1,0.6
VS2017-087-0202,LS2019-087-0202,87,VS2017>LS2019,1:1,0.6
VS2017-087-0203,LS2019-087-0203,87,VS2017>LS2019,1:1,0.85
VS2017-087-0204,LS2019-087-0204,87,VS2017>LS2019,1:1,0.85
VS2017-087-0205,LS2019-087-0205,87,VS2017>LS2019,1:1,0.85
VS2017-087-0206,LS2019-087-0206,87,VS2017>LS2019,1:1,0.85
VS2017-087-0207,LS2019-087-0207,87,VS2017>LS2019,1:1,0.6
VS2017-087-0208,LS2019-087-0208,87,VS2017>LS2019,1:1,0.6
VS2017-087-0209,LS2019-087-0209,87,VS2017>LS2019,1:1,0.6
VS2017-087-0210,LS2019-087-0210,87,VS2017>LS2019,1:1,0.85
VS2017-087-0211,LS2019-087-0211,87,VS2017>LS2019,1:1,0.85
VS2017-087-0212,LS2019-087-0212,87,VS2017>LS2019,1:1,0.85
VS2017-087-0213,LS2019-087-0213,87,VS2017>LS2019,1:1,0.85
VS2017-087-0214,LS2019-087-0214,87,VS2017>LS2019,1:1,0.85
VS2017-087-0215,LS2019-087-0215,87,VS2017>LS2019,1:1,0.85
VS2017-087-0216,LS2019-087-0216,87,VS2017>LS2019,1:1,0.85
VS2017-087-0217,LS2019-087-0217,87,VS2017>LS2019,1:1,0.85
VS2017-087-0218,LS2019-087-0218,87,VS2017>LS2019,1:1,0.85
VS2017-087-0219,LS2019-087-0219,87,VS2017>LS2019,1:1,0.85
VS2017-087-0220,LS2019-087-0220,87,VS2017>LS2019,1:1,0.85
VS2017-087-0221,LS2019-087-0221,87,VS2017>LS2019,1:1,0.85
VS2017-087-0222,LS2019-087-0222,87,VS2017>LS2019,1:1,0.85
VS2017-087-0223,LS2019-087-0223,87,VS2017>LS2019,1:1,0.85
VS2017-087-0224,LS2019-087-0224,87,VS2017>LS2019,1:1,0.85
VS2017-087-0225,LS2019-087-0225,87,VS2017>LS2019,1:1,0.85
VS2017-087-0226,LS2019-087-0226,87,VS2017>LS2019,1:1,0.85
VS2017-087-0227,LS2019-087-0227,87,VS2017>LS2019,1:1,0.85
VS2017-087-0228,LS2019-087-0228,87,VS2017>LS2019,1:1,0.85
VS2017-087-0229,LS2019-087-0229,87,VS2017>LS2019,1:1,0.85
VS2017-087-0230,LS2019-087-0230,87,VS2017>LS2019,1:1,0.85
VS2017-087-0231,LS2019-087-0231,87,VS2017>LS2019,1:1,0.85
VS2017-087-0232,LS2019-087-0232,87,VS2017>LS2019,1:1,0.85
VS2017-087-0233,LS2019-087-0233,87,VS2017>LS2019,1:1,0.85
VS2017-087-0234,LS2019-087-0234,87,VS2017>LS2019,1:1,0.85
VS2017-087-0235,LS2019-087-0235,87,VS2017>LS2019,1:1,0.85
VS2017-087-0236,LS2019-087-0236,87,VS2017>LS2019,1:1,0.6
VS2017-087-0237,LS2019-087-0237,87,VS2017>LS2019,1:1,0.6
VS2017-087-0238,LS2019-087-0238,87,VS2017>LS2019,1:1,0.85
VS2017-087-0239,LS2019-087-0239,87,VS2017>LS2019,1:1,0.85
VS2017-087-0240,LS2019-087-0240,87,VS2017>LS2019,1:1,0.85
VS2017-087-0241,LS2019-087-0241,87,VS2017>LS2019,1:1,0.85
VS2017-087-0242,LS2019-087-0242,87,VS2017>LS2019,1:1,0.6
VS2017-087-0243,LS2019-087-0243,87,VS2017>LS2019,1:1,0.6
VS2017-087-0244,LS2019-087-0244,87,VS2017>LS2019,1:1,0.6
VS2017-087-0245,LS2019-087-0245,87,VS2017>LS2019,1:1,0.6
VS2017-087-0246,LS2019-087-0246,87,VS2017>LS2019,1:1,0.6
VS2017-087-0247,LS2019-087-0247,87,VS2017>LS2019,1:1,0.6
VS2017-087-0248,LS2019-087-0248,87,VS2017>LS2019,1:1,0.85
VS2017-087-0249,LS2019-087-0249,87,VS2017>LS2019,1:1,0.85
VS2017-087-0250,LS2019-087-0250,87,VS2017>LS2019,1:1,0.85
VS2017-087-0251,LS2019-087-0251,87,VS2017>LS2019,1:1,0.85
VS2017-087-0252,LS2019-087-0252,87,VS2017>LS2019,1:1,0.85
VS2017-087-0253,LS2019-087-0253,87,VS2017>LS2019,1:1,0.85
VS2017-087-0254,LS2019-087-0254,87,VS2017>LS2019,1:1,0.85
VS2017-087-0255,LS2019-087-0255,87,VS2017>LS2019,1:1,0.85
VS2017-087-0256,LS2019-087-0256,87,VS2017>LS2019,1:1,0.85
VS2017-087-0257,LS2019-087-0257,87,VS2017>LS2019,1:1,0.85
VS2017-087-0258,LS2019-087-0258,87,VS2017>LS2019,1:1,0.85
VS2017-087-0259,LS2019-087-0259,87,VS2017>LS2019,1:1,0.85
VS2017-087-0260,LS2019-087-0260,87,VS2017>LS2019,1:1,0.85
VS2017-087-0261,LS2019-087-0261,87,VS2017>LS2019,1:1,0.85
VS2017-087-0262,LS2019-087-0262,87,VS2017>LS2019,1:1,0.85
VS2017-087-0263,LS2019-087-0263,87,VS2017>LS2019,1:1,0.85
VS2017-087-0264,LS2019-087-0264,87,VS2017>LS2019,1:1,0.85
VS2017-087-0265,LS2019-087-0265,87,VS2017>LS2019,1:1,0.85
VS2017-087-0266,LS2019-087-0266,87,VS2017>LS2019,1:1,0.85
VS2017-087-0267,LS2019-087-0267,87,VS2017>LS2019,1:1,0.85
VS2017-087-0268,LS2019-087-0268,87,VS2017>LS2019,1:1,0.85
VS2017-087-0269,LS2019-087-0269,87,VS2017>LS2019,1:1,0.85
VS2017-087-0270,LS2019-087-0270,87,VS2017>LS2019,1:1,0.85
VS2017-087-0271,LS2019-087-0271,87,VS2017>LS2019,1:1,0.6
VS2017-087-0272,LS2019-087-0272,87,VS2017>LS2019,1:1,0.6
VS2017-087-0273,LS2019-087-0273,87,VS2017>LS2019,1:1,0.85
VS2017-087-0274,LS2019-087-0274,87,VS2017>LS2019,1:1,0.85
VS2017-087-0275,LS2019-087-0275,87,VS2017>LS2019,1:1,0.85
VS2017-087-0276,LS2019-087-0276,87,VS2017>LS2019,1:1,0.85
VS2017-087-0277,LS2019-087-0277,87,VS2017>LS2019,1:1,0.85
VS2017-087-0278,LS2019-087-0278,87,VS2017>LS2019,1:1,0.85
VS2017-087-0279,LS2019-087-0279,87,VS2017>LS2019,1:1,0.85
VS2017-087-0280,LS2019-087-0280,87,VS2017>LS2019,1:1,0.85
VS2017-087-0281,LS2019-087-0281,87,VS2017>LS2019,1:1,0.6
VS2017-087-0282,LS2019-087-0282,87,VS2017>LS2019,1:1,0.6
VS2017-087-0283,LS2019-087-0283,87,VS2017>LS2019,1:1,0.85
VS2017-087-0284,LS2019-087-0284,87,VS2017>LS2019,1:1,0.85
VS2017-087-0285,LS2019-087-0285,87,VS2017>LS2019,1:1,0.85
VS2017-087-0286,LS2019-087-0286,87,VS2017>LS2019,1:1,0.85
VS2017-087-0287,LS2019-087-0287,87,VS2017>LS2019,1:1,0.85
VS2017-087-0288,LS2019-087-0288,87,VS2017>LS2019,1:1,0.85
VS2017-087-0289,LS2019-087-0289,87,VS2017>LS2019,1:1,0.6
VS2017-087-0290,LS2019-087-0290,87,VS2017>LS2019,1:1,0.85
VS2017-087-0291,LS2019-087-0291,87,VS2017>LS2019,1:1,0.85
VS2017-087-0292,LS2019-087-0292,87,VS2017>LS2019,1:1,0.85
VS2017-087-0293,LS2019-087-0293,87,VS2017>LS2019,1:1,0.85
VS2017-087-0294,LS2019-087-0294,87,VS2017>LS2019,1:1,0.85
VS2017-087-0295,LS2019-087-0295,87,VS2017>LS2019,1:1,0.85
VS2017-087-0296,LS2019-087-0296,87,VS2017>LS2019,1:1,0.85
VS2017-087-0297,LS2019-087-0297,87,VS2017>LS2019,1:1,0.85
VS2017-087-0298,LS2019-087-0298,87,VS2017>LS2019,1:1,0.85
VS2017-087-0299,LS2019-087-0299,87,VS2017>LS2019,1:1,0.6
VS2017-087-0300,LS2019-087-0300,87,VS2017>LS2019,1:1,0.6
VS2017-087-0301,LS2019-087-0301,87,VS2017>LS2019,1:1,0.85
VS2017-087-0302,LS2019-087-0302,87,VS2017>LS2019,1:1,0.85
VS2017-087-0303,LS2019-087-0303,87,VS2017>LS2019,1:1,0.85
VS2017-087-0304,LS2019-087-0304,87,VS2017>LS2019,1:1,0.85
VS2017-087-0305,LS2019-087-0305,87,VS2017>LS2019,1:1,0.85
VS2017-087-0306,LS2019-087-0306,87,VS2017>LS2019,1:1,0.85
VS2017-087-0307,LS2019-087-0307,87,VS2017>LS2019,1:1,0.85
VS2017-087-0308,LS2019-087-0308,87,VS2017>LS2019,1:1,0.95
VS2017-087-0309,LS2019-087-0309,87,VS2017>LS2019,1:1,0.95
VS2017-087-0310,LS2019-087-0310,87,VS2017>LS2019,1:1,0.85
VS2017-087-0311,LS2019-087-0311,87,VS2017>LS2019,1:1,0.85
VS2017-087-0312,LS2019-087-0312,87,VS2017>LS2019,1:1,0.85
VS2017-087-0313,LS2019-087-0313,87,VS2017>LS2019,1:1,0.85
VS2017-087-0314,LS2019-087-0314,87,VS2017>LS2019,1:1,0.85
VS2017-087-0315,LS2019-087-0315,87,VS2017>LS2019,1:1,0.85
VS2017-087-0316,LS2019-087-0316,87,VS2017>LS2019,1:1,0.85
VS2017-087-0317,LS2019-087-0317,87,VS2017>LS2019,1:1,0.85
VS2017-087-0318,LS2019-087-0318,87,VS2017>LS2019,1:1,0.85
VS2017-087-0319,LS2019-087-0319,87,VS2017>LS2019,1:1,0.85
VS2017-087-0320,LS2019-087-0320,87,VS2017>LS2019,1:1,0.6
VS2017-087-0321,LS2019-087-0321,87,VS2017>LS2019,1:1,0.6
VS2017-087-0322,LS2019-087-0322,87,VS2017>LS2019,1:1,0.6
VS2017-087-0323,LS2019-087-0323,87,VS2017>LS2019,1:1,0.6
VS2017-087-0324,LS2019-087-0324,87,VS2017>LS2019,1:1,0.85
VS2017-087-0325,LS2019-087-0325,87,VS2017>LS2019,1:1,0.85
VS2017-087-0326,LS2019-087-0326,87,VS2017>LS2019,1:1,0.85
VS2017-087-0327,LS2019-087-0327,87,VS2017>LS2019,1:1,0.85
VS2017-087-0328,LS2019-087-0328,87,VS2017>LS2019,1:1,0.85
VS2017-087-0329,LS2019-087-0329,87,VS2017>LS2019,1:1,0.85
VS2017-087-0330,LS2019-087-0330,87,VS2017>LS2019,1:1,0.85
VS2017-087-0331,LS2019-087-0331,87,VS2017>LS2019,1:1,0.85
VS2017-087-0332,LS2019-087-0332,87,VS2017>LS2019,1:1,0.85
VS2017-087-0333,LS2019-087-0333,87,VS2017>LS2019,1:1,0.85
VS2017-087-0334,LS2019-087-0334,87,VS2017>LS2019,1:1,0.85
VS2017-087-0335,LS2019-087-0335,87,VS2017>LS2019,1:1,0.85
VS2017-087-0336,LS2019-087-0336,87,VS2017>LS2019,1:1,0.85
VS2017-087-0337,LS2019-087-0337,87,VS2017>LS2019,1:1,0.85
VS2017-087-0338,LS2019-087-0338,87,VS2017>LS2019,1:1,0.85
VS2017-087-0339,LS2019-087-0339,87,VS2017>LS2019,1:1,0.85
VS2017-087-0340,LS2019-087-0340,87,VS2017>LS2019,1:1,0.85
VS2017-087-0341,LS2019-087-0341,87,VS2017>LS2019,1:1,0.85
VS2017-087-0342,LS2019-087-0342,87,VS2017>LS2019,1:1,0.85
VS2017-087-0343,LS2019-087-0343,87,VS2017>LS2019,1:1,0.6
VS2017-087-0344,LS2019-087-0344,87,VS2017>LS2019,1:1,0.85
VS2017-087-0345,LS2019-087-0345,87,VS2017>LS2019,1:1,0.6
VS2017-087-0346,LS2019-087-0346,87,VS2017>LS2019,1:1,0.6
VS2017-087-0347,LS2019-087-0347,87,VS2017>LS2019,1:1,0.6
VS2017-087-0348,LS2019-087-0348,87,VS2017>LS2019,1:1,0.85
VS2017-087-0349,LS2019-087-0349,87,VS2017>LS2019,1:1,0.85
VS2017-087-0350,LS2019-087-0350,87,VS2017>LS2019,1:1,0.85
VS2017-087-0351,LS2019-087-0351,87,VS2017>LS2019,1:1,0.85
VS2017-087-0352,LS2019-087-0352,87,VS2017>LS2019,1:1,0.85
VS2017-087-0353,LS2019-087-0353,87,VS2017>LS2019,1:1,0.85
VS2017-087-0354,LS2019-087-0354,87,VS2017>LS2019,1:1,0.85
VS2017-087-0355,LS2019-087-0355,87,VS2017>LS2019,1:1,0.85
VS2017-087-0356,LS2019-087-0356,87,VS2017>LS2019,1:1,0.85
VS2017-087-0357,LS2019-087-0357,87,VS2017>LS2019,1:1,0.85
VS2017-087-0358,LS2019-087-0358,87,VS2017>LS2019,1:1,0.6
VS2017-087-0359,LS2019-087-0359,87,VS2017>LS2019,1:1,0.6
VS2017-087-0360,LS2019-087-0360,87,VS2017>LS2019,1:1,0.6
VS2017-087-0361,LS2019-087-0361,87,VS2017>LS2019,1:1,0.6
VS2017-087-0362,LS2019-087-0362,87,VS2017>LS2019,1:1,0.6
VS2017-087-0363,LS2019-087-0363,87,VS2017>LS2019,1:1,0.6
VS2017-087-0364,LS2019-087-0364,87,VS2017>LS2019,1:1,0.6
VS2017-087-0365,LS2019-087-0365,87,VS2017>LS2019,1:1,0.6
VS2017-087-0366,LS2019-087-0366,87,VS2017>LS2019,1:1,0.6
VS2017-087-0367,LS2019-087-0367,87,VS2017>LS2019,1:1,0.85
VS2017-087-0368,LS2019-087-0368,87,VS2017>LS2019,1:1,0.85
VS2017-087-0369,LS2019-087-0369,87,VS2017>LS2019,1:1,0.85
VS2017-087-0370,LS2019-087-0370,87,VS2017>LS2019,1:1,0.6
VS2017-087-0371,LS2019-087-0371,87,VS2017>LS2019,1:1,0.85
VS2017-087-0372,LS2019-087-0372,87,VS2017>LS2019,1:1,0.85
VS2017-087-0373,LS2019-087-0373,87,VS2017>LS2019,1:1,0.6
VS2017-087-0374,LS2019-087-0374,87,VS2017>LS2019,1:1,0.6
VS2017-087-0375,LS2019-087-0375,87,VS2017>LS2019,1:1,0.85
VS2017-087-0376,LS2019-087-0376,87,VS2017>LS2019,1:1,0.85
VS2017-087-0377,LS2019-087-0377,87,VS2017>LS2019,1:1,0.85
VS2017-087-0378,LS2019-087-0378,87,VS2017>LS2019,1:1,0.85
VS2017-087-0379,LS2019-087-0379,87,VS2017>LS2019,1:1,0.85
VS2017-087-0380,LS2019-087-0380,87,VS2017>LS2019,1:1,0.6
VS2017-087-0381,LS2019-087-0381,87,VS2017>LS2019,1:1,0.6
VS2017-087-0382,LS2019-087-0382,87,VS2017>LS2019,1:1,0.6
VS2017-087-0383,LS2019-087-0383,87,VS2017>LS2019,1:1,0.6
VS2017-087-0384,LS2019-087-0384,87,VS2017>LS2019,1:1,0.85
VS2017-087-0385,LS2019-087-0385,87,VS2017>LS2019,1:1,0.85
VS2017-087-0386,LS2019-087-0386,87,VS2017>LS2019,1:1,0.6
VS2017-087-0387,LS2019-087-0387,87,VS2017>LS2019,1:1,0.6
VS2017-087-0388,LS2019-087-0388,87,VS2017>LS2019,1:1,0.6
VS2017-087-0389,LS2019-087-0389,87,VS2017>LS2019,1:1,0.6
VS2017-087-0390,LS2019-087-0390,87,VS2017>LS2019,1:1,0.6
VS2017-087-0391,LS2019-087-0391,87,VS2017>LS2019,1:1,0.6
VS2017-087-0392,LS2019-087-0392,87,VS2017>LS2019,1:1,0.6
VS2017-087-0393,LS2019-087-0393,87,VS2017>LS2019,1:1,0.6
VS2017-087-0394,LS2019-087-0394,87,VS2017>LS2019,1:1,0.6
VS2017-087-0395,LS2019-087-0395,87,VS2017>LS2019,1:1,0.85
VS2017-087-0396,LS2019-087-0396,87,VS2017>LS2019,1:1,0.85
VS2017-087-0397,LS2019-087-0397,87,VS2017>LS2019,1:1,0.85
VS2017-087-0398,LS2019-087-0398,87,VS2017>LS2019,1:1,0.85
VS2017-087-0399,LS2019-087-0399,87,VS2017>LS2019,1:1,0.85
VS2017-087-0400,LS2019-087-0400,87,VS2017>LS2019,1:1,0.85
VS2017-087-0401,LS2019-087-0401,87,VS2017>LS2019,1:1,0.95
VS2017-087-0402,LS2019-087-0402,87,VS2017>LS2019,1:1,0.85
VS2017-087-0403,LS2019-087-0403,87,VS2017>LS2019,1:1,0.85
VS2017-087-0404,LS2019-087-0404,87,VS2017>LS2019,1:1,0.6
VS2017-087-0405,LS2019-087-0405,87,VS2017>LS2019,1:1,0.85
VS2017-087-0406,LS2019-087-0406,87,VS2017>LS2019,1:1,0.85
VS2017-087-0407,LS2019-087-0407,87,VS2017>LS2019,1:1,0.6
VS2017-087-0408,LS2019-087-0408,87,VS2017>LS2019,1:1,0.85
VS2017-087-0409,LS2019-087-0409,87,VS2017>LS2019,1:1,0.85
VS2017-087-0410,LS2019-087-0410,87,VS2017>LS2019,1:1,0.6
VS2017-087-0411,LS2019-087-0411,87,VS2017>LS2019,1:1,0.6
VS2017-087-0412,LS2019-087-0412,87,VS2017>LS2019,1:1,0.6
VS2017-087-0413,LS2019-087-0413,87,VS2017>LS2019,1:1,0.6
VS2017-087-0414,LS2019-087-0414,87,VS2017>LS2019,1:1,0.6
VS2017-087-0415,LS2019-087-0415,87,VS2017>LS2019,1:1,0.6
VS2017-087-0416,LS2019-087-0416,87,VS2017>LS2019,1:1,0.85
VS2017-087-0417,LS2019-087-0417,87,VS2017>LS2019,1:1,0.6
VS2017-087-0418,LS2019-087-0418,87,VS2017>LS2019,1:1,0.85
VS2017-087-0419,LS2019-087-0419,87,VS2017>LS2019,1:1,0.85
VS2017-087-0420,LS2019-087-0420,87,VS2017>LS2019,1:1,0.85
VS2017-087-0421,LS2019-087-0421,87,VS2017>LS2019,1:1,0.85
VS2017-087-0422,LS2019-087-0422,87,VS2017>LS2019,1:1,0.85
VS2017-087-0423,LS2019-087-0423,87,VS2017>LS2019,1:1,0.85
VS2017-087-0424,LS2019-087-0424,87,VS2017>LS2019,1:1,0.85
VS2017-087-0425,LS2019-087-0425,87,VS2017>LS2019,1:1,0.6
,LS2019-087-0426,87,VS2017>LS2019,new,0.0
,LS2019-087-0427,87,VS2017>LS2019,new,0.0
,LS2019-087-0428,87,VS2017>LS2019,new,0.0
,LS2019-087-0429,87,VS2017>LS2019,new,0.0
,LS2019-087-0430,87,VS2017>LS2019,new,0.0
,LS2019-087-0431,87,VS2017>LS2019,new,0.0
,LS2019-087-0432,87,VS2017>LS2019,new,0.0
,LS2019-087-0433,87,VS2017>LS2019,new,0.0
,LS2019-087-0434,87,VS2017>LS2019,new,0.0
,LS2019-087-0435,87,VS2017>LS2019,new,0.0
,LS2019-087-0436,87,VS2017>LS2019,new,0.0
,LS2019-087-0437,87,VS2017>LS2019,new,0.0
,LS2019-087-0438,87,VS2017>LS2019,new,0.0
,LS2019-087-0439,87,VS2017>LS2019,new,0.0
,LS2019-087-0440,87,VS2017>LS2019,new,0.0
,LS2019-087-0441,87,VS2017>LS2019,new,0.0
,LS2019-087-0442,87,VS2017>LS2019,new,0.0
,LS2019-087-0443,87,VS2017>LS2019,new,0.0
,LS2019-087-0444,87,VS2017>LS2019,new,0.0
,LS2019-087-0445,87,VS2017>LS2019,new,0.0
,LS2019-087-0446,87,VS2017>LS2019,new,0.0
,LS2019-087-0447,87,VS2017>LS2019,new,0.0
,LS2019-087-0448,87,VS2017>LS2019,new,0.0
,LS2019-087-0449,87,VS2017>LS2019,new,0.0
,LS2019-087-0450,87,VS2017>LS2019,new,0.0
,LS2019-087-0451,87,VS2017>LS2019,new,0.0
,LS2019-087-0452,87,VS2017>LS2019,new,0.0
,LS2019-087-0453,87,VS2017>LS2019,new,0.0
,LS2019-087-0454,87,VS2017>LS2019,new,0.0
,LS2019-087-0455,87,VS2017>LS2019,new,0.0
,LS2019-087-0456,87,VS2017>LS2019,new,0.0
,LS2019-087-0457,87,VS2017>LS2019,new,0.0
,LS2019-087-0458,87,VS2017>LS2019,new,0.0
,LS2019-087-0459,87,VS2017>LS2019,new,0.0
,LS2019-087-0460,87,VS2017>LS2019,new,0.0
,LS2019-087-0461,87,VS2017>LS2019,new,0.0
,LS2019-087-0462,87,VS2017>LS2019,new,0.0
,LS2019-087-0463,87,VS2017>LS2019,new,0.0
,LS2019-087-0464,87,VS2017>LS2019,new,0.0
,LS2019-087-0465,87,VS2017>LS2019,new,0.0
,LS2019-087-0466,87,VS2017>LS2019,new,0.0
,LS2019-087-0467,87,VS2017>LS2019,new,0.0
,LS2019-087-0468,87,VS2017>LS2019,new,0.0
,LS2019-087-0469,87,VS2017>LS2019,new,0.0
,LS2019-087-0470,87,VS2017>LS2019,new,0.0
,LS2019-087-0471,87,VS2017>LS2019,new,0.0
,LS2019-087-0472,87,VS2017>LS2019,new,0.0
,LS2019-087-0473,87,VS2017>LS2019,new,0.0
,LS2019-087-0474,87,VS2017>LS2019,new,0.0
,LS2019-087-0475,87,VS2017>LS2019,new,0.0
,LS2019-087-0476,87,VS2017>LS2019,new,0.0
,LS2019-087-0477,87,VS2017>LS2019,new,0.0
,LS2019-087-0478,87,VS2017>LS2019,new,0.0
,LS2019-087-0479,87,VS2017>LS2019,new,0.0
,LS2019-087-0480,87,VS2017>LS2019,new,0.0
VS2017-088-0001,LS2019-088-0001,88,VS2017>LS2019,1:1,0.95
VS2017-088-0002,LS2019-088-0002,88,VS2017>LS2019,1:1,0.95
VS2017-088-0003,LS2019-088-0003,88,VS2017>LS2019,1:1,0.95
VS2017-088-0004,LS2019-088-0004,88,VS2017>LS2019,1:1,0.95
VS2017-088-0005,LS2019-088-0005,88,VS2017>LS2019,1:1,0.95
VS2017-088-0006,LS2019-088-0006,88,VS2017>LS2019,1:1,0.95
VS2017-088-0007,LS2019-088-0007,88,VS2017>LS2019,1:1,0.95
VS2017-088-0008,LS2019-088-0008,88,VS2017>LS2019,1:1,0.95
VS2017-088-0009,LS2019-088-0009,88,VS2017>LS2019,1:1,0.95
VS2017-088-0010,LS2019-088-0010,88,VS2017>LS2019,1:1,0.85
VS2017-088-0011,LS2019-088-0011,88,VS2017>LS2019,1:1,0.85
VS2017-088-0012,LS2019-088-0012,88,VS2017>LS2019,1:1,0.85
VS2017-088-0013,LS2019-088-0013,88,VS2017>LS2019,1:1,0.85
VS2017-088-0014,LS2019-088-0014,88,VS2017>LS2019,1:1,0.85
VS2017-088-0015,LS2019-088-0015,88,VS2017>LS2019,1:1,0.95
VS2017-088-0016,LS2019-088-0016,88,VS2017>LS2019,1:1,0.95
VS2017-088-0017,LS2019-088-0017,88,VS2017>LS2019,1:1,0.95
VS2017-088-0018,LS2019-088-0018,88,VS2017>LS2019,1:1,0.95
VS2017-088-0019,LS2019-088-0019,88,VS2017>LS2019,1:1,0.95
VS2017-088-0020,LS2019-088-0020,88,VS2017>LS2019,1:1,0.95
VS2017-088-0021,LS2019-088-0021,88,VS2017>LS2019,1:1,0.95
VS2017-088-0022,LS2019-088-0022,88,VS2017>LS2019,1:1,0.95
VS2017-088-0023,LS2019-088-0023,88,VS2017>LS2019,1:1,0.95
VS2017-088-0024,LS2019-088-0024,88,VS2017>LS2019,1:1,0.85
VS2017-088-0025,LS2019-088-0025,88,VS2017>LS2019,1:1,0.85
VS2017-088-0026,LS2019-088-0026,88,VS2017>LS2019,1:1,0.95
VS2017-088-0027,LS2019-088-0027,88,VS2017>LS2019,1:1,0.85
VS2017-088-0028,LS2019-088-0028,88,VS2017>LS2019,1:1,0.85
VS2017-088-0029,LS2019-088-0029,88,VS2017>LS2019,1:1,0.85
VS2017-088-0030,LS2019-088-0030,88,VS2017>LS2019,1:1,0.85
VS2017-088-0031,LS2019-088-0031,88,VS2017>LS2019,1:1,0.85
VS2017-088-0032,LS2019-088-0032,88,VS2017>LS2019,1:1,0.85
VS2017-088-0033,LS2019-088-0033,88,VS2017>LS2019,1:1,0.85
VS2017-088-0034,LS2019-088-0034,88,VS2017>LS2019,1:1,0.85
VS2017-088-0035,LS2019-088-0035,88,VS2017>LS2019,1:1,0.95
VS2017-088-0036,LS2019-088-0036,88,VS2017>LS2019,1:1,0.95
VS2017-088-0037,LS2019-088-0037,88,VS2017>LS2019,1:1,0.95
VS2017-088-0038,LS2019-088-0038,88,VS2017>LS2019,1:1,0.95
VS2017-088-0039,LS2019-088-0039,88,VS2017>LS2019,1:1,0.95
VS2017-088-0040,LS2019-088-0040,88,VS2017>LS2019,1:1,0.95
VS2017-088-0041,LS2019-088-0041,88,VS2017>LS2019,1:1,0.95
VS2017-088-0042,LS2019-088-0042,88,VS2017>LS2019,1:1,0.85
VS2017-088-0043,LS2019-088-0043,88,VS2017>LS2019,1:1,0.85
VS2017-088-0044,LS2019-088-0044,88,VS2017>LS2019,1:1,0.85
VS2017-088-0045,LS2019-088-0045,88,VS2017>LS2019,1:1,0.85
VS2017-088-0046,LS2019-088-0046,88,VS2017>LS2019,1:1,0.85
VS2017-088-0047,LS2019-088-0047,88,VS2017>LS2019,1:1,0.85
VS2017-088-0048,LS2019-088-0048,88,VS2017>LS2019,1:1,0.85
VS2017-088-0049,LS2019-088-0049,88,VS2017>LS2019,1:1,0.85
VS2017-088-0050,LS2019-088-0050,88,VS2017>LS2019,1:1,0.85
VS2017-088-0051,LS2019-088-0051,88,VS2017>LS2019,1:1,0.85
VS2017-088-0052,LS2019-088-0052,88,VS2017>LS2019,1:1,0.85
VS2017-088-0053,LS2019-088-0053,88,VS2017>LS2019,1:1,0.6
VS2017-088-0054,LS2019-088-0054,88,VS2017>LS2019,1:1,0.6
VS2017-088-0055,LS2019-088-0055,88,VS2017>LS2019,1:1,0.6
VS2017-088-0056,LS2019-088-0056,88,VS2017>LS2019,1:1,0.6
VS2017-088-0057,LS2019-088-0057,88,VS2017>LS2019,1:1,0.6
VS2017-088-0058,LS2019-088-0058,88,VS2017>LS2019,1:1,0.6
VS2017-088-0059,LS2019-088-0059,88,VS2017>LS2019,1:1,0.6
VS2017-088-0060,LS2019-088-0060,88,VS2017>LS2019,1:1,0.85
VS2017-088-0061,LS2019-088-0061,88,VS2017>LS2019,1:1,0.85
VS2017-088-0062,LS2019-088-0062,88,VS2017>LS2019,1:1,0.85
VS2017-088-0063,LS2019-088-0063,88,VS2017>LS2019,1:1,0.6
VS2017-088-0064,LS2019-088-0064,88,VS2017>LS2019,1:1,0.6
VS2017-088-0065,LS2019-088-0065,88,VS2017>LS2019,1:1,0.85
VS2017-088-0066,LS2019-088-0066,88,VS2017>LS2019,1:1,0.85
VS2017-088-0067,LS2019-088-0067,88,VS2017>LS2019,1:1,0.85
VS2017-088-0068,LS2019-088-0068,88,VS2017>LS2019,1:1,0.85
VS2017-088-0069,LS2019-088-0069,88,VS2017>LS2019,1:1,0.85
VS2017-088-0070,LS2019-088-0070,88,VS2017>LS2019,1:1,0.85
VS2017-088-0071,LS2019-088-0071,88,VS2017>LS2019,1:1,0.85
VS2017-088-0072,LS2019-088-0072,88,VS2017>LS2019,1:1,0.85
VS2017-088-0073,LS2019-088-0073,88,VS2017>LS2019,1:1,0.85
VS2017-088-0074,LS2019-088-0074,88,VS2017>LS2019,1:1,0.85
VS2017-088-0075,LS2019-088-0075,88,VS2017>LS2019,1:1,0.85
VS2017-088-0076,LS2019-088-0076,88,VS2017>LS2019,1:1,0.85
VS2017-088-0077,LS2019-088-0077,88,VS2017>LS2019,1:1,0.85
VS2017-088-0078,LS2019-088-0078,88,VS2017>LS2019,1:1,0.85
VS2017-088-0079,LS2019-088-0079,88,VS2017>LS2019,1:1,0.85
VS2017-088-0080,LS2019-088-0080,88,VS2017>LS2019,1:1,0.85
VS2017-088-0081,LS2019-088-0081,88,VS2017>LS2019,1:1,0.85
VS2017-088-0082,LS2019-088-0082,88,VS2017>LS2019,1:1,0.85
VS2017-088-0083,LS2019-088-0083,88,VS2017>LS2019,1:1,0.85
VS2017-088-0084,LS2019-088-0084,88,VS2017>LS2019,1:1,0.85
VS2017-088-0085,LS2019-088-0085,88,VS2017>LS2019,1:1,0.85
VS2017-088-0086,LS2019-088-0086,88,VS2017>LS2019,1:1,0.85
VS2017-088-0087,LS2019-088-0087,88,VS2017>LS2019,1:1,0.85
VS2017-088-0088,LS2019-088-0088,88,VS2017>LS2019,1:1,0.85
VS2017-088-0089,LS2019-088-0089,88,VS2017>LS2019,1:1,0.85
VS2017-088-0090,LS2019-088-0090,88,VS2017>LS2019,1:1,0.85
VS2017-088-0091,LS2019-088-0091,88,VS2017>LS2019,1:1,0.85
VS2017-088-0092,LS2019-088-0092,88,VS2017>LS2019,1:1,0.85
VS2017-088-0093,LS2019-088-0093,88,VS2017>LS2019,1:1,0.85
VS2017-088-0094,LS2019-088-0094,88,VS2017>LS2019,1:1,0.85
VS2017-088-0095,LS2019-088-0095,88,VS2017>LS2019,1:1,0.85
VS2017-088-0096,LS2019-088-0096,88,VS2017>LS2019,1:1,0.85
VS2017-088-0097,LS2019-088-0097,88,VS2017>LS2019,1:1,0.85
VS2017-088-0098,LS2019-088-0098,88,VS2017>LS2019,1:1,0.85
VS2017-088-0099,LS2019-088-0099,88,VS2017>LS2019,1:1,0.95
VS2017-088-0100,LS2019-088-0100,88,VS2017>LS2019,1:1,0.85
VS2017-088-0101,LS2019-088-0101,88,VS2017>LS2019,1:1,0.85
VS2017-088-0102,LS2019-088-0102,88,VS2017>LS2019,1:1,0.6
VS2017-088-0103,LS2019-088-0103,88,VS2017>LS2019,1:1,0.6
VS2017-088-0104,LS2019-088-0104,88,VS2017>LS2019,1:1,0.85
VS2017-088-0105,LS2019-088-0105,88,VS2017>LS2019,1:1,0.85
VS2017-088-0106,LS2019-088-0106,88,VS2017>LS2019,1:1,0.85
VS2017-088-0107,LS2019-088-0107,88,VS2017>LS2019,1:1,0.85
VS2017-088-0108,LS2019-088-0108,88,VS2017>LS2019,1:1,0.85
VS2017-088-0109,LS2019-088-0109,88,VS2017>LS2019,1:1,0.85
VS2017-088-0110,LS2019-088-0110,88,VS2017>LS2019,1:1,0.85
VS2017-088-0111,LS2019-088-0111,88,VS2017>LS2019,1:1,0.6
VS2017-088-0112,LS2019-088-0112,88,VS2017>LS2019,1:1,0.6
VS2017-088-0113,LS2019-088-0113,88,VS2017>LS2019,1:1,0.6
VS2017-088-0114,LS2019-088-0114,88,VS2017>LS2019,1:1,0.85
VS2017-088-0115,LS2019-088-0115,88,VS2017>LS2019,1:1,0.85
VS2017-088-0116,LS2019-088-0116,88,VS2017>LS2019,1:1,0.85
VS2017-088-0117,LS2019-088-0117,88,VS2017>LS2019,1:1,0.85
VS2017-088-0118,LS2019-088-0118,88,VS2017>LS2019,1:1,0.85
VS2017-088-0119,LS2019-088-0119,88,VS2017>LS2019,1:1,0.85
VS2017-088-0120,LS2019-088-0120,88,VS2017>LS2019,1:1,0.85
VS2017-088-0121,LS2019-088-0121,88,VS2017>LS2019,1:1,0.85
VS2017-088-0122,LS2019-088-0122,88,VS2017>LS2019,1:1,0.85
VS2017-088-0123,LS2019-088-0123,88,VS2017>LS2019,1:1,0.85
VS2017-088-0124,LS2019-088-0124,88,VS2017>LS2019,1:1,0.85
VS2017-088-0125,LS2019-088-0125,88,VS2017>LS2019,1:1,0.85
VS2017-088-0126,LS2019-088-0126,88,VS2017>LS2019,1:1,0.85
VS2017-088-0127,LS2019-088-0127,88,VS2017>LS2019,1:1,0.85
VS2017-088-0128,LS2019-088-0128,88,VS2017>LS2019,1:1,0.85
VS2017-088-0129,LS2019-088-0129,88,VS2017>LS2019,1:1,0.85
VS2017-088-0130,LS2019-088-0130,88,VS2017>LS2019,1:1,0.85
VS2017-088-0131,LS2019-088-0131,88,VS2017>LS2019,1:1,0.85
VS2017-088-0132,LS2019-088-0132,88,VS2017>LS2019,1:1,0.85
VS2017-088-0133,LS2019-088-0133,88,VS2017>LS2019,1:1,0.85
VS2017-088-0134,LS2019-088-0134,88,VS2017>LS2019,1:1,0.85
VS2017-088-0135,LS2019-088-0135,88,VS2017>LS2019,1:1,0.85
VS2017-088-0136,LS2019-088-0136,88,VS2017>LS2019,1:1,0.85
VS2017-088-0137,LS2019-088-0137,88,VS2017>LS2019,1:1,0.85
VS2017-088-0138,LS2019-088-0138,88,VS2017>LS2019,1:1,0.85
VS2017-088-0139,LS2019-088-0139,88,VS2017>LS2019,1:1,0.85
VS2017-088-0140,LS2019-088-0140,88,VS2017>LS2019,1:1,0.85
VS2017-088-0141,LS2019-088-0141,88,VS2017>LS2019,1:1,0.85
VS2017-088-0142,LS2019-088-0142,88,VS2017>LS2019,1:1,0.85
VS2017-088-0143,LS2019-088-0143,88,VS2017>LS2019,1:1,0.85
VS2017-088-0144,LS2019-088-0144,88,VS2017>LS2019,1:1,0.85
VS2017-088-0145,LS2019-088-0145,88,VS2017>LS2019,1:1,0.85
VS2017-088-0146,LS2019-088-0146,88,VS2017>LS2019,1:1,0.85
VS2017-088-0147,LS2019-088-0147,88,VS2017>LS2019,1:1,0.85
VS2017-088-0148,LS2019-088-0148,88,VS2017>LS2019,1:1,0.85
VS2017-088-0149,LS2019-088-0149,88,VS2017>LS2019,1:1,0.85
VS2017-088-0150,LS2019-088-0150,88,VS2017>LS2019,1:1,0.85
VS2017-088-0151,LS2019-088-0151,88,VS2017>LS2019,1:1,0.85
VS2017-088-0152,LS2019-088-0152,88,VS2017>LS2019,1:1,0.85
VS2017-088-0153,LS2019-088-0153,88,VS2017>LS2019,1:1,0.85
VS2017-088-0154,LS2019-088-0154,88,VS2017>LS2019,1:1,0.85
VS2017-088-0155,LS2019-088-0155,88,VS2017>LS2019,1:1,0.85
VS2017-088-0156,LS2019-088-0156,88,VS2017>LS2019,1:1,0.85
VS2017-088-0157,LS2019-088-0157,88,VS2017>LS2019,1:1,0.85
VS2017-088-0158,LS2019-088-0158,88,VS2017>LS2019,1:1,0.85
VS2017-088-0159,LS2019-088-0159,88,VS2017>LS2019,1:1,0.85
VS2017-088-0160,LS2019-088-0160,88,VS2017>LS2019,1:1,0.85
VS2017-088-0161,LS2019-088-0161,88,VS2017>LS2019,1:1,0.85
VS2017-088-0162,LS2019-088-0162,88,VS2017>LS2019,1:1,0.85
VS2017-088-0163,LS2019-088-0163,88,VS2017>LS2019,1:1,0.85
VS2017-088-0164,LS2019-088-0164,88,VS2017>LS2019,1:1,0.85
VS2017-088-0165,LS2019-088-0165,88,VS2017>LS2019,1:1,0.85
VS2017-088-0166,LS2019-088-0166,88,VS2017>LS2019,1:1,0.85
VS2017-088-0167,LS2019-088-0167,88,VS2017>LS2019,1:1,0.85
VS2017-088-0168,LS2019-088-0168,88,VS2017>LS2019,1:1,0.85
VS2017-088-0169,LS2019-088-0169,88,VS2017>LS2019,1:1,0.85
VS2017-088-0170,LS2019-088-0170,88,VS2017>LS2019,1:1,0.85
VS2017-088-0171,LS2019-088-0171,88,VS2017>LS2019,1:1,0.85
VS2017-088-0172,LS2019-088-0172,88,VS2017>LS2019,1:1,0.85
VS2017-088-0173,LS2019-088-0173,88,VS2017>LS2019,1:1,0.85
VS2017-088-0174,LS2019-088-0174,88,VS2017>LS2019,1:1,0.85
VS2017-088-0175,LS2019-088-0175,88,VS2017>LS2019,1:1,0.85
VS2017-088-0176,LS2019-088-0176,88,VS2017>LS2019,1:1,0.85
VS2017-088-0177,LS2019-088-0177,88,VS2017>LS2019,1:1,0.85
VS2017-088-0178,LS2019-088-0178,88,VS2017>LS2019,1:1,0.85
VS2017-088-0179,LS2019-088-0179,88,VS2017>LS2019,1:1,0.85
VS2017-088-0180,LS2019-088-0180,88,VS2017>LS2019,1:1,0.85
VS2017-088-0181,LS2019-088-0181,88,VS2017>LS2019,1:1,0.85
VS2017-088-0182,LS2019-088-0182,88,VS2017>LS2019,1:1,0.85
VS2017-088-0183,LS2019-088-0183,88,VS2017>LS2019,1:1,0.85
VS2017-088-0184,LS2019-088-0184,88,VS2017>LS2019,1:1,0.85
VS2017-088-0185,LS2019-088-0185,88,VS2017>LS2019,1:1,0.85
VS2017-088-0186,LS2019-088-0186,88,VS2017>LS2019,1:1,0.85
VS2017-088-0187,LS2019-088-0187,88,VS2017>LS2019,1:1,0.85
VS2017-088-0188,LS2019-088-0188,88,VS2017>LS2019,1:1,0.85
VS2017-088-0189,LS2019-088-0189,88,VS2017>LS2019,1:1,0.85
VS2017-088-0190,LS2019-088-0190,88,VS2017>LS2019,1:1,0.85
VS2017-088-0191,LS2019-088-0191,88,VS2017>LS2019,1:1,0.95
VS2017-088-0192,LS2019-088-0192,88,VS2017>LS2019,1:1,0.95
VS2017-088-0193,LS2019-088-0193,88,VS2017>LS2019,1:1,0.85
VS2017-088-0194,LS2019-088-0194,88,VS2017>LS2019,1:1,0.85
VS2017-088-0195,LS2019-088-0195,88,VS2017>LS2019,1:1,0.85
VS2017-088-0196,LS2019-088-0196,88,VS2017>LS2019,1:1,0.85
VS2017-088-0197,LS2019-088-0197,88,VS2017>LS2019,1:1,0.85
VS2017-088-0198,LS2019-088-0198,88,VS2017>LS2019,1:1,0.85
VS2017-088-0199,LS2019-088-0199,88,VS2017>LS2019,1:1,0.6
VS2017-088-0200,LS2019-088-0200,88,VS2017>LS2019,1:1,0.6
VS2017-088-0201,LS2019-088-0201,88,VS2017>LS2019,1:1,0.6
VS2017-088-0202,LS2019-088-0202,88,VS2017>LS2019,1:1,0.85
VS2017-088-0203,LS2019-088-0203,88,VS2017>LS2019,1:1,0.6
VS2017-088-0204,LS2019-088-0204,88,VS2017>LS2019,1:1,0.6
VS2017-088-0205,LS2019-088-0205,88,VS2017>LS2019,1:1,0.6
VS2017-088-0206,LS2019-088-0206,88,VS2017>LS2019,1:1,0.85
VS2017-088-0207,LS2019-088-0207,88,VS2017>LS2019,1:1,0.85
VS2017-088-0208,LS2019-088-0208,88,VS2017>LS2019,1:1,0.85
VS2017-088-0209,LS2019-088-0209,88,VS2017>LS2019,1:1,0.85
VS2017-088-0210,LS2019-088-0210,88,VS2017>LS2019,1:1,0.85
VS2017-088-0211,LS2019-088-0211,88,VS2017>LS2019,1:1,0.85
VS2017-088-0212,LS2019-088-0212,88,VS2017>LS2019,1:1,0.85
VS2017-088-0213,LS2019-088-0213,88,VS2017>LS2019,1:1,0.85
VS2017-088-0214,LS2019-088-0214,88,VS2017>LS2019,1:1,0.85
VS2017-088-0215,LS2019-088-0215,88,VS2017>LS2019,1:1,0.85
VS2017-088-0216,LS2019-088-0216,88,VS2017>LS2019,1:1,0.85
VS2017-088-0217,LS2019-088-0217,88,VS2017>LS2019,1:1,0.85
VS2017-088-0218,LS2019-088-0218,88,VS2017>LS2019,1:1,0.85
VS2017-088-0219,LS2019-088-0219,88,VS2017>LS2019,1:1,0.85
VS2017-088-0220,LS2019-088-0220,88,VS2017>LS2019,1:1,0.85
VS2017-088-0221,LS2019-088-0221,88,VS2017>LS2019,1:1,0.85
VS2017-088-0222,LS2019-088-0222,88,VS2017>LS2019,1:1,0.85
VS2017-088-0223,LS2019-088-0223,88,VS2017>LS2019,1:1,0.85
VS2017-088-0224,LS2019-088-0224,88,VS2017>LS2019,1:1,0.85
VS2017-088-0225,LS2019-088-0225,88,VS2017>LS2019,1:1,0.85
VS2017-088-0226,LS2019-088-0226,88,VS2017>LS2019,1:1,0.85
VS2017-088-0227,LS2019-088-0227,88,VS2017>LS2019,1:1,0.85
VS2017-088-0228,LS2019-088-0228,88,VS2017>LS2019,1:1,0.85
VS2017-088-0229,LS2019-088-0229,88,VS2017>LS2019,1:1,0.85
VS2017-088-0230,LS2019-088-0230,88,VS2017>LS2019,1:1,0.85
VS2017-088-0231,LS2019-088-0231,88,VS2017>LS2019,1:1,0.85
VS2017-088-0232,LS2019-088-0232,88,VS2017>LS2019,1:1,0.85
VS2017-088-0233,LS2019-088-0233,88,VS2017>LS2019,1:1,0.85
VS2017-088-0234,LS2019-088-0234,88,VS2017>LS2019,1:1,0.85
VS2017-088-0235,LS2019-088-0235,88,VS2017>LS2019,1:1,0.85
VS2017-088-0236,LS2019-088-0236,88,VS2017>LS2019,1:1,0.85
VS2017-088-0237,LS2019-088-0237,88,VS2017>LS2019,1:1,0.85
VS2017-088-0238,LS2019-088-0238,88,VS2017>LS2019,1:1,0.85
VS2017-088-0239,LS2019-088-0239,88,VS2017>LS2019,1:1,0.85
VS2017-088-0240,LS2019-088-0240,88,VS2017>LS2019,1:1,0.85
VS2017-088-0241,LS2019-088-0241,88,VS2017>LS2019,1:1,0.85
VS2017-088-0242,LS2019-088-0242,88,VS2017>LS2019,1:1,0.85
VS2017-088-0243,LS2019-088-0243,88,VS2017>LS2019,1:1,0.85
VS2017-088-0244,LS2019-088-0244,88,VS2017>LS2019,1:1,0.85
VS2017-088-0245,LS2019-088-0245,88,VS2017>LS2019,1:1,0.85
VS2017-088-0246,LS2019-088-0246,88,VS2017>LS2019,1:1,0.85
VS2017-088-0247,LS2019-088-0247,88,VS2017>LS2019,1:1,0.85
VS2017-088-0248,LS2019-088-0248,88,VS2017>LS2019,1:1,0.85
VS2017-088-0249,LS2019-088-0249,88,VS2017>LS2019,1:1,0.85
VS2017-088-0250,LS2019-088-0250,88,VS2017>LS2019,1:1,0.85
VS2017-088-0251,LS2019-088-0251,88,VS2017>LS2019,1:1,0.6
VS2017-088-0252,LS2019-088-0252,88,VS2017>LS2019,1:1,0.85
VS2017-088-0253,LS2019-088-0253,88,VS2017>LS2019,1:1,0.85
VS2017-088-0254,LS2019-088-0254,88,VS2017>LS2019,1:1,0.85
VS2017-088-0255,LS2019-088-0255,88,VS2017>LS2019,1:1,0.85
VS2017-088-0256,LS2019-088-0256,88,VS2017>LS2019,1:1,0.85
VS2017-088-0257,LS2019-088-0257,88,VS2017>LS2019,1:1,0.85
VS2017-088-0258,LS2019-088-0258,88,VS2017>LS2019,1:1,0.85
VS2017-088-0259,LS2019-088-0259,88,VS2017>LS2019,1:1,0.85
VS2017-088-0260,LS2019-088-0260,88,VS2017>LS2019,1:1,0.85
VS2017-088-0261,LS2019-088-0261,88,VS2017>LS2019,1:1,0.85
VS2017-088-0262,LS2019-088-0262,88,VS2017>LS2019,1:1,0.85
VS2017-088-0263,LS2019-088-0263,88,VS2017>LS2019,1:1,0.85
VS2017-088-0264,LS2019-088-0264,88,VS2017>LS2019,1:1,0.85
VS2017-088-0265,LS2019-088-0265,88,VS2017>LS2019,1:1,0.85
VS2017-088-0266,LS2019-088-0266,88,VS2017>LS2019,1:1,0.85
VS2017-088-0267,LS2019-088-0267,88,VS2017>LS2019,1:1,0.85
VS2017-088-0268,LS2019-088-0268,88,VS2017>LS2019,1:1,0.85
VS2017-088-0269,LS2019-088-0269,88,VS2017>LS2019,1:1,0.85
VS2017-088-0270,LS2019-088-0270,88,VS2017>LS2019,1:1,0.85
VS2017-088-0271,LS2019-088-0271,88,VS2017>LS2019,1:1,0.85
VS2017-088-0272,LS2019-088-0272,88,VS2017>LS2019,1:1,0.85
VS2017-088-0273,LS2019-088-0273,88,VS2017>LS2019,1:1,0.85
VS2017-088-0274,LS2019-088-0274,88,VS2017>LS2019,1:1,0.85
VS2017-088-0275,LS2019-088-0275,88,VS2017>LS2019,1:1,0.6
VS2017-088-0276,LS2019-088-0276,88,VS2017>LS2019,1:1,0.6
VS2017-088-0277,LS2019-088-0277,88,VS2017>LS2019,1:1,0.6
VS2017-088-0278,LS2019-088-0278,88,VS2017>LS2019,1:1,0.85
VS2017-088-0279,LS2019-088-0279,88,VS2017>LS2019,1:1,0.85
VS2017-088-0280,LS2019-088-0280,88,VS2017>LS2019,1:1,0.85
VS2017-088-0281,LS2019-088-0281,88,VS2017>LS2019,1:1,0.85
VS2017-088-0282,LS2019-088-0282,88,VS2017>LS2019,1:1,0.85
VS2017-088-0283,LS2019-088-0283,88,VS2017>LS2019,1:1,0.85
VS2017-088-0284,LS2019-088-0284,88,VS2017>LS2019,1:1,0.6
VS2017-088-0285,LS2019-088-0285,88,VS2017>LS2019,1:1,0.6
VS2017-088-0286,LS2019-088-0286,88,VS2017>LS2019,1:1,0.6
VS2017-088-0287,LS2019-088-0287,88,VS2017>LS2019,1:1,0.6
VS2017-088-0288,LS2019-088-0288,88,VS2017>LS2019,1:1,0.85
VS2017-088-0289,LS2019-088-0289,88,VS2017>LS2019,1:1,0.85
VS2017-088-0290,LS2019-088-0290,88,VS2017>LS2019,1:1,0.85
VS2017-088-0291,LS2019-088-0291,88,VS2017>LS2019,1:1,0.85
VS2017-088-0292,LS2019-088-0292,88,VS2017>LS2019,1:1,0.85
VS2017-088-0293,LS2019-088-0293,88,VS2017>LS2019,1:1,0.85
VS2017-088-0294,LS2019-088-0294,88,VS2017>LS2019,1:1,0.6
VS2017-088-0295,LS2019-088-0295,88,VS2017>LS2019,1:1,0.85
VS2017-088-0296,LS2019-088-0296,88,VS2017>LS2019,1:1,0.85
VS2017-088-0297,LS2019-088-0297,88,VS2017>LS2019,1:1,0.85
VS2017-088-0298,LS2019-088-0298,88,VS2017>LS2019,1:1,0.85
VS2017-088-0299,LS2019-088-0299,88,VS2017>LS2019,1:1,0.85
VS2017-088-0300,LS2019-088-0300,88,VS2017>LS2019,1:1,0.85
VS2017-088-0301,LS2019-088-0301,88,VS2017>LS2019,1:1,0.85
VS2017-088-0302,LS2019-088-0302,88,VS2017>LS2019,1:1,0.85
VS2017-088-0303,LS2019-088-0303,88,VS2017>LS2019,1:1,0.85
VS2017-088-0304,LS2019-088-0304,88,VS2017>LS2019,1:1,0.85
VS2017-088-0305,LS2019-088-0305,88,VS2017>LS2019,1:1,0.85
VS2017-088-0306,LS2019-088-0306,88,VS2017>LS2019,1:1,0.85
VS2017-088-0307,LS2019-088-0307,88,VS2017>LS2019,1:1,0.85
VS2017-088-0308,LS2019-088-0308,88,VS2017>LS2019,1:1,0.85
VS2017-088-0309,LS2019-088-0309,88,VS2017>LS2019,1:1,0.6
VS2017-088-0310,LS2019-088-0310,88,VS2017>LS2019,1:1,0.85
VS2017-088-0311,LS2019-088-0311,88,VS2017>LS2019,1:1,0.85
VS2017-088-0312,LS2019-088-0312,88,VS2017>LS2019,1:1,0.85
VS2017-088-0313,LS2019-088-0313,88,VS2017>LS2019,1:1,0.85
VS2017-088-0314,LS2019-088-0314,88,VS2017>LS2019,1:1,0.85
VS2017-088-0315,LS2019-088-0315,88,VS2017>LS2019,1:1,0.6
VS2017-088-0316,LS2019-088-0316,88,VS2017>LS2019,1:1,0.6
VS2017-088-0317,LS2019-088-0317,88,VS2017>LS2019,1:1,0.6
VS2017-088-0318,LS2019-088-0318,88,VS2017>LS2019,1:1,0.6
VS2017-088-0319,LS2019-088-0319,88,VS2017>LS2019,1:1,0.85
VS2017-088-0320,LS2019-088-0320,88,VS2017>LS2019,1:1,0.85
VS2017-088-0321,LS2019-088-0321,88,VS2017>LS2019,1:1,0.85
VS2017-088-0322,LS2019-088-0322,88,VS2017>LS2019,1:1,0.85
VS2017-088-0323,LS2019-088-0323,88,VS2017>LS2019,1:1,0.85
VS2017-088-0324,LS2019-088-0324,88,VS2017>LS2019,1:1,0.85
VS2017-088-0325,LS2019-088-0325,88,VS2017>LS2019,1:1,0.85
VS2017-088-0326,LS2019-088-0326,88,VS2017>LS2019,1:1,0.85
VS2017-088-0327,LS2019-088-0327,88,VS2017>LS2019,1:1,0.85
VS2017-088-0328,LS2019-088-0328,88,VS2017>LS2019,1:1,0.85
VS2017-088-0329,LS2019-088-0329,88,VS2017>LS2019,1:1,0.85
VS2017-088-0330,LS2019-088-0330,88,VS2017>LS2019,1:1,0.85
VS2017-088-0331,LS2019-088-0331,88,VS2017>LS2019,1:1,0.85
VS2017-088-0332,LS2019-088-0332,88,VS2017>LS2019,1:1,0.85
VS2017-088-0333,LS2019-088-0333,88,VS2017>LS2019,1:1,0.85
VS2017-088-0334,LS2019-088-0334,88,VS2017>LS2019,1:1,0.85
VS2017-088-0335,LS2019-088-0335,88,VS2017>LS2019,1:1,0.85
VS2017-088-0336,LS2019-088-0336,88,VS2017>LS2019,1:1,0.85
VS2017-088-0337,LS2019-088-0337,88,VS2017>LS2019,1:1,0.85
VS2017-088-0338,LS2019-088-0338,88,VS2017>LS2019,1:1,0.85
VS2017-088-0339,LS2019-088-0339,88,VS2017>LS2019,1:1,0.85
VS2017-088-0340,LS2019-088-0340,88,VS2017>LS2019,1:1,0.6
VS2017-088-0341,LS2019-088-0341,88,VS2017>LS2019,1:1,0.6
VS2017-088-0342,LS2019-088-0342,88,VS2017>LS2019,1:1,0.85
VS2017-088-0343,LS2019-088-0343,88,VS2017>LS2019,1:1,0.85
VS2017-088-0344,LS2019-088-0344,88,VS2017>LS2019,1:1,0.85
VS2017-088-0345,LS2019-088-0345,88,VS2017>LS2019,1:1,0.85
VS2017-088-0346,LS2019-088-0346,88,VS2017>LS2019,1:1,0.85
VS2017-088-0347,LS2019-088-0347,88,VS2017>LS2019,1:1,0.85
VS2017-088-0348,LS2019-088-0348,88,VS2017>LS2019,1:1,0.85
VS2017-088-0349,LS2019-088-0349,88,VS2017>LS2019,1:1,0.85
VS2017-088-0350,LS2019-088-0350,88,VS2017>LS2019,1:1,0.85
VS2017-088-0351,LS2019-088-0351,88,VS2017>LS2019,1:1,0.85
VS2017-088-0352,LS2019-088-0352,88,VS2017>LS2019,1:1,0.85
VS2017-088-0353,LS2019-088-0353,88,VS2017>LS2019,1:1,0.85
VS2017-088-0354,LS2019-088-0354,88,VS2017>LS2019,1:1,0.85
VS2017-088-0355,LS2019-088-0355,88,VS2017>LS2019,1:1,0.85
VS2017-088-0356,LS2019-088-0356,88,VS2017>LS2019,1:1,0.85
VS2017-088-0357,LS2019-088-0357,88,VS2017>LS2019,1:1,0.85
VS2017-088-0358,LS2019-088-0358,88,VS2017>LS2019,1:1,0.85
VS2017-088-0359,LS2019-088-0359,88,VS2017>LS2019,1:1,0.85
VS2017-088-0360,LS2019-088-0360,88,VS2017>LS2019,1:1,0.85
VS2017-088-0361,LS2019-088-0361,88,VS2017>LS2019,1:1,0.85
VS2017-088-0362,LS2019-088-0362,88,VS2017>LS2019,1:1,0.85
VS2017-088-0363,LS2019-088-0363,88,VS2017>LS2019,1:1,0.85
VS2017-088-0364,LS2019-088-0364,88,VS2017>LS2019,1:1,0.85
VS2017-088-0365,LS2019-088-0365,88,VS2017>LS2019,1:1,0.85
VS2017-088-0366,LS2019-088-0366,88,VS2017>LS2019,1:1,0.85
VS2017-088-0367,LS2019-088-0367,88,VS2017>LS2019,1:1,0.85
VS2017-088-0368,LS2019-088-0368,88,VS2017>LS2019,1:1,0.85
VS2017-088-0369,LS2019-088-0369,88,VS2017>LS2019,1:1,0.85
VS2017-088-0370,LS2019-088-0370,88,VS2017>LS2019,1:1,0.85
VS2017-088-0371,LS2019-088-0371,88,VS2017>LS2019,1:1,0.85
VS2017-088-0372,LS2019-088-0372,88,VS2017>LS2019,1:1,0.85
VS2017-088-0373,LS2019-088-0373,88,VS2017>LS2019,1:1,0.85
VS2017-088-0374,LS2019-088-0374,88,VS2017>LS2019,1:1,0.85
VS2017-088-0375,LS2019-088-0375,88,VS2017>LS2019,1:1,0.85
VS2017-088-0376,LS2019-088-0376,88,VS2017>LS2019,1:1,0.85
VS2017-088-0377,LS2019-088-0377,88,VS2017>LS2019,1:1,0.85
,LS2019-088-0378,88,VS2017>LS2019,new,0.0
,LS2019-088-0379,88,VS2017>LS2019,new,0.0
,LS2019-088-0380,88,VS2017>LS2019,new,0.0
,LS2019-088-0381,88,VS2017>LS2019,new,0.0
,LS2019-088-0382,88,VS2017>LS2019,new,0.0
,LS2019-088-0383,88,VS2017>LS2019,new,0.0
,LS2019-088-0384,88,VS2017>LS2019,new,0.0
,LS2019-088-0385,88,VS2017>LS2019,new,0.0
,LS2019-088-0386,88,VS2017>LS2019,new,0.0
,LS2019-088-0387,88,VS2017>LS2019,new,0.0
,LS2019-088-0388,88,VS2017>LS2019,new,0.0
,LS2019-088-0389,88,VS2017>LS2019,new,0.0
,LS2019-088-0390,88,VS2017>LS2019,new,0.0
,LS2019-088-0391,88,VS2017>LS2019,new,0.0
,LS2019-088-0392,88,VS2017>LS2019,new,0.0
,LS2019-088-0393,88,VS2017>LS2019,new,0.0
,LS2019-088-0394,88,VS2017>LS2019,new,0.0
,LS2019-088-0395,88,VS2017>LS2019,new,0.0
,LS2019-088-0396,88,VS2017>LS2019,new,0.0
,LS2019-088-0397,88,VS2017>LS2019,new,0.0
,LS2019-088-0398,88,VS2017>LS2019,new,0.0
,LS2019-088-0399,88,VS2017>LS2019,new,0.0
,LS2019-088-0400,88,VS2017>LS2019,new,0.0
,LS2019-088-0401,88,VS2017>LS2019,new,0.0
,LS2019-088-0402,88,VS2017>LS2019,new,0.0
,LS2019-088-0403,88,VS2017>LS2019,new,0.0
,LS2019-088-0404,88,VS2017>LS2019,new,0.0
,LS2019-088-0405,88,VS2017>LS2019,new,0.0
,LS2019-088-0406,88,VS2017>LS2019,new,0.0
,LS2019-088-0407,88,VS2017>LS2019,new,0.0
,LS2019-088-0408,88,VS2017>LS2019,new,0.0
,LS2019-088-0409,88,VS2017>LS2019,new,0.0
,LS2019-088-0410,88,VS2017>LS2019,new,0.0
,LS2019-088-0411,88,VS2017>LS2019,new,0.0
,LS2019-088-0412,88,VS2017>LS2019,new,0.0
,LS2019-088-0413,88,VS2017>LS2019,new,0.0
,LS2019-088-0414,88,VS2017>LS2019,new,0.0
,LS2019-088-0415,88,VS2017>LS2019,new,0.0
,LS2019-088-0416,88,VS2017>LS2019,new,0.0
,LS2019-088-0417,88,VS2017>LS2019,new,0.0
,LS2019-088-0418,88,VS2017>LS2019,new,0.0
,LS2019-088-0419,88,VS2017>LS2019,new,0.0
,LS2019-088-0420,88,VS2017>LS2019,new,0.0
,LS2019-088-0421,88,VS2017>LS2019,new,0.0
VS2017-089-0001,LS2019-089-0001,89,VS2017>LS2019,1:1,0.85
VS2017-089-0002,LS2019-089-0002,89,VS2017>LS2019,1:1,0.85
VS2017-089-0003,LS2019-089-0003,89,VS2017>LS2019,1:1,0.85
VS2017-089-0004,LS2019-089-0004,89,VS2017>LS2019,1:1,0.85
VS2017-089-0005,LS2019-089-0005,89,VS2017>LS2019,1:1,0.85
VS2017-089-0006,LS2019-089-0006,89,VS2017>LS2019,1:1,0.95
VS2017-089-0007,LS2019-089-0007,89,VS2017>LS2019,1:1,0.95
VS2017-089-0008,LS2019-089-0008,89,VS2017>LS2019,1:1,0.95
VS2017-089-0009,LS2019-089-0009,89,VS2017>LS2019,1:1,0.95
VS2017-089-0010,LS2019-089-0010,89,VS2017>LS2019,1:1,0.85
VS2017-089-0011,LS2019-089-0011,89,VS2017>LS2019,1:1,0.85
VS2017-089-0012,LS2019-089-0012,89,VS2017>LS2019,1:1,0.85
VS2017-089-0013,LS2019-089-0013,89,VS2017>LS2019,1:1,0.85
VS2017-089-0014,LS2019-089-0014,89,VS2017>LS2019,1:1,0.85
VS2017-089-0015,LS2019-089-0015,89,VS2017>LS2019,1:1,0.6
VS2017-089-0016,LS2019-089-0016,89,VS2017>LS2019,1:1,0.85
VS2017-089-0017,LS2019-089-0017,89,VS2017>LS2019,1:1,0.85
VS2017-089-0018,LS2019-089-0018,89,VS2017>LS2019,1:1,0.85
VS2017-089-0019,LS2019-089-0019,89,VS2017>LS2019,1:1,0.85
VS2017-089-0020,LS2019-089-0020,89,VS2017>LS2019,1:1,0.6
VS2017-089-0021,LS2019-089-0021,89,VS2017>LS2019,1:1,0.6
VS2017-089-0022,LS2019-089-0022,89,VS2017>LS2019,1:1,0.6
VS2017-089-0023,LS2019-089-0023,89,VS2017>LS2019,1:1,0.85
VS2017-089-0024,LS2019-089-0024,89,VS2017>LS2019,1:1,0.85
VS2017-089-0025,LS2019-089-0025,89,VS2017>LS2019,1:1,0.85
VS2017-089-0026,LS2019-089-0026,89,VS2017>LS2019,1:1,0.95
VS2017-089-0027,LS2019-089-0027,89,VS2017>LS2019,1:1,0.95
VS2017-089-0028,LS2019-089-0028,89,VS2017>LS2019,1:1,0.95
VS2017-089-0029,LS2019-089-0029,89,VS2017>LS2019,1:1,0.95
VS2017-089-0030,LS2019-089-0030,89,VS2017>LS2019,1:1,0.95
VS2017-089-0031,LS2019-089-0031,89,VS2017>LS2019,1:1,0.95
VS2017-089-0032,LS2019-089-0032,89,VS2017>LS2019,1:1,0.95
VS2017-089-0033,LS2019-089-0033,89,VS2017>LS2019,1:1,0.85
VS2017-089-0034,LS2019-089-0034,89,VS2017>LS2019,1:1,0.85
VS2017-089-0035,LS2019-089-0035,89,VS2017>LS2019,1:1,0.85
VS2017-089-0036,LS2019-089-0036,89,VS2017>LS2019,1:1,0.85
VS2017-089-0037,LS2019-089-0037,89,VS2017>LS2019,1:1,0.85
VS2017-089-0038,LS2019-089-0038,89,VS2017>LS2019,1:1,0.85
VS2017-089-0039,LS2019-089-0039,89,VS2017>LS2019,1:1,0.85
VS2017-089-0040,LS2019-089-0040,89,VS2017>LS2019,1:1,0.85
VS2017-089-0041,LS2019-089-0041,89,VS2017>LS2019,1:1,0.85
VS2017-089-0042,LS2019-089-0042,89,VS2017>LS2019,1:1,0.85
VS2017-089-0043,LS2019-089-0043,89,VS2017>LS2019,1:1,0.85
VS2017-089-0044,LS2019-089-0044,89,VS2017>LS2019,1:1,0.85
VS2017-089-0045,LS2019-089-0045,89,VS2017>LS2019,1:1,0.85
VS2017-089-0046,LS2019-089-0046,89,VS2017>LS2019,1:1,0.85
VS2017-089-0047,LS2019-089-0047,89,VS2017>LS2019,1:1,0.85
VS2017-089-0048,LS2019-089-0048,89,VS2017>LS2019,1:1,0.85
VS2017-089-0049,LS2019-089-0049,89,VS2017>LS2019,1:1,0.95
VS2017-089-0050,LS2019-089-0050,89,VS2017>LS2019,1:1,0.85
VS2017-089-0051,LS2019-089-0051,89,VS2017>LS2019,1:1,0.85
VS2017-089-0052,LS2019-089-0052,89,VS2017>LS2019,1:1,0.6
VS2017-089-0053,LS2019-089-0053,89,VS2017>LS2019,1:1,0.6
VS2017-089-0054,LS2019-089-0054,89,VS2017>LS2019,1:1,0.85
VS2017-089-0055,LS2019-089-0055,89,VS2017>LS2019,1:1,0.85
VS2017-089-0056,LS2019-089-0056,89,VS2017>LS2019,1:1,0.85
VS2017-089-0057,LS2019-089-0057,89,VS2017>LS2019,1:1,0.95
VS2017-089-0058,LS2019-089-0058,89,VS2017>LS2019,1:1,0.95
VS2017-089-0059,LS2019-089-0059,89,VS2017>LS2019,1:1,0.95
VS2017-089-0060,LS2019-089-0060,89,VS2017>LS2019,1:1,0.85
VS2017-089-0061,LS2019-089-0061,89,VS2017>LS2019,1:1,0.85
VS2017-089-0062,LS2019-089-0062,89,VS2017>LS2019,1:1,0.85
VS2017-089-0063,LS2019-089-0063,89,VS2017>LS2019,1:1,0.85
VS2017-089-0064,LS2019-089-0064,89,VS2017>LS2019,1:1,0.95
VS2017-089-0065,LS2019-089-0065,89,VS2017>LS2019,1:1,0.95
VS2017-089-0066,LS2019-089-0066,89,VS2017>LS2019,1:1,0.95
VS2017-089-0067,LS2019-089-0067,89,VS2017>LS2019,1:1,0.85
VS2017-089-0068,LS2019-089-0068,89,VS2017>LS2019,1:1,0.85
VS2017-089-0069,LS2019-089-0069,89,VS2017>LS2019,1:1,0.85
VS2017-089-0070,LS2019-089-0070,89,VS2017>LS2019,1:1,0.85
VS2017-089-0071,LS2019-089-0071,89,VS2017>LS2019,1:1,0.85
VS2017-089-0072,LS2019-089-0072,89,VS2017>LS2019,1:1,0.85
VS2017-089-0073,LS2019-089-0073,89,VS2017>LS2019,1:1,0.85
VS2017-089-0074,LS2019-089-0074,89,VS2017>LS2019,1:1,0.95
VS2017-089-0075,LS2019-089-0075,89,VS2017>LS2019,1:1,0.95
VS2017-089-0076,LS2019-089-0076,89,VS2017>LS2019,1:1,0.85
VS2017-089-0077,LS2019-089-0077,89,VS2017>LS2019,1:1,0.85
VS2017-089-0078,LS2019-089-0078,89,VS2017>LS2019,1:1,0.85
VS2017-089-0079,LS2019-089-0079,89,VS2017>LS2019,1:1,0.85
VS2017-089-0080,LS2019-089-0080,89,VS2017>LS2019,1:1,0.95
VS2017-089-0081,LS2019-089-0081,89,VS2017>LS2019,1:1,0.95
VS2017-089-0082,LS2019-089-0082,89,VS2017>LS2019,1:1,0.95
VS2017-089-0083,LS2019-089-0083,89,VS2017>LS2019,1:1,0.95
VS2017-089-0084,LS2019-089-0084,89,VS2017>LS2019,1:1,0.85
VS2017-089-0085,LS2019-089-0085,89,VS2017>LS2019,1:1,0.85
VS2017-089-0086,LS2019-089-0086,89,VS2017>LS2019,1:1,0.85
VS2017-089-0087,LS2019-089-0087,89,VS2017>LS2019,1:1,0.85
VS2017-089-0088,LS2019-089-0088,89,VS2017>LS2019,1:1,0.85
VS2017-089-0089,LS2019-089-0089,89,VS2017>LS2019,1:1,0.95
VS2017-089-0090,LS2019-089-0090,89,VS2017>LS2019,1:1,0.85
VS2017-089-0091,LS2019-089-0091,89,VS2017>LS2019,1:1,0.85
VS2017-089-0092,LS2019-089-0092,89,VS2017>LS2019,1:1,0.85
VS2017-089-0093,LS2019-089-0093,89,VS2017>LS2019,1:1,0.85
VS2017-089-0094,LS2019-089-0094,89,VS2017>LS2019,1:1,0.85
VS2017-089-0095,LS2019-089-0095,89,VS2017>LS2019,1:1,0.95
VS2017-089-0096,LS2019-089-0096,89,VS2017>LS2019,1:1,0.85
VS2017-089-0097,LS2019-089-0097,89,VS2017>LS2019,1:1,0.85
VS2017-089-0098,LS2019-089-0098,89,VS2017>LS2019,1:1,0.85
VS2017-089-0099,LS2019-089-0099,89,VS2017>LS2019,1:1,0.85
VS2017-089-0100,LS2019-089-0100,89,VS2017>LS2019,1:1,0.85
VS2017-089-0101,LS2019-089-0101,89,VS2017>LS2019,1:1,0.85
VS2017-089-0102,LS2019-089-0102,89,VS2017>LS2019,1:1,0.95
VS2017-089-0103,LS2019-089-0103,89,VS2017>LS2019,1:1,0.95
VS2017-089-0104,LS2019-089-0104,89,VS2017>LS2019,1:1,0.85
VS2017-089-0105,LS2019-089-0105,89,VS2017>LS2019,1:1,0.85
VS2017-089-0106,LS2019-089-0106,89,VS2017>LS2019,1:1,0.85
VS2017-089-0107,LS2019-089-0107,89,VS2017>LS2019,1:1,0.85
VS2017-089-0108,LS2019-089-0108,89,VS2017>LS2019,1:1,0.85
VS2017-089-0109,LS2019-089-0109,89,VS2017>LS2019,1:1,0.85
VS2017-089-0110,LS2019-089-0110,89,VS2017>LS2019,1:1,0.85
VS2017-089-0111,LS2019-089-0111,89,VS2017>LS2019,1:1,0.85
VS2017-089-0112,LS2019-089-0112,89,VS2017>LS2019,1:1,0.85
VS2017-089-0113,LS2019-089-0113,89,VS2017>LS2019,1:1,0.85
VS2017-089-0114,LS2019-089-0114,89,VS2017>LS2019,1:1,0.6
VS2017-089-0115,LS2019-089-0115,89,VS2017>LS2019,1:1,0.85
VS2017-089-0116,LS2019-089-0116,89,VS2017>LS2019,1:1,0.85
VS2017-089-0117,LS2019-089-0117,89,VS2017>LS2019,1:1,0.85
VS2017-089-0118,LS2019-089-0118,89,VS2017>LS2019,1:1,0.85
VS2017-089-0119,LS2019-089-0119,89,VS2017>LS2019,1:1,0.85
VS2017-089-0120,LS2019-089-0120,89,VS2017>LS2019,1:1,0.85
VS2017-089-0121,LS2019-089-0121,89,VS2017>LS2019,1:1,0.85
VS2017-089-0122,LS2019-089-0122,89,VS2017>LS2019,1:1,0.85
VS2017-089-0123,LS2019-089-0123,89,VS2017>LS2019,1:1,0.85
VS2017-089-0124,LS2019-089-0124,89,VS2017>LS2019,1:1,0.85
VS2017-089-0125,LS2019-089-0125,89,VS2017>LS2019,1:1,0.85
VS2017-089-0126,LS2019-089-0126,89,VS2017>LS2019,1:1,0.85
VS2017-089-0127,LS2019-089-0127,89,VS2017>LS2019,1:1,0.85
VS2017-089-0128,LS2019-089-0128,89,VS2017>LS2019,1:1,0.85
VS2017-089-0129,LS2019-089-0129,89,VS2017>LS2019,1:1,0.85
VS2017-089-0130,LS2019-089-0130,89,VS2017>LS2019,1:1,0.85
VS2017-089-0131,LS2019-089-0131,89,VS2017>LS2019,1:1,0.85
VS2017-089-0132,LS2019-089-0132,89,VS2017>LS2019,1:1,0.85
VS2017-089-0133,LS2019-089-0133,89,VS2017>LS2019,1:1,0.85
VS2017-089-0134,LS2019-089-0134,89,VS2017>LS2019,1:1,0.85
VS2017-089-0135,LS2019-089-0135,89,VS2017>LS2019,1:1,0.85
VS2017-089-0136,LS2019-089-0136,89,VS2017>LS2019,1:1,0.85
VS2017-089-0137,LS2019-089-0137,89,VS2017>LS2019,1:1,0.85
VS2017-089-0138,LS2019-089-0138,89,VS2017>LS2019,1:1,0.6
VS2017-089-0139,LS2019-089-0139,89,VS2017>LS2019,1:1,0.6
VS2017-089-0140,LS2019-089-0140,89,VS2017>LS2019,1:1,0.85
VS2017-089-0141,LS2019-089-0141,89,VS2017>LS2019,1:1,0.85
VS2017-089-0142,LS2019-089-0142,89,VS2017>LS2019,1:1,0.6
VS2017-089-0143,LS2019-089-0143,89,VS2017>LS2019,1:1,0.6
VS2017-089-0144,LS2019-089-0144,89,VS2017>LS2019,1:1,0.85
VS2017-089-0145,LS2019-089-0145,89,VS2017>LS2019,1:1,0.95
VS2017-089-0146,LS2019-089-0146,89,VS2017>LS2019,1:1,0.95
VS2017-089-0147,LS2019-089-0147,89,VS2017>LS2019,1:1,0.85
VS2017-089-0148,LS2019-089-0148,89,VS2017>LS2019,1:1,0.85
VS2017-089-0149,LS2019-089-0149,89,VS2017>LS2019,1:1,0.85
VS2017-089-0150,LS2019-089-0150,89,VS2017>LS2019,1:1,0.85
VS2017-089-0151,LS2019-089-0151,89,VS2017>LS2019,1:1,0.85
VS2017-089-0152,LS2019-089-0152,89,VS2017>LS2019,1:1,0.85
VS2017-089-0153,LS2019-089-0153,89,VS2017>LS2019,1:1,0.85
VS2017-089-0154,LS2019-089-0154,89,VS2017>LS2019,1:1,0.85
VS2017-089-0155,LS2019-089-0155,89,VS2017>LS2019,1:1,0.85
VS2017-089-0156,LS2019-089-0156,89,VS2017>LS2019,1:1,0.6
VS2017-089-0157,LS2019-089-0157,89,VS2017>LS2019,1:1,0.6
VS2017-089-0158,LS2019-089-0158,89,VS2017>LS2019,1:1,0.6
VS2017-089-0159,LS2019-089-0159,89,VS2017>LS2019,1:1,0.6
VS2017-089-0160,LS2019-089-0160,89,VS2017>LS2019,1:1,0.6
VS2017-089-0161,LS2019-089-0161,89,VS2017>LS2019,1:1,0.85
VS2017-089-0162,LS2019-089-0162,89,VS2017>LS2019,1:1,0.85
VS2017-089-0163,LS2019-089-0163,89,VS2017>LS2019,1:1,0.85
VS2017-089-0164,LS2019-089-0164,89,VS2017>LS2019,1:1,0.85
VS2017-089-0165,LS2019-089-0165,89,VS2017>LS2019,1:1,0.85
VS2017-089-0166,LS2019-089-0166,89,VS2017>LS2019,1:1,0.85
VS2017-089-0167,LS2019-089-0167,89,VS2017>LS2019,1:1,0.85
VS2017-089-0168,LS2019-089-0168,89,VS2017>LS2019,1:1,0.85
VS2017-089-0169,LS2019-089-0169,89,VS2017>LS2019,1:1,0.95
VS2017-089-0170,LS2019-089-0170,89,VS2017>LS2019,1:1,0.95
VS2017-089-0171,LS2019-089-0171,89,VS2017>LS2019,1:1,0.95
VS2017-089-0172,LS2019-089-0172,89,VS2017>LS2019,1:1,0.95
VS2017-089-0173,LS2019-089-0173,89,VS2017>LS2019,1:1,0.95
VS2017-089-0174,LS2019-089-0174,89,VS2017>LS2019,1:1,0.6
VS2017-089-0175,LS2019-089-0175,89,VS2017>LS2019,1:1,0.6
VS2017-089-0176,LS2019-089-0176,89,VS2017>LS2019,1:1,0.6
VS2017-089-0177,LS2019-089-0177,89,VS2017>LS2019,1:1,0.6
VS2017-089-0178,LS2019-089-0178,89,VS2017>LS2019,1:1,0.85
VS2017-089-0179,LS2019-089-0179,89,VS2017>LS2019,1:1,0.85
VS2017-089-0180,LS2019-089-0180,89,VS2017>LS2019,1:1,0.85
VS2017-089-0181,LS2019-089-0181,89,VS2017>LS2019,1:1,0.85
VS2017-089-0182,LS2019-089-0182,89,VS2017>LS2019,1:1,0.85
VS2017-089-0183,LS2019-089-0183,89,VS2017>LS2019,1:1,0.85
VS2017-089-0184,LS2019-089-0184,89,VS2017>LS2019,1:1,0.85
VS2017-089-0185,LS2019-089-0185,89,VS2017>LS2019,1:1,0.85
VS2017-089-0186,LS2019-089-0186,89,VS2017>LS2019,1:1,0.85
VS2017-089-0187,LS2019-089-0187,89,VS2017>LS2019,1:1,0.85
VS2017-089-0188,LS2019-089-0188,89,VS2017>LS2019,1:1,0.85
VS2017-089-0189,LS2019-089-0189,89,VS2017>LS2019,1:1,0.85
VS2017-089-0190,LS2019-089-0190,89,VS2017>LS2019,1:1,0.85
VS2017-089-0191,LS2019-089-0191,89,VS2017>LS2019,1:1,0.85
VS2017-089-0192,LS2019-089-0192,89,VS2017>LS2019,1:1,0.85
VS2017-089-0193,LS2019-089-0193,89,VS2017>LS2019,1:1,0.85
VS2017-089-0194,LS2019-089-0194,89,VS2017>LS2019,1:1,0.85
VS2017-089-0195,LS2019-089-0195,89,VS2017>LS2019,1:1,0.85
VS2017-089-0196,LS2019-089-0196,89,VS2017>LS2019,1:1,0.85
VS2017-089-0197,LS2019-089-0197,89,VS2017>LS2019,1:1,0.6
VS2017-089-0198,LS2019-089-0198,89,VS2017>LS2019,1:1,0.6
VS2017-089-0199,LS2019-089-0199,89,VS2017>LS2019,1:1,0.6
VS2017-089-0200,LS2019-089-0200,89,VS2017>LS2019,1:1,0.85
VS2017-089-0201,LS2019-089-0201,89,VS2017>LS2019,1:1,0.6
VS2017-089-0202,LS2019-089-0202,89,VS2017>LS2019,1:1,0.6
VS2017-089-0203,LS2019-089-0203,89,VS2017>LS2019,1:1,0.6
VS2017-089-0204,LS2019-089-0204,89,VS2017>LS2019,1:1,0.6
VS2017-089-0205,LS2019-089-0205,89,VS2017>LS2019,1:1,0.6
VS2017-089-0206,LS2019-089-0206,89,VS2017>LS2019,1:1,0.6
VS2017-089-0207,LS2019-089-0207,89,VS2017>LS2019,1:1,0.85
VS2017-089-0208,LS2019-089-0208,89,VS2017>LS2019,1:1,0.85
VS2017-089-0209,LS2019-089-0209,89,VS2017>LS2019,1:1,0.85
VS2017-089-0210,LS2019-089-0210,89,VS2017>LS2019,1:1,0.6
VS2017-089-0211,LS2019-089-0211,89,VS2017>LS2019,1:1,0.6
VS2017-089-0212,LS2019-089-0212,89,VS2017>LS2019,1:1,0.85
VS2017-089-0213,LS2019-089-0213,89,VS2017>LS2019,1:1,0.85
VS2017-089-0214,LS2019-089-0214,89,VS2017>LS2019,1:1,0.6
VS2017-089-0215,LS2019-089-0215,89,VS2017>LS2019,1:1,0.6
VS2017-089-0216,LS2019-089-0216,89,VS2017>LS2019,1:1,0.6
VS2017-089-0217,LS2019-089-0217,89,VS2017>LS2019,1:1,0.6
VS2017-089-0218,LS2019-089-0218,89,VS2017>LS2019,1:1,0.85
VS2017-089-0219,LS2019-089-0219,89,VS2017>LS2019,1:1,0.85
VS2017-089-0220,LS2019-089-0220,89,VS2017>LS2019,1:1,0.85
VS2017-089-0221,LS2019-089-0221,89,VS2017>LS2019,1:1,0.85
VS2017-089-0222,LS2019-089-0222,89,VS2017>LS2019,1:1,0.85
VS2017-089-0223,LS2019-089-0223,89,VS2017>LS2019,1:1,0.85
VS2017-089-0224,LS2019-089-0224,89,VS2017>LS2019,1:1,0.85
VS2017-089-0225,LS2019-089-0225,89,VS2017>LS2019,1:1,0.85
VS2017-089-0226,LS2019-089-0226,89,VS2017>LS2019,1:1,0.85
VS2017-089-0227,LS2019-089-0227,89,VS2017>LS2019,1:1,0.85
VS2017-089-0228,LS2019-089-0228,89,VS2017>LS2019,1:1,0.6
VS2017-089-0229,LS2019-089-0229,89,VS2017>LS2019,1:1,0.6
VS2017-089-0230,LS2019-089-0230,89,VS2017>LS2019,1:1,0.6
VS2017-089-0231,LS2019-089-0231,89,VS2017>LS2019,1:1,0.6
VS2017-089-0232,LS2019-089-0232,89,VS2017>LS2019,1:1,0.85
VS2017-089-0233,LS2019-089-0233,89,VS2017>LS2019,1:1,0.85
VS2017-089-0234,LS2019-089-0234,89,VS2017>LS2019,1:1,0.85
VS2017-089-0235,LS2019-089-0235,89,VS2017>LS2019,1:1,0.85
VS2017-089-0236,LS2019-089-0236,89,VS2017>LS2019,1:1,0.6
VS2017-089-0237,LS2019-089-0237,89,VS2017>LS2019,1:1,0.6
VS2017-089-0238,LS2019-089-0238,89,VS2017>LS2019,1:1,0.6
VS2017-089-0239,LS2019-089-0239,89,VS2017>LS2019,1:1,0.85
VS2017-089-0240,LS2019-089-0240,89,VS2017>LS2019,1:1,0.85
VS2017-089-0241,LS2019-089-0241,89,VS2017>LS2019,1:1,0.85
VS2017-089-0242,LS2019-089-0242,89,VS2017>LS2019,1:1,0.85
VS2017-089-0243,LS2019-089-0243,89,VS2017>LS2019,1:1,0.85
VS2017-089-0244,LS2019-089-0244,89,VS2017>LS2019,1:1,0.85
VS2017-089-0245,LS2019-089-0245,89,VS2017>LS2019,1:1,0.85
VS2017-089-0246,LS2019-089-0246,89,VS2017>LS2019,1:1,0.85
VS2017-089-0247,LS2019-089-0247,89,VS2017>LS2019,1:1,0.85
VS2017-089-0248,LS2019-089-0248,89,VS2017>LS2019,1:1,0.85
VS2017-089-0249,LS2019-089-0249,89,VS2017>LS2019,1:1,0.6
VS2017-089-0250,LS2019-089-0250,89,VS2017>LS2019,1:1,0.6
VS2017-089-0251,LS2019-089-0251,89,VS2017>LS2019,1:1,0.6
VS2017-089-0252,LS2019-089-0252,89,VS2017>LS2019,1:1,0.6
VS2017-089-0253,LS2019-089-0253,89,VS2017>LS2019,1:1,0.6
VS2017-089-0254,LS2019-089-0254,89,VS2017>LS2019,1:1,0.85
VS2017-089-0255,LS2019-089-0255,89,VS2017>LS2019,1:1,0.85
VS2017-089-0256,LS2019-089-0256,89,VS2017>LS2019,1:1,0.85
VS2017-089-0257,LS2019-089-0257,89,VS2017>LS2019,1:1,0.85
VS2017-089-0258,LS2019-089-0258,89,VS2017>LS2019,1:1,0.85
VS2017-089-0259,LS2019-089-0259,89,VS2017>LS2019,1:1,0.85
VS2017-089-0260,LS2019-089-0260,89,VS2017>LS2019,1:1,0.85
VS2017-089-0261,LS2019-089-0261,89,VS2017>LS2019,1:1,0.85
VS2017-089-0262,LS2019-089-0262,89,VS2017>LS2019,1:1,0.85
VS2017-089-0263,LS2019-089-0263,89,VS2017>LS2019,1:1,0.85
VS2017-089-0264,LS2019-089-0264,89,VS2017>LS2019,1:1,0.85
VS2017-089-0265,LS2019-089-0265,89,VS2017>LS2019,1:1,0.85
VS2017-089-0266,LS2019-089-0266,89,VS2017>LS2019,1:1,0.85
VS2017-089-0267,LS2019-089-0267,89,VS2017>LS2019,1:1,0.95
VS2017-089-0268,LS2019-089-0268,89,VS2017>LS2019,1:1,0.95
VS2017-089-0269,LS2019-089-0269,89,VS2017>LS2019,1:1,0.85
VS2017-089-0270,LS2019-089-0270,89,VS2017>LS2019,1:1,0.85
VS2017-089-0271,LS2019-089-0271,89,VS2017>LS2019,1:1,0.85
VS2017-089-0272,LS2019-089-0272,89,VS2017>LS2019,1:1,0.85
VS2017-089-0273,LS2019-089-0273,89,VS2017>LS2019,1:1,0.85
VS2017-089-0274,LS2019-089-0274,89,VS2017>LS2019,1:1,0.6
VS2017-089-0275,LS2019-089-0275,89,VS2017>LS2019,1:1,0.6
VS2017-089-0276,LS2019-089-0276,89,VS2017>LS2019,1:1,0.6
VS2017-089-0277,LS2019-089-0277,89,VS2017>LS2019,1:1,0.85
VS2017-089-0278,LS2019-089-0278,89,VS2017>LS2019,1:1,0.6
VS2017-089-0279,LS2019-089-0279,89,VS2017>LS2019,1:1,0.6
VS2017-089-0280,LS2019-089-0280,89,VS2017>LS2019,1:1,0.6
VS2017-089-0281,LS2019-089-0281,89,VS2017>LS2019,1:1,0.6
VS2017-089-0282,LS2019-089-0282,89,VS2017>LS2019,1:1,0.6
VS2017-089-0283,LS2019-089-0283,89,VS2017>LS2019,1:1,0.6
VS2017-089-0284,LS2019-089-0284,89,VS2017>LS2019,1:1,0.6
VS2017-089-0285,LS2019-089-0285,89,VS2017>LS2019,1:1,0.6
VS2017-089-0286,LS2019-089-0286,89,VS2017>LS2019,1:1,0.6
VS2017-089-0287,LS2019-089-0287,89,VS2017>LS2019,1:1,0.6
VS2017-089-0288,LS2019-089-0288,89,VS2017>LS2019,1:1,0.85
VS2017-089-0289,LS2019-089-0289,89,VS2017>LS2019,1:1,0.85
VS2017-089-0290,LS2019-089-0290,89,VS2017>LS2019,1:1,0.85
VS2017-089-0291,LS2019-089-0291,89,VS2017>LS2019,1:1,0.85
VS2017-089-0292,LS2019-089-0292,89,VS2017>LS2019,1:1,0.85
VS2017-089-0293,LS2019-089-0293,89,VS2017>LS2019,1:1,0.85
VS2017-089-0294,LS2019-089-0294,89,VS2017>LS2019,1:1,0.85
VS2017-089-0295,LS2019-089-0295,89,VS2017>LS2019,1:1,0.85
VS2017-089-0296,LS2019-089-0296,89,VS2017>LS2019,1:1,0.85
VS2017-089-0297,LS2019-089-0297,89,VS2017>LS2019,1:1,0.85
VS2017-089-0298,LS2019-089-0298,89,VS2017>LS2019,1:1,0.85
VS2017-089-0299,LS2019-089-0299,89,VS2017>LS2019,1:1,0.85
VS2017-089-0300,LS2019-089-0300,89,VS2017>LS2019,1:1,0.85
VS2017-089-0301,LS2019-089-0301,89,VS2017>LS2019,1:1,0.85
VS2017-089-0302,LS2019-089-0302,89,VS2017>LS2019,1:1,0.85
VS2017-089-0303,LS2019-089-0303,89,VS2017>LS2019,1:1,0.85
VS2017-089-0304,LS2019-089-0304,89,VS2017>LS2019,1:1,0.85
VS2017-089-0305,LS2019-089-0305,89,VS2017>LS2019,1:1,0.85
VS2017-089-0306,LS2019-089-0306,89,VS2017>LS2019,1:1,0.85
VS2017-089-0307,LS2019-089-0307,89,VS2017>LS2019,1:1,0.85
VS2017-089-0308,LS2019-089-0308,89,VS2017>LS2019,1:1,0.85
VS2017-089-0309,LS2019-089-0309,89,VS2017>LS2019,1:1,0.85
VS2017-089-0310,LS2019-089-0310,89,VS2017>LS2019,1:1,0.85
VS2017-089-0311,LS2019-089-0311,89,VS2017>LS2019,1:1,0.6
VS2017-089-0312,LS2019-089-0312,89,VS2017>LS2019,1:1,0.6
VS2017-089-0313,LS2019-089-0313,89,VS2017>LS2019,1:1,0.85
VS2017-089-0314,LS2019-089-0314,89,VS2017>LS2019,1:1,0.85
VS2017-089-0315,LS2019-089-0315,89,VS2017>LS2019,1:1,0.85
VS2017-089-0316,LS2019-089-0316,89,VS2017>LS2019,1:1,0.85
VS2017-089-0317,LS2019-089-0317,89,VS2017>LS2019,1:1,0.85
VS2017-089-0318,LS2019-089-0318,89,VS2017>LS2019,1:1,0.85
VS2017-089-0319,LS2019-089-0319,89,VS2017>LS2019,1:1,0.6
VS2017-089-0320,LS2019-089-0320,89,VS2017>LS2019,1:1,0.6
VS2017-089-0321,LS2019-089-0321,89,VS2017>LS2019,1:1,0.6
VS2017-089-0322,LS2019-089-0322,89,VS2017>LS2019,1:1,0.85
VS2017-089-0323,LS2019-089-0323,89,VS2017>LS2019,1:1,0.85
VS2017-089-0324,LS2019-089-0324,89,VS2017>LS2019,1:1,0.85
VS2017-089-0325,LS2019-089-0325,89,VS2017>LS2019,1:1,0.6
VS2017-089-0326,LS2019-089-0326,89,VS2017>LS2019,1:1,0.6
VS2017-089-0327,LS2019-089-0327,89,VS2017>LS2019,1:1,0.6
VS2017-089-0328,LS2019-089-0328,89,VS2017>LS2019,1:1,0.6
VS2017-089-0329,LS2019-089-0329,89,VS2017>LS2019,1:1,0.85
VS2017-089-0330,LS2019-089-0330,89,VS2017>LS2019,1:1,0.85
VS2017-089-0331,LS2019-089-0331,89,VS2017>LS2019,1:1,0.85
VS2017-089-0332,LS2019-089-0332,89,VS2017>LS2019,1:1,0.85
VS2017-089-0333,LS2019-089-0333,89,VS2017>LS2019,1:1,0.85
VS2017-089-0334,LS2019-089-0334,89,VS2017>LS2019,1:1,0.85
VS2017-089-0335,LS2019-089-0335,89,VS2017>LS2019,1:1,0.85
VS2017-089-0336,LS2019-089-0336,89,VS2017>LS2019,1:1,0.85
VS2017-089-0337,LS2019-089-0337,89,VS2017>LS2019,1:1,0.85
VS2017-089-0338,LS2019-089-0338,89,VS2017>LS2019,1:1,0.85
VS2017-089-0339,LS2019-089-0339,89,VS2017>LS2019,1:1,0.85
VS2017-089-0340,LS2019-089-0340,89,VS2017>LS2019,1:1,0.85
VS2017-089-0341,LS2019-089-0341,89,VS2017>LS2019,1:1,0.85
VS2017-089-0342,LS2019-089-0342,89,VS2017>LS2019,1:1,0.85
VS2017-089-0343,LS2019-089-0343,89,VS2017>LS2019,1:1,0.85
VS2017-089-0344,LS2019-089-0344,89,VS2017>LS2019,1:1,0.6
VS2017-089-0345,LS2019-089-0345,89,VS2017>LS2019,1:1,0.6
VS2017-089-0346,LS2019-089-0346,89,VS2017>LS2019,1:1,0.6
VS2017-089-0347,LS2019-089-0347,89,VS2017>LS2019,1:1,0.85
VS2017-089-0348,LS2019-089-0348,89,VS2017>LS2019,1:1,0.95
VS2017-089-0349,LS2019-089-0349,89,VS2017>LS2019,1:1,0.95
VS2017-089-0350,LS2019-089-0350,89,VS2017>LS2019,1:1,0.95
VS2017-089-0351,LS2019-089-0351,89,VS2017>LS2019,1:1,0.6
VS2017-089-0352,LS2019-089-0352,89,VS2017>LS2019,1:1,0.6
VS2017-089-0353,LS2019-089-0353,89,VS2017>LS2019,1:1,0.85
VS2017-089-0354,LS2019-089-0354,89,VS2017>LS2019,1:1,0.85
VS2017-089-0355,LS2019-089-0355,89,VS2017>LS2019,1:1,0.6
VS2017-089-0356,LS2019-089-0356,89,VS2017>LS2019,1:1,0.6
VS2017-089-0357,LS2019-089-0357,89,VS2017>LS2019,1:1,0.6
VS2017-089-0358,LS2019-089-0358,89,VS2017>LS2019,1:1,0.6
VS2017-089-0359,LS2019-089-0359,89,VS2017>LS2019,1:1,0.85
VS2017-089-0360,LS2019-089-0360,89,VS2017>LS2019,1:1,0.85
VS2017-089-0361,LS2019-089-0361,89,VS2017>LS2019,1:1,0.85
VS2017-089-0362,LS2019-089-0362,89,VS2017>LS2019,1:1,0.85
VS2017-089-0363,LS2019-089-0363,89,VS2017>LS2019,1:1,0.85
VS2017-089-0364,LS2019-089-0364,89,VS2017>LS2019,1:1,0.85
VS2017-089-0365,LS2019-089-0365,89,VS2017>LS2019,1:1,0.85
VS2017-089-0366,LS2019-089-0366,89,VS2017>LS2019,1:1,0.85
VS2017-089-0367,LS2019-089-0367,89,VS2017>LS2019,1:1,0.85
VS2017-089-0368,LS2019-089-0368,89,VS2017>LS2019,1:1,0.6
VS2017-089-0369,LS2019-089-0369,89,VS2017>LS2019,1:1,0.6
VS2017-089-0370,LS2019-089-0370,89,VS2017>LS2019,1:1,0.6
VS2017-089-0371,LS2019-089-0371,89,VS2017>LS2019,1:1,0.85
VS2017-089-0372,LS2019-089-0372,89,VS2017>LS2019,1:1,0.85
VS2017-089-0373,LS2019-089-0373,89,VS2017>LS2019,1:1,0.6
VS2017-089-0374,LS2019-089-0374,89,VS2017>LS2019,1:1,0.6
VS2017-089-0375,LS2019-089-0375,89,VS2017>LS2019,1:1,0.6
VS2017-089-0376,LS2019-089-0376,89,VS2017>LS2019,1:1,0.6
VS2017-089-0377,LS2019-089-0377,89,VS2017>LS2019,1:1,0.85
VS2017-089-0378,LS2019-089-0378,89,VS2017>LS2019,1:1,0.85
VS2017-089-0379,LS2019-089-0379,89,VS2017>LS2019,1:1,0.85
VS2017-089-0380,LS2019-089-0380,89,VS2017>LS2019,1:1,0.85
VS2017-089-0381,LS2019-089-0381,89,VS2017>LS2019,1:1,0.95
VS2017-089-0382,LS2019-089-0382,89,VS2017>LS2019,1:1,0.85
VS2017-089-0383,LS2019-089-0383,89,VS2017>LS2019,1:1,0.85
VS2017-089-0384,LS2019-089-0384,89,VS2017>LS2019,1:1,0.85
VS2017-089-0385,LS2019-089-0385,89,VS2017>LS2019,1:1,0.6
VS2017-089-0386,LS2019-089-0386,89,VS2017>LS2019,1:1,0.85
VS2017-089-0387,LS2019-089-0387,89,VS2017>LS2019,1:1,0.85
VS2017-089-0388,LS2019-089-0388,89,VS2017>LS2019,1:1,0.85
VS2017-089-0389,LS2019-089-0389,89,VS2017>LS2019,1:1,0.85
VS2017-089-0390,LS2019-089-0390,89,VS2017>LS2019,1:1,0.85
VS2017-089-0391,LS2019-089-0391,89,VS2017>LS2019,1:1,0.85
VS2017-089-0392,LS2019-089-0392,89,VS2017>LS2019,1:1,0.85
VS2017-089-0393,LS2019-089-0393,89,VS2017>LS2019,1:1,0.85
VS2017-089-0394,LS2019-089-0394,89,VS2017>LS2019,1:1,0.85
,LS2019-089-0395,89,VS2017>LS2019,new,0.0
,LS2019-089-0396,89,VS2017>LS2019,new,0.0
,LS2019-089-0397,89,VS2017>LS2019,new,0.0
,LS2019-089-0398,89,VS2017>LS2019,new,0.0
,LS2019-089-0399,89,VS2017>LS2019,new,0.0
,LS2019-089-0400,89,VS2017>LS2019,new,0.0
,LS2019-089-0401,89,VS2017>LS2019,new,0.0
,LS2019-089-0402,89,VS2017>LS2019,new,0.0
,LS2019-089-0403,89,VS2017>LS2019,new,0.0
,LS2019-089-0404,89,VS2017>LS2019,new,0.0
,LS2019-089-0405,89,VS2017>LS2019,new,0.0
,LS2019-089-0406,89,VS2017>LS2019,new,0.0
,LS2019-089-0407,89,VS2017>LS2019,new,0.0
,LS2019-089-0408,89,VS2017>LS2019,new,0.0
,LS2019-089-0409,89,VS2017>LS2019,new,0.0
,LS2019-089-0410,89,VS2017>LS2019,new,0.0
,LS2019-089-0411,89,VS2017>LS2019,new,0.0
,LS2019-089-0412,89,VS2017>LS2019,new,0.0
,LS2019-089-0413,89,VS2017>LS2019,new,0.0
,LS2019-089-0414,89,VS2017>LS2019,new,0.0
,LS2019-089-0415,89,VS2017>LS2019,new,0.0
,LS2019-089-0416,89,VS2017>LS2019,new,0.0
,LS2019-089-0417,89,VS2017>LS2019,new,0.0
,LS2019-089-0418,89,VS2017>LS2019,new,0.0
,LS2019-089-0419,89,VS2017>LS2019,new,0.0
,LS2019-089-0420,89,VS2017>LS2019,new,0.0
,LS2019-089-0421,89,VS2017>LS2019,new,0.0
,LS2019-089-0422,89,VS2017>LS2019,new,0.0
,LS2019-089-0423,89,VS2017>LS2019,new,0.0
,LS2019-089-0424,89,VS2017>LS2019,new,0.0
,LS2019-089-0425,89,VS2017>LS2019,new,0.0
,LS2019-089-0426,89,VS2017>LS2019,new,0.0
,LS2019-089-0427,89,VS2017>LS2019,new,0.0
,LS2019-089-0428,89,VS2017>LS2019,new,0.0
,LS2019-089-0429,89,VS2017>LS2019,new,0.0
,LS2019-089-0430,89,VS2017>LS2019,new,0.0
,LS2019-089-0431,89,VS2017>LS2019,new,0.0
,LS2019-089-0432,89,VS2017>LS2019,new,0.0
,LS2019-089-0433,89,VS2017>LS2019,new,0.0
,LS2019-089-0434,89,VS2017>LS2019,new,0.0
,LS2019-089-0435,89,VS2017>LS2019,new,0.0
,LS2019-089-0436,89,VS2017>LS2019,new,0.0
,LS2019-089-0437,89,VS2017>LS2019,new,0.0
,LS2019-089-0438,89,VS2017>LS2019,new,0.0
VS2017-090-0001,LS2019-090-0001,90,VS2017>LS2019,1:1,0.95
VS2017-090-0002,LS2019-090-0002,90,VS2017>LS2019,1:1,0.95
VS2017-090-0003,LS2019-090-0003,90,VS2017>LS2019,1:1,0.95
VS2017-090-0004,LS2019-090-0004,90,VS2017>LS2019,1:1,0.95
VS2017-090-0005,LS2019-090-0005,90,VS2017>LS2019,1:1,0.95
VS2017-090-0006,LS2019-090-0006,90,VS2017>LS2019,1:1,0.85
VS2017-090-0007,LS2019-090-0007,90,VS2017>LS2019,1:1,0.85
VS2017-090-0008,LS2019-090-0008,90,VS2017>LS2019,1:1,0.95
VS2017-090-0009,LS2019-090-0009,90,VS2017>LS2019,1:1,0.85
VS2017-090-0010,LS2019-090-0010,90,VS2017>LS2019,1:1,0.95
VS2017-090-0011,LS2019-090-0011,90,VS2017>LS2019,1:1,0.85
VS2017-090-0012,LS2019-090-0012,90,VS2017>LS2019,1:1,0.95
VS2017-090-0013,LS2019-090-0013,90,VS2017>LS2019,1:1,0.85
VS2017-090-0014,LS2019-090-0014,90,VS2017>LS2019,1:1,0.85
VS2017-090-0015,LS2019-090-0015,90,VS2017>LS2019,1:1,0.85
VS2017-090-0016,LS2019-090-0016,90,VS2017>LS2019,1:1,0.85
VS2017-090-0017,LS2019-090-0017,90,VS2017>LS2019,1:1,0.95
VS2017-090-0018,LS2019-090-0018,90,VS2017>LS2019,1:1,0.95
VS2017-090-0019,LS2019-090-0019,90,VS2017>LS2019,1:1,0.85
VS2017-090-0020,LS2019-090-0020,90,VS2017>LS2019,1:1,0.85
VS2017-090-0021,LS2019-090-0021,90,VS2017>LS2019,1:1,0.95
VS2017-090-0022,LS2019-090-0022,90,VS2017>LS2019,1:1,0.95
VS2017-090-0023,LS2019-090-0023,90,VS2017>LS2019,1:1,0.95
VS2017-090-0024,LS2019-090-0024,90,VS2017>LS2019,1:1,0.95
VS2017-090-0025,LS2019-090-0025,90,VS2017>LS2019,1:1,0.95
VS2017-090-0026,LS2019-090-0026,90,VS2017>LS2019,1:1,0.95
VS2017-090-0027,LS2019-090-0027,90,VS2017>LS2019,1:1,0.95
VS2017-090-0028,LS2019-090-0028,90,VS2017>LS2019,1:1,0.95
VS2017-090-0029,LS2019-090-0029,90,VS2017>LS2019,1:1,0.95
VS2017-090-0030,LS2019-090-0030,90,VS2017>LS2019,1:1,0.95
VS2017-090-0031,LS2019-090-0031,90,VS2017>LS2019,1:1,0.95
VS2017-090-0032,LS2019-090-0032,90,VS2017>LS2019,1:1,0.95
VS2017-090-0033,LS2019-090-0033,90,VS2017>LS2019,1:1,0.95
VS2017-090-0034,LS2019-090-0034,90,VS2017>LS2019,1:1,0.95
VS2017-090-0035,LS2019-090-0035,90,VS2017>LS2019,1:1,0.95
VS2017-090-0036,LS2019-090-0036,90,VS2017>LS2019,1:1,0.95
VS2017-090-0037,LS2019-090-0037,90,VS2017>LS2019,1:1,0.95
VS2017-090-0038,LS2019-090-0038,90,VS2017>LS2019,1:1,0.85
VS2017-090-0039,LS2019-090-0039,90,VS2017>LS2019,1:1,0.95
VS2017-090-0040,LS2019-090-0040,90,VS2017>LS2019,1:1,0.95
VS2017-090-0041,LS2019-090-0041,90,VS2017>LS2019,1:1,0.95
VS2017-090-0042,LS2019-090-0042,90,VS2017>LS2019,1:1,0.95
VS2017-090-0043,LS2019-090-0043,90,VS2017>LS2019,1:1,0.85
VS2017-090-0044,LS2019-090-0044,90,VS2017>LS2019,1:1,0.95
VS2017-090-0045,LS2019-090-0045,90,VS2017>LS2019,1:1,0.95
VS2017-090-0046,LS2019-090-0046,90,VS2017>LS2019,1:1,0.95
VS2017-090-0047,LS2019-090-0047,90,VS2017>LS2019,1:1,0.95
VS2017-090-0048,LS2019-090-0048,90,VS2017>LS2019,1:1,0.85
VS2017-090-0049,LS2019-090-0049,90,VS2017>LS2019,1:1,0.85
VS2017-090-0050,LS2019-090-0050,90,VS2017>LS2019,1:1,0.85
VS2017-090-0051,LS2019-090-0051,90,VS2017>LS2019,1:1,0.85
VS2017-090-0052,LS2019-090-0052,90,VS2017>LS2019,1:1,0.85
VS2017-090-0053,LS2019-090-0053,90,VS2017>LS2019,1:1,0.85
VS2017-090-0054,LS2019-090-0054,90,VS2017>LS2019,1:1,0.85
VS2017-090-0055,LS2019-090-0055,90,VS2017>LS2019,1:1,0.85
VS2017-090-0056,LS2019-090-0056,90,VS2017>LS2019,1:1,0.95
VS2017-090-0057,LS2019-090-0057,90,VS2017>LS2019,1:1,0.95
VS2017-090-0058,LS2019-090-0058,90,VS2017>LS2019,1:1,0.95
VS2017-090-0059,LS2019-090-0059,90,VS2017>LS2019,1:1,0.95
VS2017-090-0060,LS2019-090-0060,90,VS2017>LS2019,1:1,0.95
VS2017-090-0061,LS2019-090-0061,90,VS2017>LS2019,1:1,0.85
VS2017-090-0062,LS2019-090-0062,90,VS2017>LS2019,1:1,0.85
VS2017-090-0063,LS2019-090-0063,90,VS2017>LS2019,1:1,0.95
VS2017-090-0064,LS2019-090-0064,90,VS2017>LS2019,1:1,0.95
VS2017-090-0065,LS2019-090-0065,90,VS2017>LS2019,1:1,0.95
VS2017-090-0066,LS2019-090-0066,90,VS2017>LS2019,1:1,0.95
VS2017-090-0067,LS2019-090-0067,90,VS2017>LS2019,1:1,0.85
VS2017-090-0068,LS2019-090-0068,90,VS2017>LS2019,1:1,0.85
VS2017-090-0069,LS2019-090-0069,90,VS2017>LS2019,1:1,0.85
VS2017-090-0070,LS2019-090-0070,90,VS2017>LS2019,1:1,0.95
VS2017-090-0071,LS2019-090-0071,90,VS2017>LS2019,1:1,0.95
VS2017-090-0072,LS2019-090-0072,90,VS2017>LS2019,1:1,0.95
VS2017-090-0073,LS2019-090-0073,90,VS2017>LS2019,1:1,0.85
VS2017-090-0074,LS2019-090-0074,90,VS2017>LS2019,1:1,0.95
VS2017-090-0075,LS2019-090-0075,90,VS2017>LS2019,1:1,0.95
VS2017-090-0076,LS2019-090-0076,90,VS2017>LS2019,1:1,0.95
VS2017-090-0077,LS2019-090-0077,90,VS2017>LS2019,1:1,0.95
VS2017-090-0078,LS2019-090-0078,90,VS2017>LS2019,1:1,0.95
VS2017-090-0079,LS2019-090-0079,90,VS2017>LS2019,1:1,0.95
VS2017-090-0080,LS2019-090-0080,90,VS2017>LS2019,1:1,0.95
VS2017-090-0081,LS2019-090-0081,90,VS2017>LS2019,1:1,0.85
VS2017-090-0082,LS2019-090-0082,90,VS2017>LS2019,1:1,0.95
VS2017-090-0083,LS2019-090-0083,90,VS2017>LS2019,1:1,0.95
VS2017-090-0084,LS2019-090-0084,90,VS2017>LS2019,1:1,0.95
VS2017-090-0085,LS2019-090-0085,90,VS2017>LS2019,1:1,0.95
VS2017-090-0086,LS2019-090-0086,90,VS2017>LS2019,1:1,0.85
VS2017-090-0087,LS2019-090-0087,90,VS2017>LS2019,1:1,0.95
VS2017-090-0088,LS2019-090-0088,90,VS2017>LS2019,1:1,0.95
VS2017-090-0089,LS2019-090-0089,90,VS2017>LS2019,1:1,0.95
VS2017-090-0090,LS2019-090-0090,90,VS2017>LS2019,1:1,0.95
VS2017-090-0091,LS2019-090-0091,90,VS2017>LS2019,1:1,0.95
VS2017-090-0092,LS2019-090-0092,90,VS2017>LS2019,1:1,0.95
VS2017-090-0093,LS2019-090-0093,90,VS2017>LS2019,1:1,0.95
VS2017-090-0094,LS2019-090-0094,90,VS2017>LS2019,1:1,0.95
VS2017-090-0095,LS2019-090-0095,90,VS2017>LS2019,1:1,0.95
VS2017-090-0096,LS2019-090-0096,90,VS2017>LS2019,1:1,0.95
VS2017-090-0097,LS2019-090-0097,90,VS2017>LS2019,1:1,0.85
VS2017-090-0098,LS2019-090-0098,90,VS2017>LS2019,1:1,0.85
VS2017-090-0099,LS2019-090-0099,90,VS2017>LS2019,1:1,0.85
VS2017-090-0100,LS2019-090-0100,90,VS2017>LS2019,1:1,0.85
VS2017-090-0101,LS2019-090-0101,90,VS2017>LS2019,1:1,0.85
VS2017-090-0102,LS2019-090-0102,90,VS2017>LS2019,1:1,0.85
VS2017-090-0103,LS2019-090-0103,90,VS2017>LS2019,1:1,0.85
VS2017-090-0104,LS2019-090-0104,90,VS2017>LS2019,1:1,0.85
VS2017-090-0105,LS2019-090-0105,90,VS2017>LS2019,1:1,0.85
VS2017-090-0106,LS2019-090-0106,90,VS2017>LS2019,1:1,0.95
VS2017-090-0107,LS2019-090-0107,90,VS2017>LS2019,1:1,0.95
VS2017-090-0108,LS2019-090-0108,90,VS2017>LS2019,1:1,0.85
VS2017-090-0109,LS2019-090-0109,90,VS2017>LS2019,1:1,0.85
VS2017-090-0110,LS2019-090-0110,90,VS2017>LS2019,1:1,0.85
VS2017-090-0111,LS2019-090-0111,90,VS2017>LS2019,1:1,0.85
VS2017-090-0112,LS2019-090-0112,90,VS2017>LS2019,1:1,0.85
VS2017-090-0113,LS2019-090-0113,90,VS2017>LS2019,1:1,0.85
VS2017-090-0114,LS2019-090-0114,90,VS2017>LS2019,1:1,0.85
VS2017-090-0115,LS2019-090-0115,90,VS2017>LS2019,1:1,0.85
VS2017-090-0116,LS2019-090-0116,90,VS2017>LS2019,1:1,0.85
VS2017-090-0117,LS2019-090-0117,90,VS2017>LS2019,1:1,0.85
VS2017-090-0118,LS2019-090-0118,90,VS2017>LS2019,1:1,0.85
VS2017-090-0119,LS2019-090-0119,90,VS2017>LS2019,1:1,0.85
VS2017-090-0120,LS2019-090-0120,90,VS2017>LS2019,1:1,0.85
VS2017-090-0121,LS2019-090-0121,90,VS2017>LS2019,1:1,0.85
VS2017-090-0122,LS2019-090-0122,90,VS2017>LS2019,1:1,0.85
VS2017-090-0123,LS2019-090-0123,90,VS2017>LS2019,1:1,0.85
VS2017-090-0124,LS2019-090-0124,90,VS2017>LS2019,1:1,0.85
VS2017-090-0125,LS2019-090-0125,90,VS2017>LS2019,1:1,0.85
VS2017-090-0126,LS2019-090-0126,90,VS2017>LS2019,1:1,0.85
VS2017-090-0127,LS2019-090-0127,90,VS2017>LS2019,1:1,0.95
VS2017-090-0128,LS2019-090-0128,90,VS2017>LS2019,1:1,0.95
VS2017-090-0129,LS2019-090-0129,90,VS2017>LS2019,1:1,0.95
VS2017-090-0130,LS2019-090-0130,90,VS2017>LS2019,1:1,0.95
VS2017-090-0131,LS2019-090-0131,90,VS2017>LS2019,1:1,0.95
VS2017-090-0132,LS2019-090-0132,90,VS2017>LS2019,1:1,0.95
VS2017-090-0133,LS2019-090-0133,90,VS2017>LS2019,1:1,0.6
VS2017-090-0134,LS2019-090-0134,90,VS2017>LS2019,1:1,0.85
VS2017-090-0135,LS2019-090-0135,90,VS2017>LS2019,1:1,0.85
VS2017-090-0136,LS2019-090-0136,90,VS2017>LS2019,1:1,0.6
VS2017-090-0137,LS2019-090-0137,90,VS2017>LS2019,1:1,0.85
VS2017-090-0138,LS2019-090-0138,90,VS2017>LS2019,1:1,0.85
VS2017-090-0139,LS2019-090-0139,90,VS2017>LS2019,1:1,0.95
VS2017-090-0140,LS2019-090-0140,90,VS2017>LS2019,1:1,0.85
VS2017-090-0141,LS2019-090-0141,90,VS2017>LS2019,1:1,0.85
VS2017-090-0142,LS2019-090-0142,90,VS2017>LS2019,1:1,0.85
VS2017-090-0143,LS2019-090-0143,90,VS2017>LS2019,1:1,0.85
VS2017-090-0144,LS2019-090-0144,90,VS2017>LS2019,1:1,0.95
VS2017-090-0145,LS2019-090-0145,90,VS2017>LS2019,1:1,0.95
VS2017-090-0146,LS2019-090-0146,90,VS2017>LS2019,1:1,0.95
VS2017-090-0147,LS2019-090-0147,90,VS2017>LS2019,1:1,0.95
VS2017-090-0148,LS2019-090-0148,90,VS2017>LS2019,1:1,0.95
VS2017-090-0149,LS2019-090-0149,90,VS2017>LS2019,1:1,0.95
VS2017-090-0150,LS2019-090-0150,90,VS2017>LS2019,1:1,0.95
VS2017-090-0151,LS2019-090-0151,90,VS2017>LS2019,1:1,0.85
VS2017-090-0152,LS2019-090-0152,90,VS2017>LS2019,1:1,0.85
VS2017-090-0153,LS2019-090-0153,90,VS2017>LS2019,1:1,0.85
VS2017-090-0154,LS2019-090-0154,90,VS2017>LS2019,1:1,0.85
VS2017-090-0155,LS2019-090-0155,90,VS2017>LS2019,1:1,0.85
VS2017-090-0156,LS2019-090-0156,90,VS2017>LS2019,1:1,0.85
VS2017-090-0157,LS2019-090-0157,90,VS2017>LS2019,1:1,0.85
VS2017-090-0158,LS2019-090-0158,90,VS2017>LS2019,1:1,0.85
VS2017-090-0159,LS2019-090-0159,90,VS2017>LS2019,1:1,0.85
VS2017-090-0160,LS2019-090-0160,90,VS2017>LS2019,1:1,0.85
VS2017-090-0161,LS2019-090-0161,90,VS2017>LS2019,1:1,0.85
VS2017-090-0162,LS2019-090-0162,90,VS2017>LS2019,1:1,0.85
VS2017-090-0163,LS2019-090-0163,90,VS2017>LS2019,1:1,0.85
VS2017-090-0164,LS2019-090-0164,90,VS2017>LS2019,1:1,0.85
VS2017-090-0165,LS2019-090-0165,90,VS2017>LS2019,1:1,0.85
VS2017-090-0166,LS2019-090-0166,90,VS2017>LS2019,1:1,0.85
VS2017-090-0167,LS2019-090-0167,90,VS2017>LS2019,1:1,0.85
VS2017-090-0168,LS2019-090-0168,90,VS2017>LS2019,1:1,0.85
VS2017-090-0169,LS2019-090-0169,90,VS2017>LS2019,1:1,0.85
VS2017-090-0170,LS2019-090-0170,90,VS2017>LS2019,1:1,0.95
VS2017-090-0171,LS2019-090-0171,90,VS2017>LS2019,1:1,0.95
VS2017-090-0172,LS2019-090-0172,90,VS2017>LS2019,1:1,0.85
VS2017-090-0173,LS2019-090-0173,90,VS2017>LS2019,1:1,0.85
VS2017-090-0174,LS2019-090-0174,90,VS2017>LS2019,1:1,0.85
VS2017-090-0175,LS2019-090-0175,90,VS2017>LS2019,1:1,0.95
VS2017-090-0176,LS2019-090-0176,90,VS2017>LS2019,1:1,0.95
VS2017-090-0177,LS2019-090-0177,90,VS2017>LS2019,1:1,0.95
VS2017-090-0178,LS2019-090-0178,90,VS2017>LS2019,1:1,0.6
VS2017-090-0179,LS2019-090-0179,90,VS2017>LS2019,1:1,0.6
VS2017-090-0180,LS2019-090-0180,90,VS2017>LS2019,1:1,0.95
VS2017-090-0181,LS2019-090-0181,90,VS2017>LS2019,1:1,0.95
VS2017-090-0182,LS2019-090-0182,90,VS2017>LS2019,1:1,0.95
VS2017-090-0183,LS2019-090-0183,90,VS2017>LS2019,1:1,0.85
VS2017-090-0184,LS2019-090-0184,90,VS2017>LS2019,1:1,0.85
VS2017-090-0185,LS2019-090-0185,90,VS2017>LS2019,1:1,0.6
VS2017-090-0186,LS2019-090-0186,90,VS2017>LS2019,1:1,0.6
VS2017-090-0187,LS2019-090-0187,90,VS2017>LS2019,1:1,0.85
VS2017-090-0188,LS2019-090-0188,90,VS2017>LS2019,1:1,0.85
VS2017-090-0189,LS2019-090-0189,90,VS2017>LS2019,1:1,0.85
VS2017-090-0190,LS2019-090-0190,90,VS2017>LS2019,1:1,0.85
VS2017-090-0191,LS2019-090-0191,90,VS2017>LS2019,1:1,0.85
VS2017-090-0192,LS2019-090-0192,90,VS2017>LS2019,1:1,0.85
VS2017-090-0193,LS2019-090-0193,90,VS2017>LS2019,1:1,0.85
VS2017-090-0194,LS2019-090-0194,90,VS2017>LS2019,1:1,0.85
VS2017-090-0195,LS2019-090-0195,90,VS2017>LS2019,1:1,0.85
VS2017-090-0196,LS2019-090-0196,90,VS2017>LS2019,1:1,0.6
VS2017-090-0197,LS2019-090-0197,90,VS2017>LS2019,1:1,0.6
VS2017-090-0198,LS2019-090-0198,90,VS2017>LS2019,1:1,0.85
VS2017-090-0199,LS2019-090-0199,90,VS2017>LS2019,1:1,0.85
VS2017-090-0200,LS2019-090-0200,90,VS2017>LS2019,1:1,0.85
VS2017-090-0201,LS2019-090-0201,90,VS2017>LS2019,1:1,0.85
VS2017-090-0202,LS2019-090-0202,90,VS2017>LS2019,1:1,0.85
VS2017-090-0203,LS2019-090-0203,90,VS2017>LS2019,1:1,0.85
VS2017-090-0204,LS2019-090-0204,90,VS2017>LS2019,1:1,0.85
VS2017-090-0205,LS2019-090-0205,90,VS2017>LS2019,1:1,0.85
VS2017-090-0206,LS2019-090-0206,90,VS2017>LS2019,1:1,0.95
VS2017-090-0207,LS2019-090-0207,90,VS2017>LS2019,1:1,0.85
VS2017-090-0208,LS2019-090-0208,90,VS2017>LS2019,1:1,0.85
VS2017-090-0209,LS2019-090-0209,90,VS2017>LS2019,1:1,0.85
VS2017-090-0210,LS2019-090-0210,90,VS2017>LS2019,1:1,0.85
VS2017-090-0211,LS2019-090-0211,90,VS2017>LS2019,1:1,0.95
VS2017-090-0212,LS2019-090-0212,90,VS2017>LS2019,1:1,0.95
VS2017-090-0213,LS2019-090-0213,90,VS2017>LS2019,1:1,0.95
VS2017-090-0214,LS2019-090-0214,90,VS2017>LS2019,1:1,0.95
VS2017-090-0215,LS2019-090-0215,90,VS2017>LS2019,1:1,0.95
VS2017-090-0216,LS2019-090-0216,90,VS2017>LS2019,1:1,0.85
VS2017-090-0217,LS2019-090-0217,90,VS2017>LS2019,1:1,0.85
VS2017-090-0218,LS2019-090-0218,90,VS2017>LS2019,1:1,0.95
VS2017-090-0219,LS2019-090-0219,90,VS2017>LS2019,1:1,0.95
VS2017-090-0220,LS2019-090-0220,90,VS2017>LS2019,1:1,0.95
VS2017-090-0221,LS2019-090-0221,90,VS2017>LS2019,1:1,0.95
VS2017-090-0222,LS2019-090-0222,90,VS2017>LS2019,1:1,0.85
VS2017-090-0223,LS2019-090-0223,90,VS2017>LS2019,1:1,0.85
VS2017-090-0224,LS2019-090-0224,90,VS2017>LS2019,1:1,0.85
VS2017-090-0225,LS2019-090-0225,90,VS2017>LS2019,1:1,0.85
VS2017-090-0226,LS2019-090-0226,90,VS2017>LS2019,1:1,0.85
VS2017-090-0227,LS2019-090-0227,90,VS2017>LS2019,1:1,0.95
VS2017-090-0228,LS2019-090-0228,90,VS2017>LS2019,1:1,0.95
VS2017-090-0229,LS2019-090-0229,90,VS2017>LS2019,1:1,0.95
VS2017-090-0230,LS2019-090-0230,90,VS2017>LS2019,1:1,0.85
VS2017-090-0231,LS2019-090-0231,90,VS2017>LS2019,1:1,0.85
VS2017-090-0232,LS2019-090-0232,90,VS2017>LS2019,1:1,0.85
VS2017-090-0233,LS2019-090-0233,90,VS2017>LS2019,1:1,0.85
VS2017-090-0234,LS2019-090-0234,90,VS2017>LS2019,1:1,0.85
VS2017-090-0235,LS2019-090-0235,90,VS2017>LS2019,1:1,0.85
VS2017-090-0236,LS2019-090-0236,90,VS2017>LS2019,1:1,0.85
VS2017-090-0237,LS2019-090-0237,90,VS2017>LS2019,1:1,0.85
VS2017-090-0238,LS2019-090-0238,90,VS2017>LS2019,1:1,0.85
VS2017-090-0239,LS2019-090-0239,90,VS2017>LS2019,1:1,0.95
VS2017-090-0240,LS2019-090-0240,90,VS2017>LS2019,1:1,0.95
VS2017-090-0241,LS2019-090-0241,90,VS2017>LS2019,1:1,0.95
VS2017-090-0242,LS2019-090-0242,90,VS2017>LS2019,1:1,0.95
VS2017-090-0243,LS2019-090-0243,90,VS2017>LS2019,1:1,0.85
VS2017-090-0244,LS2019-090-0244,90,VS2017>LS2019,1:1,0.85
VS2017-090-0245,LS2019-090-0245,90,VS2017>LS2019,1:1,0.85
VS2017-090-0246,LS2019-090-0246,90,VS2017>LS2019,1:1,0.85
VS2017-090-0247,LS2019-090-0247,90,VS2017>LS2019,1:1,0.85
VS2017-090-0248,LS2019-090-0248,90,VS2017>LS2019,1:1,0.85
VS2017-090-0249,LS2019-090-0249,90,VS2017>LS2019,1:1,0.6
VS2017-090-0250,LS2019-090-0250,90,VS2017>LS2019,1:1,0.6
VS2017-090-0251,LS2019-090-0251,90,VS2017>LS2019,1:1,0.85
VS2017-090-0252,LS2019-090-0252,90,VS2017>LS2019,1:1,0.85
VS2017-090-0253,LS2019-090-0253,90,VS2017>LS2019,1:1,0.85
VS2017-090-0254,LS2019-090-0254,90,VS2017>LS2019,1:1,0.95
VS2017-090-0255,LS2019-090-0255,90,VS2017>LS2019,1:1,0.95
VS2017-090-0256,LS2019-090-0256,90,VS2017>LS2019,1:1,0.95
VS2017-090-0257,LS2019-090-0257,90,VS2017>LS2019,1:1,0.95
VS2017-090-0258,LS2019-090-0258,90,VS2017>LS2019,1:1,0.95
VS2017-090-0259,LS2019-090-0259,90,VS2017>LS2019,1:1,0.95
VS2017-090-0260,LS2019-090-0260,90,VS2017>LS2019,1:1,0.85
VS2017-090-0261,LS2019-090-0261,90,VS2017>LS2019,1:1,0.85
VS2017-090-0262,LS2019-090-0262,90,VS2017>LS2019,1:1,0.95
VS2017-090-0263,LS2019-090-0263,90,VS2017>LS2019,1:1,0.95
VS2017-090-0264,LS2019-090-0264,90,VS2017>LS2019,1:1,0.95
VS2017-090-0265,LS2019-090-0265,90,VS2017>LS2019,1:1,0.95
VS2017-090-0266,LS2019-090-0266,90,VS2017>LS2019,1:1,0.95
VS2017-090-0267,LS2019-090-0267,90,VS2017>LS2019,1:1,0.95
VS2017-090-0268,LS2019-090-0268,90,VS2017>LS2019,1:1,0.95
VS2017-090-0269,LS2019-090-0269,90,VS2017>LS2019,1:1,0.95
VS2017-090-0270,LS2019-090-0270,90,VS2017>LS2019,1:1,0.95
VS2017-090-0271,LS2019-090-0271,90,VS2017>LS2019,1:1,0.95
VS2017-090-0272,LS2019-090-0272,90,VS2017>LS2019,1:1,0.95
VS2017-090-0273,LS2019-090-0273,90,VS2017>LS2019,1:1,0.95
VS2017-090-0274,LS2019-090-0274,90,VS2017>LS2019,1:1,0.95
VS2017-090-0275,LS2019-090-0275,90,VS2017>LS2019,1:1,0.95
VS2017-090-0276,LS2019-090-0276,90,VS2017>LS2019,1:1,0.85
VS2017-090-0277,LS2019-090-0277,90,VS2017>LS2019,1:1,0.85
VS2017-090-0278,LS2019-090-0278,90,VS2017>LS2019,1:1,0.85
VS2017-090-0279,LS2019-090-0279,90,VS2017>LS2019,1:1,0.85
VS2017-090-0280,LS2019-090-0280,90,VS2017>LS2019,1:1,0.85
VS2017-090-0281,LS2019-090-0281,90,VS2017>LS2019,1:1,0.85
VS2017-090-0282,LS2019-090-0282,90,VS2017>LS2019,1:1,0.85
VS2017-090-0283,LS2019-090-0283,90,VS2017>LS2019,1:1,0.85
VS2017-090-0284,LS2019-090-0284,90,VS2017>LS2019,1:1,0.95
VS2017-090-0285,LS2019-090-0285,90,VS2017>LS2019,1:1,0.95
VS2017-090-0286,LS2019-090-0286,90,VS2017>LS2019,1:1,0.95
VS2017-090-0287,LS2019-090-0287,90,VS2017>LS2019,1:1,0.95
VS2017-090-0288,LS2019-090-0288,90,VS2017>LS2019,1:1,0.95
VS2017-090-0289,LS2019-090-0289,90,VS2017>LS2019,1:1,0.95
VS2017-090-0290,LS2019-090-0290,90,VS2017>LS2019,1:1,0.85
VS2017-090-0291,LS2019-090-0291,90,VS2017>LS2019,1:1,0.85
VS2017-090-0292,LS2019-090-0292,90,VS2017>LS2019,1:1,0.95
VS2017-090-0293,LS2019-090-0293,90,VS2017>LS2019,1:1,0.95
VS2017-090-0294,LS2019-090-0294,90,VS2017>LS2019,1:1,0.95
VS2017-090-0295,LS2019-090-0295,90,VS2017>LS2019,1:1,0.85
VS2017-090-0296,LS2019-090-0296,90,VS2017>LS2019,1:1,0.95
VS2017-090-0297,LS2019-090-0297,90,VS2017>LS2019,1:1,0.95
VS2017-090-0298,LS2019-090-0298,90,VS2017>LS2019,1:1,0.85
VS2017-090-0299,LS2019-090-0299,90,VS2017>LS2019,1:1,0.85
VS2017-090-0300,LS2019-090-0300,90,VS2017>LS2019,1:1,0.95
VS2017-090-0301,LS2019-090-0301,90,VS2017>LS2019,1:1,0.95
VS2017-090-0302,LS2019-090-0302,90,VS2017>LS2019,1:1,0.95
VS2017-090-0303,LS2019-090-0303,90,VS2017>LS2019,1:1,0.95
VS2017-090-0304,LS2019-090-0304,90,VS2017>LS2019,1:1,0.95
VS2017-090-0305,LS2019-090-0305,90,VS2017>LS2019,1:1,0.95
VS2017-090-0306,LS2019-090-0306,90,VS2017>LS2019,1:1,0.95
VS2017-090-0307,LS2019-090-0307,90,VS2017>LS2019,1:1,0.95
VS2017-090-0308,LS2019-090-0308,90,VS2017>LS2019,1:1,0.95
VS2017-090-0309,LS2019-090-0309,90,VS2017>LS2019,1:1,0.95
VS2017-090-0310,LS2019-090-0310,90,VS2017>LS2019,1:1,0.95
VS2017-090-0311,LS2019-090-0311,90,VS2017>LS2019,1:1,0.95
VS2017-090-0312,LS2019-090-0312,90,VS2017>LS2019,1:1,0.95
VS2017-090-0313,LS2019-090-0313,90,VS2017>LS2019,1:1,0.95
VS2017-090-0314,LS2019-090-0314,90,VS2017>LS2019,1:1,0.95
VS2017-090-0315,LS2019-090-0315,90,VS2017>LS2019,1:1,0.95
VS2017-090-0316,LS2019-090-0316,90,VS2017>LS2019,1:1,0.85
VS2017-090-0317,LS2019-090-0317,90,VS2017>LS2019,1:1,0.95
VS2017-090-0318,LS2019-090-0318,90,VS2017>LS2019,1:1,0.95
VS2017-090-0319,LS2019-090-0319,90,VS2017>LS2019,1:1,0.95
VS2017-090-0320,LS2019-090-0320,90,VS2017>LS2019,1:1,0.95
VS2017-090-0321,LS2019-090-0321,90,VS2017>LS2019,1:1,0.95
VS2017-090-0322,LS2019-090-0322,90,VS2017>LS2019,1:1,0.95
VS2017-090-0323,LS2019-090-0323,90,VS2017>LS2019,1:1,0.95
VS2017-090-0324,LS2019-090-0324,90,VS2017>LS2019,1:1,0.95
VS2017-090-0325,LS2019-090-0325,90,VS2017>LS2019,1:1,0.95
VS2017-090-0326,LS2019-090-0326,90,VS2017>LS2019,1:1,0.95
VS2017-090-0327,LS2019-090-0327,90,VS2017>LS2019,1:1,0.95
VS2017-090-0328,LS2019-090-0328,90,VS2017>LS2019,1:1,0.95
VS2017-090-0329,LS2019-090-0329,90,VS2017>LS2019,1:1,0.95
VS2017-090-0330,LS2019-090-0330,90,VS2017>LS2019,1:1,0.85
VS2017-090-0331,LS2019-090-0331,90,VS2017>LS2019,1:1,0.85
VS2017-090-0332,LS2019-090-0332,90,VS2017>LS2019,1:1,0.85
VS2017-090-0333,LS2019-090-0333,90,VS2017>LS2019,1:1,0.95
VS2017-090-0334,LS2019-090-0334,90,VS2017>LS2019,1:1,0.95
VS2017-090-0335,LS2019-090-0335,90,VS2017>LS2019,1:1,0.95
VS2017-090-0336,LS2019-090-0336,90,VS2017>LS2019,1:1,0.95
VS2017-090-0337,LS2019-090-0337,90,VS2017>LS2019,1:1,0.95
VS2017-090-0338,LS2019-090-0338,90,VS2017>LS2019,1:1,0.85
VS2017-090-0339,LS2019-090-0339,90,VS2017>LS2019,1:1,0.95
VS2017-090-0340,LS2019-090-0340,90,VS2017>LS2019,1:1,0.95
VS2017-090-0341,LS2019-090-0341,90,VS2017>LS2019,1:1,0.95
VS2017-090-0342,LS2019-090-0342,90,VS2017>LS2019,1:1,0.95
VS2017-090-0343,LS2019-090-0343,90,VS2017>LS2019,1:1,0.95
VS2017-090-0344,LS2019-090-0344,90,VS2017>LS2019,1:1,0.95
VS2017-090-0345,LS2019-090-0345,90,VS2017>LS2019,1:1,0.85
VS2017-090-0346,LS2019-090-0346,90,VS2017>LS2019,1:1,0.85
VS2017-090-0347,LS2019-090-0347,90,VS2017>LS2019,1:1,0.85
VS2017-090-0348,LS2019-090-0348,90,VS2017>LS2019,1:1,0.85
VS2017-090-0349,LS2019-090-0349,90,VS2017>LS2019,1:1,0.85
VS2017-090-0350,LS2019-090-0350,90,VS2017>LS2019,1:1,0.95
VS2017-090-0351,LS2019-090-0351,90,VS2017>LS2019,1:1,0.95
VS2017-090-0352,LS2019-090-0352,90,VS2017>LS2019,1:1,0.95
VS2017-090-0353,LS2019-090-0353,90,VS2017>LS2019,1:1,0.85
VS2017-090-0354,LS2019-090-0354,90,VS2017>LS2019,1:1,0.85
VS2017-090-0355,LS2019-090-0355,90,VS2017>LS2019,1:1,0.6
VS2017-090-0356,LS2019-090-0356,90,VS2017>LS2019,1:1,0.95
VS2017-090-0357,LS2019-090-0357,90,VS2017>LS2019,1:1,0.95
VS2017-090-0358,LS2019-090-0358,90,VS2017>LS2019,1:1,0.85
VS2017-090-0359,LS2019-090-0359,90,VS2017>LS2019,1:1,0.95
VS2017-090-0360,LS2019-090-0360,90,VS2017>LS2019,1:1,0.95
VS2017-090-0361,LS2019-090-0361,90,VS2017>LS2019,1:1,0.95
VS2017-090-0362,LS2019-090-0362,90,VS2017>LS2019,1:1,0.95
VS2017-090-0363,LS2019-090-0363,90,VS2017>LS2019,1:1,0.95
VS2017-090-0364,LS2019-090-0364,90,VS2017>LS2019,1:1,0.95
VS2017-090-0365,LS2019-090-0365,90,VS2017>LS2019,1:1,0.95
VS2017-090-0366,LS2019-090-0366,90,VS2017>LS2019,1:1,0.85
VS2017-090-0367,LS2019-090-0367,90,VS2017>LS2019,1:1,0.85
VS2017-090-0368,LS2019-090-0368,90,VS2017>LS2019,1:1,0.85
VS2017-090-0369,LS2019-090-0369,90,VS2017>LS2019,1:1,0.85
VS2017-090-0370,LS2019-090-0370,90,VS2017>LS2019,1:1,0.85
VS2017-090-0371,LS2019-090-0371,90,VS2017>LS2019,1:1,0.95
VS2017-090-0372,LS2019-090-0372,90,VS2017>LS2019,1:1,0.95
VS2017-090-0373,LS2019-090-0373,90,VS2017>LS2019,1:1,0.85
VS2017-090-0374,LS2019-090-0374,90,VS2017>LS2019,1:1,0.95
VS2017-090-0375,LS2019-090-0375,90,VS2017>LS2019,1:1,0.95
VS2017-090-0376,LS2019-090-0376,90,VS2017>LS2019,1:1,0.95
VS2017-090-0377,LS2019-090-0377,90,VS2017>LS2019,1:1,0.95
VS2017-090-0378,LS2019-090-0378,90,VS2017>LS2019,1:1,0.95
VS2017-090-0379,LS2019-090-0379,90,VS2017>LS2019,1:1,0.85
VS2017-090-0380,LS2019-090-0380,90,VS2017>LS2019,1:1,0.95
VS2017-090-0381,LS2019-090-0381,90,VS2017>LS2019,1:1,0.95
VS2017-090-0382,LS2019-090-0382,90,VS2017>LS2019,1:1,0.95
VS2017-090-0383,LS2019-090-0383,90,VS2017>LS2019,1:1,0.85
VS2017-090-0384,LS2019-090-0384,90,VS2017>LS2019,1:1,0.95
VS2017-090-0385,LS2019-090-0385,90,VS2017>LS2019,1:1,0.95
VS2017-090-0386,LS2019-090-0386,90,VS2017>LS2019,1:1,0.95
VS2017-090-0387,LS2019-090-0387,90,VS2017>LS2019,1:1,0.95
VS2017-090-0388,LS2019-090-0388,90,VS2017>LS2019,1:1,0.95
VS2017-090-0389,LS2019-090-0389,90,VS2017>LS2019,1:1,0.95
VS2017-090-0390,LS2019-090-0390,90,VS2017>LS2019,1:1,0.85
VS2017-090-0391,LS2019-090-0391,90,VS2017>LS2019,1:1,0.85
,LS2019-090-0392,90,VS2017>LS2019,new,0.0
,LS2019-090-0393,90,VS2017>LS2019,new,0.0
,LS2019-090-0394,90,VS2017>LS2019,new,0.0
,LS2019-090-0395,90,VS2017>LS2019,new,0.0
,LS2019-090-0396,90,VS2017>LS2019,new,0.0
,LS2019-090-0397,90,VS2017>LS2019,new,0.0
,LS2019-090-0398,90,VS2017>LS2019,new,0.0
,LS2019-090-0399,90,VS2017>LS2019,new,0.0
,LS2019-090-0400,90,VS2017>LS2019,new,0.0
,LS2019-090-0401,90,VS2017>LS2019,new,0.0
,LS2019-090-0402,90,VS2017>LS2019,new,0.0
,LS2019-090-0403,90,VS2017>LS2019,new,0.0
,LS2019-090-0404,90,VS2017>LS2019,new,0.0
,LS2019-090-0405,90,VS2017>LS2019,new,0.0
,LS2019-090-0406,90,VS2017>LS2019,new,0.0
,LS2019-090-0407,90,VS2017>LS2019,new,0.0
,LS2019-090-0408,90,VS2017>LS2019,new,0.0
,LS2019-090-0409,90,VS2017>LS2019,new,0.0
,LS2019-090-0410,90,VS2017>LS2019,new,0.0
,LS2019-090-0411,90,VS2017>LS2019,new,0.0
,LS2019-090-0412,90,VS2017>LS2019,new,0.0
,LS2019-090-0413,90,VS2017>LS2019,new,0.0
,LS2019-090-0414,90,VS2017>LS2019,new,0.0
,LS2019-090-0415,90,VS2017>LS2019,new,0.0
,LS2019-090-0416,90,VS2017>LS2019,new,0.0
,LS2019-090-0417,90,VS2017>LS2019,new,0.0
,LS2019-090-0418,90,VS2017>LS2019,new,0.0
,LS2019-090-0419,90,VS2017>LS2019,new,0.0
,LS2019-090-0420,90,VS2017>LS2019,new,0.0
,LS2019-090-0421,90,VS2017>LS2019,new,0.0
,LS2019-090-0422,90,VS2017>LS2019,new,0.0
,LS2019-090-0423,90,VS2017>LS2019,new,0.0
,LS2019-090-0424,90,VS2017>LS2019,new,0.0
,LS2019-090-0425,90,VS2017>LS2019,new,0.0
,LS2019-090-0426,90,VS2017>LS2019,new,0.0
,LS2019-090-0427,90,VS2017>LS2019,new,0.0
,LS2019-090-0428,90,VS2017>LS2019,new,0.0
,LS2019-090-0429,90,VS2017>LS2019,new,0.0
,LS2019-090-0430,90,VS2017>LS2019,new,0.0
,LS2019-090-0431,90,VS2017>LS2019,new,0.0
,LS2019-090-0432,90,VS2017>LS2019,new,0.0
,LS2019-090-0433,90,VS2017>LS2019,new,0.0
,LS2019-090-0434,90,VS2017>LS2019,new,0.0
,LS2019-090-0435,90,VS2017>LS2019,new,0.0
,LS2019-090-0436,90,VS2017>LS2019,new,0.0
,LS2019-090-0437,90,VS2017>LS2019,new,0.0
,LS2019-090-0438,90,VS2017>LS2019,new,0.0
,LS2019-090-0439,90,VS2017>LS2019,new,0.0
,LS2019-090-0440,90,VS2017>LS2019,new,0.0
,LS2019-090-0441,90,VS2017>LS2019,new,0.0
,LS2019-090-0442,90,VS2017>LS2019,new,0.0
,LS2019-090-0443,90,VS2017>LS2019,new,0.0
,LS2019-090-0444,90,VS2017>LS2019,new,0.0
,LS2019-090-0445,90,VS2017>LS2019,new,0.0
,LS2019-090-0446,90,VS2017>LS2019,new,0.0
,LS2019-090-0447,90,VS2017>LS2019,new,0.0
,LS2019-090-0448,90,VS2017>LS2019,new,0.0
,LS2019-090-0449,90,VS2017>LS2019,new,0.0
,LS2019-090-0450,90,VS2017>LS2019,new,0.0
,LS2019-090-0451,90,VS2017>LS2019,new,0.0
,LS2019-090-0452,90,VS2017>LS2019,new,0.0
,LS2019-090-0453,90,VS2017>LS2019,new,0.0
,LS2019-090-0454,90,VS2017>LS2019,new,0.0
,LS2019-090-0455,90,VS2017>LS2019,new,0.0
,LS2019-090-0456,90,VS2017>LS2019,new,0.0
,LS2019-090-0457,90,VS2017>LS2019,new,0.0
,LS2019-090-0458,90,VS2017>LS2019,new,0.0
,LS2019-090-0459,90,VS2017>LS2019,new,0.0
,LS2019-090-0460,90,VS2017>LS2019,new,0.0
,LS2019-090-0461,90,VS2017>LS2019,new,0.0
VS2017-091-0001,LS2019-091-0001,91,VS2017>LS2019,1:1,0.95
VS2017-091-0002,LS2019-091-0002,91,VS2017>LS2019,1:1,0.95
VS2017-091-0003,LS2019-091-0003,91,VS2017>LS2019,1:1,0.95
VS2017-091-0004,LS2019-091-0004,91,VS2017>LS2019,1:1,0.95
VS2017-091-0005,LS2019-091-0005,91,VS2017>LS2019,1:1,0.95
VS2017-091-0006,LS2019-091-0006,91,VS2017>LS2019,1:1,0.95
VS2017-091-0007,LS2019-091-0007,91,VS2017>LS2019,1:1,0.95
VS2017-091-0008,LS2019-091-0008,91,VS2017>LS2019,1:1,0.95
VS2017-091-0009,LS2019-091-0009,91,VS2017>LS2019,1:1,0.95
VS2017-091-0010,LS2019-091-0010,91,VS2017>LS2019,1:1,0.95
VS2017-091-0011,LS2019-091-0011,91,VS2017>LS2019,1:1,0.95
VS2017-091-0012,LS2019-091-0012,91,VS2017>LS2019,1:1,0.95
VS2017-091-0013,LS2019-091-0013,91,VS2017>LS2019,1:1,0.95
VS2017-091-0014,LS2019-091-0014,91,VS2017>LS2019,1:1,0.95
VS2017-091-0015,LS2019-091-0015,91,VS2017>LS2019,1:1,0.95
VS2017-091-0016,LS2019-091-0016,91,VS2017>LS2019,1:1,0.95
VS2017-091-0017,LS2019-091-0017,91,VS2017>LS2019,1:1,0.95
VS2017-091-0018,LS2019-091-0018,91,VS2017>LS2019,1:1,0.95
VS2017-091-0019,LS2019-091-0019,91,VS2017>LS2019,1:1,0.95
VS2017-091-0020,LS2019-091-0020,91,VS2017>LS2019,1:1,0.95
VS2017-091-0021,LS2019-091-0021,91,VS2017>LS2019,1:1,0.95
VS2017-091-0022,LS2019-091-0022,91,VS2017>LS2019,1:1,0.95
VS2017-091-0023,LS2019-091-0023,91,VS2017>LS2019,1:1,0.95
VS2017-091-0024,LS2019-091-0024,91,VS2017>LS2019,1:1,0.95
VS2017-091-0025,LS2019-091-0025,91,VS2017>LS2019,1:1,0.95
VS2017-091-0026,LS2019-091-0026,91,VS2017>LS2019,1:1,0.95
VS2017-091-0027,LS2019-091-0027,91,VS2017>LS2019,1:1,0.95
VS2017-091-0028,LS2019-091-0028,91,VS2017>LS2019,1:1,0.95
VS2017-091-0029,LS2019-091-0029,91,VS2017>LS2019,1:1,0.85
VS2017-091-0030,LS2019-091-0030,91,VS2017>LS2019,1:1,0.95
VS2017-091-0031,LS2019-091-0031,91,VS2017>LS2019,1:1,0.85
VS2017-091-0032,LS2019-091-0032,91,VS2017>LS2019,1:1,0.85
VS2017-091-0033,LS2019-091-0033,91,VS2017>LS2019,1:1,0.95
VS2017-091-0034,LS2019-091-0034,91,VS2017>LS2019,1:1,0.95
VS2017-091-0035,LS2019-091-0035,91,VS2017>LS2019,1:1,0.95
VS2017-091-0036,LS2019-091-0036,91,VS2017>LS2019,1:1,0.85
VS2017-091-0037,LS2019-091-0037,91,VS2017>LS2019,1:1,0.85
VS2017-091-0038,LS2019-091-0038,91,VS2017>LS2019,1:1,0.95
VS2017-091-0039,LS2019-091-0039,91,VS2017>LS2019,1:1,0.95
VS2017-091-0040,LS2019-091-0040,91,VS2017>LS2019,1:1,0.95
VS2017-091-0041,LS2019-091-0041,91,VS2017>LS2019,1:1,0.95
VS2017-091-0042,LS2019-091-0042,91,VS2017>LS2019,1:1,0.85
VS2017-091-0043,LS2019-091-0043,91,VS2017>LS2019,1:1,0.85
VS2017-091-0044,LS2019-091-0044,91,VS2017>LS2019,1:1,0.85
VS2017-091-0045,LS2019-091-0045,91,VS2017>LS2019,1:1,0.85
VS2017-091-0046,LS2019-091-0046,91,VS2017>LS2019,1:1,0.85
VS2017-091-0047,LS2019-091-0047,91,VS2017>LS2019,1:1,0.95
VS2017-091-0048,LS2019-091-0048,91,VS2017>LS2019,1:1,0.85
VS2017-091-0049,LS2019-091-0049,91,VS2017>LS2019,1:1,0.85
VS2017-091-0050,LS2019-091-0050,91,VS2017>LS2019,1:1,0.85
VS2017-091-0051,LS2019-091-0051,91,VS2017>LS2019,1:1,0.95
VS2017-091-0052,LS2019-091-0052,91,VS2017>LS2019,1:1,0.95
VS2017-091-0053,LS2019-091-0053,91,VS2017>LS2019,1:1,0.85
VS2017-091-0054,LS2019-091-0054,91,VS2017>LS2019,1:1,0.95
VS2017-091-0055,LS2019-091-0055,91,VS2017>LS2019,1:1,0.85
VS2017-091-0056,LS2019-091-0056,91,VS2017>LS2019,1:1,0.85
VS2017-091-0057,LS2019-091-0057,91,VS2017>LS2019,1:1,0.85
VS2017-091-0058,LS2019-091-0058,91,VS2017>LS2019,1:1,0.95
VS2017-091-0059,LS2019-091-0059,91,VS2017>LS2019,1:1,0.95
VS2017-091-0060,LS2019-091-0060,91,VS2017>LS2019,1:1,0.95
VS2017-091-0061,LS2019-091-0061,91,VS2017>LS2019,1:1,0.95
VS2017-091-0062,LS2019-091-0062,91,VS2017>LS2019,1:1,0.85
VS2017-091-0063,LS2019-091-0063,91,VS2017>LS2019,1:1,0.85
VS2017-091-0064,LS2019-091-0064,91,VS2017>LS2019,1:1,0.85
VS2017-091-0065,LS2019-091-0065,91,VS2017>LS2019,1:1,0.95
VS2017-091-0066,LS2019-091-0066,91,VS2017>LS2019,1:1,0.85
VS2017-091-0067,LS2019-091-0067,91,VS2017>LS2019,1:1,0.85
VS2017-091-0068,LS2019-091-0068,91,VS2017>LS2019,1:1,0.85
VS2017-091-0069,LS2019-091-0069,91,VS2017>LS2019,1:1,0.95
VS2017-091-0070,LS2019-091-0070,91,VS2017>LS2019,1:1,0.95
VS2017-091-0071,LS2019-091-0071,91,VS2017>LS2019,1:1,0.95
VS2017-091-0072,LS2019-091-0072,91,VS2017>LS2019,1:1,0.95
VS2017-091-0073,LS2019-091-0073,91,VS2017>LS2019,1:1,0.95
VS2017-091-0074,LS2019-091-0074,91,VS2017>LS2019,1:1,0.95
VS2017-091-0075,LS2019-091-0075,91,VS2017>LS2019,1:1,0.95
VS2017-091-0076,LS2019-091-0076,91,VS2017>LS2019,1:1,0.95
VS2017-091-0077,LS2019-091-0077,91,VS2017>LS2019,1:1,0.95
VS2017-091-0078,LS2019-091-0078,91,VS2017>LS2019,1:1,0.95
VS2017-091-0079,LS2019-091-0079,91,VS2017>LS2019,1:1,0.95
VS2017-091-0080,LS2019-091-0080,91,VS2017>LS2019,1:1,0.95
VS2017-091-0081,LS2019-091-0081,91,VS2017>LS2019,1:1,0.95
VS2017-091-0082,LS2019-091-0082,91,VS2017>LS2019,1:1,0.95
VS2017-091-0083,LS2019-091-0083,91,VS2017>LS2019,1:1,0.95
VS2017-091-0084,LS2019-091-0084,91,VS2017>LS2019,1:1,0.95
VS2017-091-0085,LS2019-091-0085,91,VS2017>LS2019,1:1,0.95
VS2017-091-0086,LS2019-091-0086,91,VS2017>LS2019,1:1,0.95
VS2017-091-0087,LS2019-091-0087,91,VS2017>LS2019,1:1,0.95
VS2017-091-0088,LS2019-091-0088,91,VS2017>LS2019,1:1,0.95
VS2017-091-0089,LS2019-091-0089,91,VS2017>LS2019,1:1,0.95
VS2017-091-0090,LS2019-091-0090,91,VS2017>LS2019,1:1,0.95
VS2017-091-0091,LS2019-091-0091,91,VS2017>LS2019,1:1,0.95
VS2017-091-0092,LS2019-091-0092,91,VS2017>LS2019,1:1,0.85
VS2017-091-0093,LS2019-091-0093,91,VS2017>LS2019,1:1,0.85
VS2017-091-0094,LS2019-091-0094,91,VS2017>LS2019,1:1,0.95
VS2017-091-0095,LS2019-091-0095,91,VS2017>LS2019,1:1,0.95
VS2017-091-0096,LS2019-091-0096,91,VS2017>LS2019,1:1,0.95
VS2017-091-0097,LS2019-091-0097,91,VS2017>LS2019,1:1,0.85
VS2017-091-0098,LS2019-091-0098,91,VS2017>LS2019,1:1,0.85
VS2017-091-0099,LS2019-091-0099,91,VS2017>LS2019,1:1,0.85
VS2017-091-0100,LS2019-091-0100,91,VS2017>LS2019,1:1,0.95
VS2017-091-0101,LS2019-091-0101,91,VS2017>LS2019,1:1,0.95
VS2017-091-0102,LS2019-091-0102,91,VS2017>LS2019,1:1,0.95
VS2017-091-0103,LS2019-091-0103,91,VS2017>LS2019,1:1,0.95
VS2017-091-0104,LS2019-091-0104,91,VS2017>LS2019,1:1,0.95
VS2017-091-0105,LS2019-091-0105,91,VS2017>LS2019,1:1,0.95
VS2017-091-0106,LS2019-091-0106,91,VS2017>LS2019,1:1,0.95
VS2017-091-0107,LS2019-091-0107,91,VS2017>LS2019,1:1,0.95
VS2017-091-0108,LS2019-091-0108,91,VS2017>LS2019,1:1,0.95
VS2017-091-0109,LS2019-091-0109,91,VS2017>LS2019,1:1,0.95
VS2017-091-0110,LS2019-091-0110,91,VS2017>LS2019,1:1,0.95
VS2017-091-0111,LS2019-091-0111,91,VS2017>LS2019,1:1,0.95
VS2017-091-0112,LS2019-091-0112,91,VS2017>LS2019,1:1,0.95
VS2017-091-0113,LS2019-091-0113,91,VS2017>LS2019,1:1,0.95
VS2017-091-0114,LS2019-091-0114,91,VS2017>LS2019,1:1,0.95
VS2017-091-0115,LS2019-091-0115,91,VS2017>LS2019,1:1,0.95
VS2017-091-0116,LS2019-091-0116,91,VS2017>LS2019,1:1,0.95
VS2017-091-0117,LS2019-091-0117,91,VS2017>LS2019,1:1,0.95
VS2017-091-0118,LS2019-091-0118,91,VS2017>LS2019,1:1,0.95
VS2017-091-0119,LS2019-091-0119,91,VS2017>LS2019,1:1,0.85
VS2017-091-0120,LS2019-091-0120,91,VS2017>LS2019,1:1,0.95
VS2017-091-0121,LS2019-091-0121,91,VS2017>LS2019,1:1,0.95
VS2017-091-0122,LS2019-091-0122,91,VS2017>LS2019,1:1,0.85
VS2017-091-0123,LS2019-091-0123,91,VS2017>LS2019,1:1,0.85
VS2017-091-0124,LS2019-091-0124,91,VS2017>LS2019,1:1,0.85
VS2017-091-0125,LS2019-091-0125,91,VS2017>LS2019,1:1,0.95
VS2017-091-0126,LS2019-091-0126,91,VS2017>LS2019,1:1,0.95
VS2017-091-0127,LS2019-091-0127,91,VS2017>LS2019,1:1,0.85
VS2017-091-0128,LS2019-091-0128,91,VS2017>LS2019,1:1,0.95
VS2017-091-0129,LS2019-091-0129,91,VS2017>LS2019,1:1,0.85
VS2017-091-0130,LS2019-091-0130,91,VS2017>LS2019,1:1,0.95
VS2017-091-0131,LS2019-091-0131,91,VS2017>LS2019,1:1,0.95
VS2017-091-0132,LS2019-091-0132,91,VS2017>LS2019,1:1,0.95
VS2017-091-0133,LS2019-091-0133,91,VS2017>LS2019,1:1,0.95
VS2017-091-0134,LS2019-091-0134,91,VS2017>LS2019,1:1,0.95
VS2017-091-0135,LS2019-091-0135,91,VS2017>LS2019,1:1,0.95
VS2017-091-0136,LS2019-091-0136,91,VS2017>LS2019,1:1,0.95
VS2017-091-0137,LS2019-091-0137,91,VS2017>LS2019,1:1,0.95
VS2017-091-0138,LS2019-091-0138,91,VS2017>LS2019,1:1,0.95
VS2017-091-0139,LS2019-091-0139,91,VS2017>LS2019,1:1,0.95
VS2017-091-0140,LS2019-091-0140,91,VS2017>LS2019,1:1,0.95
VS2017-091-0141,LS2019-091-0141,91,VS2017>LS2019,1:1,0.95
VS2017-091-0142,LS2019-091-0142,91,VS2017>LS2019,1:1,0.95
VS2017-091-0143,LS2019-091-0143,91,VS2017>LS2019,1:1,0.95
VS2017-091-0144,LS2019-091-0144,91,VS2017>LS2019,1:1,0.95
VS2017-091-0145,LS2019-091-0145,91,VS2017>LS2019,1:1,0.95
VS2017-091-0146,LS2019-091-0146,91,VS2017>LS2019,1:1,0.95
VS2017-091-0147,LS2019-091-0147,91,VS2017>LS2019,1:1,0.85
VS2017-091-0148,LS2019-091-0148,91,VS2017>LS2019,1:1,0.95
VS2017-091-0149,LS2019-091-0149,91,VS2017>LS2019,1:1,0.95
VS2017-091-0150,LS2019-091-0150,91,VS2017>LS2019,1:1,0.95
VS2017-091-0151,LS2019-091-0151,91,VS2017>LS2019,1:1,0.95
VS2017-091-0152,LS2019-091-0152,91,VS2017>LS2019,1:1,0.95
VS2017-091-0153,LS2019-091-0153,91,VS2017>LS2019,1:1,0.95
VS2017-091-0154,LS2019-091-0154,91,VS2017>LS2019,1:1,0.95
VS2017-091-0155,LS2019-091-0155,91,VS2017>LS2019,1:1,0.95
VS2017-091-0156,LS2019-091-0156,91,VS2017>LS2019,1:1,0.95
VS2017-091-0157,LS2019-091-0157,91,VS2017>LS2019,1:1,0.85
VS2017-091-0158,LS2019-091-0158,91,VS2017>LS2019,1:1,0.95
VS2017-091-0159,LS2019-091-0159,91,VS2017>LS2019,1:1,0.95
VS2017-091-0160,LS2019-091-0160,91,VS2017>LS2019,1:1,0.95
VS2017-091-0161,LS2019-091-0161,91,VS2017>LS2019,1:1,0.95
VS2017-091-0162,LS2019-091-0162,91,VS2017>LS2019,1:1,0.95
VS2017-091-0163,LS2019-091-0163,91,VS2017>LS2019,1:1,0.95
VS2017-091-0164,LS2019-091-0164,91,VS2017>LS2019,1:1,0.95
VS2017-091-0165,LS2019-091-0165,91,VS2017>LS2019,1:1,0.95
VS2017-091-0166,LS2019-091-0166,91,VS2017>LS2019,1:1,0.85
VS2017-091-0167,LS2019-091-0167,91,VS2017>LS2019,1:1,0.95
VS2017-091-0168,LS2019-091-0168,91,VS2017>LS2019,1:1,0.95
VS2017-091-0169,LS2019-091-0169,91,VS2017>LS2019,1:1,0.95
VS2017-091-0170,LS2019-091-0170,91,VS2017>LS2019,1:1,0.95
VS2017-091-0171,LS2019-091-0171,91,VS2017>LS2019,1:1,0.95
VS2017-091-0172,LS2019-091-0172,91,VS2017>LS2019,1:1,0.95
VS2017-091-0173,LS2019-091-0173,91,VS2017>LS2019,1:1,0.95
VS2017-091-0174,LS2019-091-0174,91,VS2017>LS2019,1:1,0.95
VS2017-091-0175,LS2019-091-0175,91,VS2017>LS2019,1:1,0.85
VS2017-091-0176,LS2019-091-0176,91,VS2017>LS2019,1:1,0.95
VS2017-091-0177,LS2019-091-0177,91,VS2017>LS2019,1:1,0.95
VS2017-091-0178,LS2019-091-0178,91,VS2017>LS2019,1:1,0.95
VS2017-091-0179,LS2019-091-0179,91,VS2017>LS2019,1:1,0.95
VS2017-091-0180,LS2019-091-0180,91,VS2017>LS2019,1:1,0.95
VS2017-091-0181,LS2019-091-0181,91,VS2017>LS2019,1:1,0.95
VS2017-091-0182,LS2019-091-0182,91,VS2017>LS2019,1:1,0.95
VS2017-091-0183,LS2019-091-0183,91,VS2017>LS2019,1:1,0.95
VS2017-091-0184,LS2019-091-0184,91,VS2017>LS2019,1:1,0.95
VS2017-091-0185,LS2019-091-0185,91,VS2017>LS2019,1:1,0.95
VS2017-091-0186,LS2019-091-0186,91,VS2017>LS2019,1:1,0.95
VS2017-091-0187,LS2019-091-0187,91,VS2017>LS2019,1:1,0.95
VS2017-091-0188,LS2019-091-0188,91,VS2017>LS2019,1:1,0.95
VS2017-091-0189,LS2019-091-0189,91,VS2017>LS2019,1:1,0.85
VS2017-091-0190,LS2019-091-0190,91,VS2017>LS2019,1:1,0.85
VS2017-091-0191,LS2019-091-0191,91,VS2017>LS2019,1:1,0.85
VS2017-091-0192,LS2019-091-0192,91,VS2017>LS2019,1:1,0.95
VS2017-091-0193,LS2019-091-0193,91,VS2017>LS2019,1:1,0.95
VS2017-091-0194,LS2019-091-0194,91,VS2017>LS2019,1:1,0.95
VS2017-091-0195,LS2019-091-0195,91,VS2017>LS2019,1:1,0.95
VS2017-091-0196,LS2019-091-0196,91,VS2017>LS2019,1:1,0.95
VS2017-091-0197,LS2019-091-0197,91,VS2017>LS2019,1:1,0.85
VS2017-091-0198,LS2019-091-0198,91,VS2017>LS2019,1:1,0.85
VS2017-091-0199,LS2019-091-0199,91,VS2017>LS2019,1:1,0.85
VS2017-091-0200,LS2019-091-0200,91,VS2017>LS2019,1:1,0.95
VS2017-091-0201,LS2019-091-0201,91,VS2017>LS2019,1:1,0.95
VS2017-091-0202,LS2019-091-0202,91,VS2017>LS2019,1:1,0.95
VS2017-091-0203,LS2019-091-0203,91,VS2017>LS2019,1:1,0.95
VS2017-091-0204,LS2019-091-0204,91,VS2017>LS2019,1:1,0.85
VS2017-091-0205,LS2019-091-0205,91,VS2017>LS2019,1:1,0.85
VS2017-091-0206,LS2019-091-0206,91,VS2017>LS2019,1:1,0.85
VS2017-091-0207,LS2019-091-0207,91,VS2017>LS2019,1:1,0.95
VS2017-091-0208,LS2019-091-0208,91,VS2017>LS2019,1:1,0.95
VS2017-091-0209,LS2019-091-0209,91,VS2017>LS2019,1:1,0.95
VS2017-091-0210,LS2019-091-0210,91,VS2017>LS2019,1:1,0.95
VS2017-091-0211,LS2019-091-0211,91,VS2017>LS2019,1:1,0.95
VS2017-091-0212,LS2019-091-0212,91,VS2017>LS2019,1:1,0.95
VS2017-091-0213,LS2019-091-0213,91,VS2017>LS2019,1:1,0.95
VS2017-091-0214,LS2019-091-0214,91,VS2017>LS2019,1:1,0.95
VS2017-091-0215,LS2019-091-0215,91,VS2017>LS2019,1:1,0.95
VS2017-091-0216,LS2019-091-0216,91,VS2017>LS2019,1:1,0.85
VS2017-091-0217,LS2019-091-0217,91,VS2017>LS2019,1:1,0.95
VS2017-091-0218,LS2019-091-0218,91,VS2017>LS2019,1:1,0.95
VS2017-091-0219,LS2019-091-0219,91,VS2017>LS2019,1:1,0.95
VS2017-091-0220,LS2019-091-0220,91,VS2017>LS2019,1:1,0.95
VS2017-091-0221,LS2019-091-0221,91,VS2017>LS2019,1:1,0.95
VS2017-091-0222,LS2019-091-0222,91,VS2017>LS2019,1:1,0.95
VS2017-091-0223,LS2019-091-0223,91,VS2017>LS2019,1:1,0.85
VS2017-091-0224,LS2019-091-0224,91,VS2017>LS2019,1:1,0.95
VS2017-091-0225,LS2019-091-0225,91,VS2017>LS2019,1:1,0.95
VS2017-091-0226,LS2019-091-0226,91,VS2017>LS2019,1:1,0.95
VS2017-091-0227,LS2019-091-0227,91,VS2017>LS2019,1:1,0.95
VS2017-091-0228,LS2019-091-0228,91,VS2017>LS2019,1:1,0.95
VS2017-091-0229,LS2019-091-0229,91,VS2017>LS2019,1:1,0.95
VS2017-091-0230,LS2019-091-0230,91,VS2017>LS2019,1:1,0.95
VS2017-091-0231,LS2019-091-0231,91,VS2017>LS2019,1:1,0.95
VS2017-091-0232,LS2019-091-0232,91,VS2017>LS2019,1:1,0.95
VS2017-091-0233,LS2019-091-0233,91,VS2017>LS2019,1:1,0.85
VS2017-091-0234,LS2019-091-0234,91,VS2017>LS2019,1:1,0.95
VS2017-091-0235,LS2019-091-0235,91,VS2017>LS2019,1:1,0.95
VS2017-091-0236,LS2019-091-0236,91,VS2017>LS2019,1:1,0.95
VS2017-091-0237,LS2019-091-0237,91,VS2017>LS2019,1:1,0.95
VS2017-091-0238,LS2019-091-0238,91,VS2017>LS2019,1:1,0.95
VS2017-091-0239,LS2019-091-0239,91,VS2017>LS2019,1:1,0.95
VS2017-091-0240,LS2019-091-0240,91,VS2017>LS2019,1:1,0.85
VS2017-091-0241,LS2019-091-0241,91,VS2017>LS2019,1:1,0.85
VS2017-091-0242,LS2019-091-0242,91,VS2017>LS2019,1:1,0.95
VS2017-091-0243,LS2019-091-0243,91,VS2017>LS2019,1:1,0.95
VS2017-091-0244,LS2019-091-0244,91,VS2017>LS2019,1:1,0.95
VS2017-091-0245,LS2019-091-0245,91,VS2017>LS2019,1:1,0.95
VS2017-091-0246,LS2019-091-0246,91,VS2017>LS2019,1:1,0.95
VS2017-091-0247,LS2019-091-0247,91,VS2017>LS2019,1:1,0.85
VS2017-091-0248,LS2019-091-0248,91,VS2017>LS2019,1:1,0.85
VS2017-091-0249,LS2019-091-0249,91,VS2017>LS2019,1:1,0.85
VS2017-091-0250,LS2019-091-0250,91,VS2017>LS2019,1:1,0.85
VS2017-091-0251,LS2019-091-0251,91,VS2017>LS2019,1:1,0.85
VS2017-091-0252,LS2019-091-0252,91,VS2017>LS2019,1:1,0.85
VS2017-091-0253,LS2019-091-0253,91,VS2017>LS2019,1:1,0.85
VS2017-091-0254,LS2019-091-0254,91,VS2017>LS2019,1:1,0.85
VS2017-091-0255,LS2019-091-0255,91,VS2017>LS2019,1:1,0.85
VS2017-091-0256,LS2019-091-0256,91,VS2017>LS2019,1:1,0.95
VS2017-091-0257,LS2019-091-0257,91,VS2017>LS2019,1:1,0.85
VS2017-091-0258,LS2019-091-0258,91,VS2017>LS2019,1:1,0.85
VS2017-091-0259,LS2019-091-0259,91,VS2017>LS2019,1:1,0.85
VS2017-091-0260,LS2019-091-0260,91,VS2017>LS2019,1:1,0.85
VS2017-091-0261,LS2019-091-0261,91,VS2017>LS2019,1:1,0.85
VS2017-091-0262,LS2019-091-0262,91,VS2017>LS2019,1:1,0.95
VS2017-091-0263,LS2019-091-0263,91,VS2017>LS2019,1:1,0.95
VS2017-091-0264,LS2019-091-0264,91,VS2017>LS2019,1:1,0.85
VS2017-091-0265,LS2019-091-0265,91,VS2017>LS2019,1:1,0.95
VS2017-091-0266,LS2019-091-0266,91,VS2017>LS2019,1:1,0.85
VS2017-091-0267,LS2019-091-0267,91,VS2017>LS2019,1:1,0.85
VS2017-091-0268,LS2019-091-0268,91,VS2017>LS2019,1:1,0.85
VS2017-091-0269,LS2019-091-0269,91,VS2017>LS2019,1:1,0.95
VS2017-091-0270,LS2019-091-0270,91,VS2017>LS2019,1:1,0.95
VS2017-091-0271,LS2019-091-0271,91,VS2017>LS2019,1:1,0.95
VS2017-091-0272,LS2019-091-0272,91,VS2017>LS2019,1:1,0.95
VS2017-091-0273,LS2019-091-0273,91,VS2017>LS2019,1:1,0.85
VS2017-091-0274,LS2019-091-0274,91,VS2017>LS2019,1:1,0.95
VS2017-091-0275,LS2019-091-0275,91,VS2017>LS2019,1:1,0.95
VS2017-091-0276,LS2019-091-0276,91,VS2017>LS2019,1:1,0.85
VS2017-091-0277,LS2019-091-0277,91,VS2017>LS2019,1:1,0.85
VS2017-091-0278,LS2019-091-0278,91,VS2017>LS2019,1:1,0.85
VS2017-091-0279,LS2019-091-0279,91,VS2017>LS2019,1:1,0.85
VS2017-091-0280,LS2019-091-0280,91,VS2017>LS2019,1:1,0.85
VS2017-091-0281,LS2019-091-0281,91,VS2017>LS2019,1:1,0.85
VS2017-091-0282,LS2019-091-0282,91,VS2017>LS2019,1:1,0.95
VS2017-091-0283,LS2019-091-0283,91,VS2017>LS2019,1:1,0.95
VS2017-091-0284,LS2019-091-0284,91,VS2017>LS2019,1:1,0.95
VS2017-091-0285,LS2019-091-0285,91,VS2017>LS2019,1:1,0.95
VS2017-091-0286,LS2019-091-0286,91,VS2017>LS2019,1:1,0.95
VS2017-091-0287,LS2019-091-0287,91,VS2017>LS2019,1:1,0.95
VS2017-091-0288,LS2019-091-0288,91,VS2017>LS2019,1:1,0.85
VS2017-091-0289,LS2019-091-0289,91,VS2017>LS2019,1:1,0.85
VS2017-091-0290,LS2019-091-0290,91,VS2017>LS2019,1:1,0.95
VS2017-091-0291,LS2019-091-0291,91,VS2017>LS2019,1:1,0.95
VS2017-091-0292,LS2019-091-0292,91,VS2017>LS2019,1:1,0.95
VS2017-091-0293,LS2019-091-0293,91,VS2017>LS2019,1:1,0.95
VS2017-091-0294,LS2019-091-0294,91,VS2017>LS2019,1:1,0.85
VS2017-091-0295,LS2019-091-0295,91,VS2017>LS2019,1:1,0.85
VS2017-091-0296,LS2019-091-0296,91,VS2017>LS2019,1:1,0.85
VS2017-091-0297,LS2019-091-0297,91,VS2017>LS2019,1:1,0.95
VS2017-091-0298,LS2019-091-0298,91,VS2017>LS2019,1:1,0.85
VS2017-091-0299,LS2019-091-0299,91,VS2017>LS2019,1:1,0.85
VS2017-091-0300,LS2019-091-0300,91,VS2017>LS2019,1:1,0.95
VS2017-091-0301,LS2019-091-0301,91,VS2017>LS2019,1:1,0.95
VS2017-091-0302,LS2019-091-0302,91,VS2017>LS2019,1:1,0.85
VS2017-091-0303,LS2019-091-0303,91,VS2017>LS2019,1:1,0.85
VS2017-091-0304,LS2019-091-0304,91,VS2017>LS2019,1:1,0.85
VS2017-091-0305,LS2019-091-0305,91,VS2017>LS2019,1:1,0.85
VS2017-091-0306,LS2019-091-0306,91,VS2017>LS2019,1:1,0.85
VS2017-091-0307,LS2019-091-0307,91,VS2017>LS2019,1:1,0.95
VS2017-091-0308,LS2019-091-0308,91,VS2017>LS2019,1:1,0.95
VS2017-091-0309,LS2019-091-0309,91,VS2017>LS2019,1:1,0.95
VS2017-091-0310,LS2019-091-0310,91,VS2017>LS2019,1:1,0.95
VS2017-091-0311,LS2019-091-0311,91,VS2017>LS2019,1:1,0.95
VS2017-091-0312,LS2019-091-0312,91,VS2017>LS2019,1:1,0.95
VS2017-091-0313,LS2019-091-0313,91,VS2017>LS2019,1:1,0.95
VS2017-091-0314,LS2019-091-0314,91,VS2017>LS2019,1:1,0.95
VS2017-091-0315,LS2019-091-0315,91,VS2017>LS2019,1:1,0.95
VS2017-091-0316,LS2019-091-0316,91,VS2017>LS2019,1:1,0.95
VS2017-091-0317,LS2019-091-0317,91,VS2017>LS2019,1:1,0.95
VS2017-091-0318,LS2019-091-0318,91,VS2017>LS2019,1:1,0.95
VS2017-091-0319,LS2019-091-0319,91,VS2017>LS2019,1:1,0.85
VS2017-091-0320,LS2019-091-0320,91,VS2017>LS2019,1:1,0.85
VS2017-091-0321,LS2019-091-0321,91,VS2017>LS2019,1:1,0.85
VS2017-091-0322,LS2019-091-0322,91,VS2017>LS2019,1:1,0.95
VS2017-091-0323,LS2019-091-0323,91,VS2017>LS2019,1:1,0.85
VS2017-091-0324,LS2019-091-0324,91,VS2017>LS2019,1:1,0.85
VS2017-091-0325,LS2019-091-0325,91,VS2017>LS2019,1:1,0.95
VS2017-091-0326,LS2019-091-0326,91,VS2017>LS2019,1:1,0.95
VS2017-091-0327,LS2019-091-0327,91,VS2017>LS2019,1:1,0.85
VS2017-091-0328,LS2019-091-0328,91,VS2017>LS2019,1:1,0.85
VS2017-091-0329,LS2019-091-0329,91,VS2017>LS2019,1:1,0.85
VS2017-091-0330,LS2019-091-0330,91,VS2017>LS2019,1:1,0.6
VS2017-091-0331,LS2019-091-0331,91,VS2017>LS2019,1:1,0.85
VS2017-091-0332,LS2019-091-0332,91,VS2017>LS2019,1:1,0.95
VS2017-091-0333,LS2019-091-0333,91,VS2017>LS2019,1:1,0.95
VS2017-091-0334,LS2019-091-0334,91,VS2017>LS2019,1:1,0.95
VS2017-091-0335,LS2019-091-0335,91,VS2017>LS2019,1:1,0.95
VS2017-091-0336,LS2019-091-0336,91,VS2017>LS2019,1:1,0.95
VS2017-091-0337,LS2019-091-0337,91,VS2017>LS2019,1:1,0.95
VS2017-091-0338,LS2019-091-0338,91,VS2017>LS2019,1:1,0.95
VS2017-091-0339,LS2019-091-0339,91,VS2017>LS2019,1:1,0.95
VS2017-091-0340,LS2019-091-0340,91,VS2017>LS2019,1:1,0.95
VS2017-091-0341,LS2019-091-0341,91,VS2017>LS2019,1:1,0.95
VS2017-091-0342,LS2019-091-0342,91,VS2017>LS2019,1:1,0.95
VS2017-091-0343,LS2019-091-0343,91,VS2017>LS2019,1:1,0.95
VS2017-091-0344,LS2019-091-0344,91,VS2017>LS2019,1:1,0.95
VS2017-091-0345,LS2019-091-0345,91,VS2017>LS2019,1:1,0.95
VS2017-091-0346,LS2019-091-0346,91,VS2017>LS2019,1:1,0.95
VS2017-091-0347,LS2019-091-0347,91,VS2017>LS2019,1:1,0.95
VS2017-091-0348,LS2019-091-0348,91,VS2017>LS2019,1:1,0.95
VS2017-091-0349,LS2019-091-0349,91,VS2017>LS2019,1:1,0.95
VS2017-091-0350,LS2019-091-0350,91,VS2017>LS2019,1:1,0.95
VS2017-091-0351,LS2019-091-0351,91,VS2017>LS2019,1:1,0.95
VS2017-091-0352,LS2019-091-0352,91,VS2017>LS2019,1:1,0.95
VS2017-091-0353,LS2019-091-0353,91,VS2017>LS2019,1:1,0.95
VS2017-091-0354,LS2019-091-0354,91,VS2017>LS2019,1:1,0.95
VS2017-091-0355,LS2019-091-0355,91,VS2017>LS2019,1:1,0.95
VS2017-091-0356,LS2019-091-0356,91,VS2017>LS2019,1:1,0.95
VS2017-091-0357,LS2019-091-0357,91,VS2017>LS2019,1:1,0.95
VS2017-091-0358,LS2019-091-0358,91,VS2017>LS2019,1:1,0.95
VS2017-091-0359,LS2019-091-0359,91,VS2017>LS2019,1:1,0.85
VS2017-091-0360,LS2019-091-0360,91,VS2017>LS2019,1:1,0.85
VS2017-091-0361,LS2019-091-0361,91,VS2017>LS2019,1:1,0.85
VS2017-091-0362,LS2019-091-0362,91,VS2017>LS2019,1:1,0.95
VS2017-091-0363,LS2019-091-0363,91,VS2017>LS2019,1:1,0.95
VS2017-091-0364,LS2019-091-0364,91,VS2017>LS2019,1:1,0.95
VS2017-091-0365,LS2019-091-0365,91,VS2017>LS2019,1:1,0.95
VS2017-091-0366,LS2019-091-0366,91,VS2017>LS2019,1:1,0.95
VS2017-091-0367,LS2019-091-0367,91,VS2017>LS2019,1:1,0.95
VS2017-091-0368,LS2019-091-0368,91,VS2017>LS2019,1:1,0.95
,LS2019-091-0369,91,VS2017>LS2019,new,0.0
,LS2019-091-0370,91,VS2017>LS2019,new,0.0
,LS2019-091-0371,91,VS2017>LS2019,new,0.0
,LS2019-091-0372,91,VS2017>LS2019,new,0.0
,LS2019-091-0373,91,VS2017>LS2019,new,0.0
,LS2019-091-0374,91,VS2017>LS2019,new,0.0
,LS2019-091-0375,91,VS2017>LS2019,new,0.0
,LS2019-091-0376,91,VS2017>LS2019,new,0.0
,LS2019-091-0377,91,VS2017>LS2019,new,0.0
,LS2019-091-0378,91,VS2017>LS2019,new,0.0
,LS2019-091-0379,91,VS2017>LS2019,new,0.0
,LS2019-091-0380,91,VS2017>LS2019,new,0.0
,LS2019-091-0381,91,VS2017>LS2019,new,0.0
,LS2019-091-0382,91,VS2017>LS2019,new,0.0
,LS2019-091-0383,91,VS2017>LS2019,new,0.0
,LS2019-091-0384,91,VS2017>LS2019,new,0.0
,LS2019-091-0385,91,VS2017>LS2019,new,0.0
,LS2019-091-0386,91,VS2017>LS2019,new,0.0
,LS2019-091-0387,91,VS2017>LS2019,new,0.0
,LS2019-091-0388,91,VS2017>LS2019,new,0.0
,LS2019-091-0389,91,VS2017>LS2019,new,0.0
,LS2019-091-0390,91,VS2017>LS2019,new,0.0
,LS2019-091-0391,91,VS2017>LS2019,new,0.0
,LS2019-091-0392,91,VS2017>LS2019,new,0.0
,LS2019-091-0393,91,VS2017>LS2019,new,0.0
,LS2019-091-0394,91,VS2017>LS2019,new,0.0
,LS2019-091-0395,91,VS2017>LS2019,new,0.0
,LS2019-091-0396,91,VS2017>LS2019,new,0.0
,LS2019-091-0397,91,VS2017>LS2019,new,0.0
,LS2019-091-0398,91,VS2017>LS2019,new,0.0
,LS2019-091-0399,91,VS2017>LS2019,new,0.0
,LS2019-091-0400,91,VS2017>LS2019,new,0.0
,LS2019-091-0401,91,VS2017>LS2019,new,0.0
,LS2019-091-0402,91,VS2017>LS2019,new,0.0
,LS2019-091-0403,91,VS2017>LS2019,new,0.0
,LS2019-091-0404,91,VS2017>LS2019,new,0.0
VS2017-092-0002,LS2019-092-0002,92,VS2017>LS2019,1:1,0.85
VS2017-092-0003,LS2019-092-0003,92,VS2017>LS2019,1:1,0.85
VS2017-092-0004,LS2019-092-0004,92,VS2017>LS2019,1:1,0.95
VS2017-092-0005,LS2019-092-0005,92,VS2017>LS2019,1:1,0.95
VS2017-092-0006,LS2019-092-0006,92,VS2017>LS2019,1:1,0.95
VS2017-092-0007,LS2019-092-0007,92,VS2017>LS2019,1:1,0.85
VS2017-092-0008,LS2019-092-0008,92,VS2017>LS2019,1:1,0.85
VS2017-092-0009,LS2019-092-0009,92,VS2017>LS2019,1:1,0.85
VS2017-092-0010,LS2019-092-0010,92,VS2017>LS2019,1:1,0.85
VS2017-092-0011,LS2019-092-0011,92,VS2017>LS2019,1:1,0.85
VS2017-092-0012,LS2019-092-0012,92,VS2017>LS2019,1:1,0.95
VS2017-092-0013,LS2019-092-0013,92,VS2017>LS2019,1:1,0.6
VS2017-092-0014,LS2019-092-0014,92,VS2017>LS2019,1:1,0.6
VS2017-092-0015,LS2019-092-0015,92,VS2017>LS2019,1:1,0.95
VS2017-092-0016,LS2019-092-0016,92,VS2017>LS2019,1:1,0.95
VS2017-092-0017,LS2019-092-0017,92,VS2017>LS2019,1:1,0.95
VS2017-092-0018,LS2019-092-0018,92,VS2017>LS2019,1:1,0.85
VS2017-092-0019,LS2019-092-0019,92,VS2017>LS2019,1:1,0.95
VS2017-092-0020,LS2019-092-0020,92,VS2017>LS2019,1:1,0.85
VS2017-092-0021,LS2019-092-0021,92,VS2017>LS2019,1:1,0.85
VS2017-092-0022,LS2019-092-0022,92,VS2017>LS2019,1:1,0.85
VS2017-092-0023,LS2019-092-0023,92,VS2017>LS2019,1:1,0.85
VS2017-092-0024,LS2019-092-0024,92,VS2017>LS2019,1:1,0.85
VS2017-092-0025,LS2019-092-0025,92,VS2017>LS2019,1:1,0.85
VS2017-092-0026,LS2019-092-0026,92,VS2017>LS2019,1:1,0.85
VS2017-092-0027,LS2019-092-0027,92,VS2017>LS2019,1:1,0.95
VS2017-092-0028,LS2019-092-0028,92,VS2017>LS2019,1:1,0.85
VS2017-092-0029,LS2019-092-0029,92,VS2017>LS2019,1:1,0.95
VS2017-092-0030,LS2019-092-0030,92,VS2017>LS2019,1:1,0.95
VS2017-092-0031,LS2019-092-0031,92,VS2017>LS2019,1:1,0.85
VS2017-092-0032,LS2019-092-0032,92,VS2017>LS2019,1:1,0.95
VS2017-092-0033,LS2019-092-0033,92,VS2017>LS2019,1:1,0.95
VS2017-092-0034,LS2019-092-0034,92,VS2017>LS2019,1:1,0.95
VS2017-092-0035,LS2019-092-0035,92,VS2017>LS2019,1:1,0.95
VS2017-092-0036,LS2019-092-0036,92,VS2017>LS2019,1:1,0.95
VS2017-092-0037,LS2019-092-0037,92,VS2017>LS2019,1:1,0.95
VS2017-092-0038,LS2019-092-0038,92,VS2017>LS2019,1:1,0.85
VS2017-092-0039,LS2019-092-0039,92,VS2017>LS2019,1:1,0.85
VS2017-092-0040,LS2019-092-0040,92,VS2017>LS2019,1:1,0.95
VS2017-092-0041,LS2019-092-0041,92,VS2017>LS2019,1:1,0.95
VS2017-092-0042,LS2019-092-0042,92,VS2017>LS2019,1:1,0.85
VS2017-092-0043,LS2019-092-0043,92,VS2017>LS2019,1:1,0.85
VS2017-092-0044,LS2019-092-0044,92,VS2017>LS2019,1:1,0.85
VS2017-092-0045,LS2019-092-0045,92,VS2017>LS2019,1:1,0.85
VS2017-092-0046,LS2019-092-0046,92,VS2017>LS2019,1:1,0.6
VS2017-092-0047,LS2019-092-0047,92,VS2017>LS2019,1:1,0.6
VS2017-092-0048,LS2019-092-0048,92,VS2017>LS2019,1:1,0.6
VS2017-092-0049,LS2019-092-0049,92,VS2017>LS2019,1:1,0.85
VS2017-092-0050,LS2019-092-0050,92,VS2017>LS2019,1:1,0.85
VS2017-092-0051,LS2019-092-0051,92,VS2017>LS2019,1:1,0.85
VS2017-092-0052,LS2019-092-0052,92,VS2017>LS2019,1:1,0.85
VS2017-092-0053,LS2019-092-0053,92,VS2017>LS2019,1:1,0.85
VS2017-092-0054,LS2019-092-0054,92,VS2017>LS2019,1:1,0.85
VS2017-092-0055,LS2019-092-0055,92,VS2017>LS2019,1:1,0.6
VS2017-092-0056,LS2019-092-0056,92,VS2017>LS2019,1:1,0.85
VS2017-092-0057,LS2019-092-0057,92,VS2017>LS2019,1:1,0.85
VS2017-092-0058,LS2019-092-0058,92,VS2017>LS2019,1:1,0.85
VS2017-092-0059,LS2019-092-0059,92,VS2017>LS2019,1:1,0.85
VS2017-092-0060,LS2019-092-0060,92,VS2017>LS2019,1:1,0.85
VS2017-092-0061,LS2019-092-0061,92,VS2017>LS2019,1:1,0.85
VS2017-092-0062,LS2019-092-0062,92,VS2017>LS2019,1:1,0.85
VS2017-092-0063,LS2019-092-0063,92,VS2017>LS2019,1:1,0.85
VS2017-092-0064,LS2019-092-0064,92,VS2017>LS2019,1:1,0.85
VS2017-092-0065,LS2019-092-0065,92,VS2017>LS2019,1:1,0.85
VS2017-092-0066,LS2019-092-0066,92,VS2017>LS2019,1:1,0.85
VS2017-092-0067,LS2019-092-0067,92,VS2017>LS2019,1:1,0.85
VS2017-092-0068,LS2019-092-0068,92,VS2017>LS2019,1:1,0.85
VS2017-092-0069,LS2019-092-0069,92,VS2017>LS2019,1:1,0.85
VS2017-092-0070,LS2019-092-0070,92,VS2017>LS2019,1:1,0.85
VS2017-092-0071,LS2019-092-0071,92,VS2017>LS2019,1:1,0.85
VS2017-092-0072,LS2019-092-0072,92,VS2017>LS2019,1:1,0.85
VS2017-092-0073,LS2019-092-0073,92,VS2017>LS2019,1:1,0.85
VS2017-092-0074,LS2019-092-0074,92,VS2017>LS2019,1:1,0.85
VS2017-092-0075,LS2019-092-0075,92,VS2017>LS2019,1:1,0.95
VS2017-092-0076,LS2019-092-0076,92,VS2017>LS2019,1:1,0.95
VS2017-092-0077,LS2019-092-0077,92,VS2017>LS2019,1:1,0.95
VS2017-092-0078,LS2019-092-0078,92,VS2017>LS2019,1:1,0.95
VS2017-092-0079,LS2019-092-0079,92,VS2017>LS2019,1:1,0.85
VS2017-092-0080,LS2019-092-0080,92,VS2017>LS2019,1:1,0.95
VS2017-092-0081,LS2019-092-0081,92,VS2017>LS2019,1:1,0.85
VS2017-092-0082,LS2019-092-0082,92,VS2017>LS2019,1:1,0.85
VS2017-092-0083,LS2019-092-0083,92,VS2017>LS2019,1:1,0.85
VS2017-092-0084,LS2019-092-0084,92,VS2017>LS2019,1:1,0.85
VS2017-092-0085,LS2019-092-0085,92,VS2017>LS2019,1:1,0.85
VS2017-092-0086,LS2019-092-0086,92,VS2017>LS2019,1:1,0.85
VS2017-092-0087,LS2019-092-0087,92,VS2017>LS2019,1:1,0.95
VS2017-092-0088,LS2019-092-0088,92,VS2017>LS2019,1:1,0.85
VS2017-092-0089,LS2019-092-0089,92,VS2017>LS2019,1:1,0.95
VS2017-092-0090,LS2019-092-0090,92,VS2017>LS2019,1:1,0.95
VS2017-092-0091,LS2019-092-0091,92,VS2017>LS2019,1:1,0.95
VS2017-092-0092,LS2019-092-0092,92,VS2017>LS2019,1:1,0.85
VS2017-092-0093,LS2019-092-0093,92,VS2017>LS2019,1:1,0.85
VS2017-092-0094,LS2019-092-0094,92,VS2017>LS2019,1:1,0.85
VS2017-092-0095,LS2019-092-0095,92,VS2017>LS2019,1:1,0.85
VS2017-092-0096,LS2019-092-0096,92,VS2017>LS2019,1:1,0.95
VS2017-092-0097,LS2019-092-0097,92,VS2017>LS2019,1:1,0.85
VS2017-092-0098,LS2019-092-0098,92,VS2017>LS2019,1:1,0.85
VS2017-092-0099,LS2019-092-0099,92,VS2017>LS2019,1:1,0.85
VS2017-092-0100,LS2019-092-0100,92,VS2017>LS2019,1:1,0.95
VS2017-092-0101,LS2019-092-0101,92,VS2017>LS2019,1:1,0.85
VS2017-092-0102,LS2019-092-0102,92,VS2017>LS2019,1:1,0.85
VS2017-092-0103,LS2019-092-0103,92,VS2017>LS2019,1:1,0.95
VS2017-092-0104,LS2019-092-0104,92,VS2017>LS2019,1:1,0.85
VS2017-092-0105,LS2019-092-0105,92,VS2017>LS2019,1:1,0.85
VS2017-092-0106,LS2019-092-0106,92,VS2017>LS2019,1:1,0.85
VS2017-092-0107,LS2019-092-0107,92,VS2017>LS2019,1:1,0.85
VS2017-092-0108,LS2019-092-0108,92,VS2017>LS2019,1:1,0.95
VS2017-092-0109,LS2019-092-0109,92,VS2017>LS2019,1:1,0.95
VS2017-092-0110,LS2019-092-0110,92,VS2017>LS2019,1:1,0.85
VS2017-092-0111,LS2019-092-0111,92,VS2017>LS2019,1:1,0.85
VS2017-092-0112,LS2019-092-0112,92,VS2017>LS2019,1:1,0.85
VS2017-092-0113,LS2019-092-0113,92,VS2017>LS2019,1:1,0.85
VS2017-092-0114,LS2019-092-0114,92,VS2017>LS2019,1:1,0.95
VS2017-092-0115,LS2019-092-0115,92,VS2017>LS2019,1:1,0.95
VS2017-092-0116,LS2019-092-0116,92,VS2017>LS2019,1:1,0.95
VS2017-092-0117,LS2019-092-0117,92,VS2017>LS2019,1:1,0.85
VS2017-092-0118,LS2019-092-0118,92,VS2017>LS2019,1:1,0.85
VS2017-092-0119,LS2019-092-0119,92,VS2017>LS2019,1:1,0.85
VS2017-092-0120,LS2019-092-0120,92,VS2017>LS2019,1:1,0.95
VS2017-092-0121,LS2019-092-0121,92,VS2017>LS2019,1:1,0.95
VS2017-092-0122,LS2019-092-0122,92,VS2017>LS2019,1:1,0.85
VS2017-092-0123,LS2019-092-0123,92,VS2017>LS2019,1:1,0.85
VS2017-092-0124,LS2019-092-0124,92,VS2017>LS2019,1:1,0.95
VS2017-092-0125,LS2019-092-0125,92,VS2017>LS2019,1:1,0.95
VS2017-092-0126,LS2019-092-0126,92,VS2017>LS2019,1:1,0.85
VS2017-092-0127,LS2019-092-0127,92,VS2017>LS2019,1:1,0.85
VS2017-092-0128,LS2019-092-0128,92,VS2017>LS2019,1:1,0.85
VS2017-092-0129,LS2019-092-0129,92,VS2017>LS2019,1:1,0.85
VS2017-092-0130,LS2019-092-0130,92,VS2017>LS2019,1:1,0.85
VS2017-092-0131,LS2019-092-0131,92,VS2017>LS2019,1:1,0.85
VS2017-092-0132,LS2019-092-0132,92,VS2017>LS2019,1:1,0.85
VS2017-092-0133,LS2019-092-0133,92,VS2017>LS2019,1:1,0.85
VS2017-092-0134,LS2019-092-0134,92,VS2017>LS2019,1:1,0.85
VS2017-092-0135,LS2019-092-0135,92,VS2017>LS2019,1:1,0.95
VS2017-092-0136,LS2019-092-0136,92,VS2017>LS2019,1:1,0.85
VS2017-092-0137,LS2019-092-0137,92,VS2017>LS2019,1:1,0.6
VS2017-092-0138,LS2019-092-0138,92,VS2017>LS2019,1:1,0.85
VS2017-092-0139,LS2019-092-0139,92,VS2017>LS2019,1:1,0.85
VS2017-092-0140,LS2019-092-0140,92,VS2017>LS2019,1:1,0.85
VS2017-092-0141,LS2019-092-0141,92,VS2017>LS2019,1:1,0.85
VS2017-092-0142,LS2019-092-0142,92,VS2017>LS2019,1:1,0.85
VS2017-092-0143,LS2019-092-0143,92,VS2017>LS2019,1:1,0.85
VS2017-092-0144,LS2019-092-0144,92,VS2017>LS2019,1:1,0.85
VS2017-092-0145,LS2019-092-0145,92,VS2017>LS2019,1:1,0.85
VS2017-092-0146,LS2019-092-0146,92,VS2017>LS2019,1:1,0.95
VS2017-092-0147,LS2019-092-0147,92,VS2017>LS2019,1:1,0.95
VS2017-092-0148,LS2019-092-0148,92,VS2017>LS2019,1:1,0.85
VS2017-092-0149,LS2019-092-0149,92,VS2017>LS2019,1:1,0.85
VS2017-092-0150,LS2019-092-0150,92,VS2017>LS2019,1:1,0.6
VS2017-092-0151,LS2019-092-0151,92,VS2017>LS2019,1:1,0.85
VS2017-092-0152,LS2019-092-0152,92,VS2017>LS2019,1:1,0.85
VS2017-092-0153,LS2019-092-0153,92,VS2017>LS2019,1:1,0.85
VS2017-092-0154,LS2019-092-0154,92,VS2017>LS2019,1:1,0.85
VS2017-092-0155,LS2019-092-0155,92,VS2017>LS2019,1:1,0.85
VS2017-092-0156,LS2019-092-0156,92,VS2017>LS2019,1:1,0.95
VS2017-092-0157,LS2019-092-0157,92,VS2017>LS2019,1:1,0.85
VS2017-092-0158,LS2019-092-0158,92,VS2017>LS2019,1:1,0.85
VS2017-092-0159,LS2019-092-0159,92,VS2017>LS2019,1:1,0.85
VS2017-092-0160,LS2019-092-0160,92,VS2017>LS2019,1:1,0.95
VS2017-092-0161,LS2019-092-0161,92,VS2017>LS2019,1:1,0.95
VS2017-092-0162,LS2019-092-0162,92,VS2017>LS2019,1:1,0.95
VS2017-092-0163,LS2019-092-0163,92,VS2017>LS2019,1:1,0.95
VS2017-092-0164,LS2019-092-0164,92,VS2017>LS2019,1:1,0.95
VS2017-092-0165,LS2019-092-0165,92,VS2017>LS2019,1:1,0.95
VS2017-092-0166,LS2019-092-0166,92,VS2017>LS2019,1:1,0.6
VS2017-092-0167,LS2019-092-0167,92,VS2017>LS2019,1:1,0.95
VS2017-092-0168,LS2019-092-0168,92,VS2017>LS2019,1:1,0.85
VS2017-092-0169,LS2019-092-0169,92,VS2017>LS2019,1:1,0.85
VS2017-092-0170,LS2019-092-0170,92,VS2017>LS2019,1:1,0.85
VS2017-092-0171,LS2019-092-0171,92,VS2017>LS2019,1:1,0.95
VS2017-092-0172,LS2019-092-0172,92,VS2017>LS2019,1:1,0.85
VS2017-092-0173,LS2019-092-0173,92,VS2017>LS2019,1:1,0.95
VS2017-092-0174,LS2019-092-0174,92,VS2017>LS2019,1:1,0.85
VS2017-092-0175,LS2019-092-0175,92,VS2017>LS2019,1:1,0.95
VS2017-092-0176,LS2019-092-0176,92,VS2017>LS2019,1:1,0.85
VS2017-092-0177,LS2019-092-0177,92,VS2017>LS2019,1:1,0.85
VS2017-092-0178,LS2019-092-0178,92,VS2017>LS2019,1:1,0.95
VS2017-092-0179,LS2019-092-0179,92,VS2017>LS2019,1:1,0.85
VS2017-092-0180,LS2019-092-0180,92,VS2017>LS2019,1:1,0.85
VS2017-092-0181,LS2019-092-0181,92,VS2017>LS2019,1:1,0.85
VS2017-092-0182,LS2019-092-0182,92,VS2017>LS2019,1:1,0.85
VS2017-092-0183,LS2019-092-0183,92,VS2017>LS2019,1:1,0.85
VS2017-092-0184,LS2019-092-0184,92,VS2017>LS2019,1:1,0.95
VS2017-092-0185,LS2019-092-0185,92,VS2017>LS2019,1:1,0.95
VS2017-092-0186,LS2019-092-0186,92,VS2017>LS2019,1:1,0.85
VS2017-092-0187,LS2019-092-0187,92,VS2017>LS2019,1:1,0.85
VS2017-092-0188,LS2019-092-0188,92,VS2017>LS2019,1:1,0.85
VS2017-092-0189,LS2019-092-0189,92,VS2017>LS2019,1:1,0.85
VS2017-092-0190,LS2019-092-0190,92,VS2017>LS2019,1:1,0.85
VS2017-092-0191,LS2019-092-0191,92,VS2017>LS2019,1:1,0.95
VS2017-092-0192,LS2019-092-0192,92,VS2017>LS2019,1:1,0.95
VS2017-092-0193,LS2019-092-0193,92,VS2017>LS2019,1:1,0.85
VS2017-092-0194,LS2019-092-0194,92,VS2017>LS2019,1:1,0.85
VS2017-092-0195,LS2019-092-0195,92,VS2017>LS2019,1:1,0.85
VS2017-092-0196,LS2019-092-0196,92,VS2017>LS2019,1:1,0.85
VS2017-092-0197,LS2019-092-0197,92,VS2017>LS2019,1:1,0.85
VS2017-092-0198,LS2019-092-0198,92,VS2017>LS2019,1:1,0.85
VS2017-092-0199,LS2019-092-0199,92,VS2017>LS2019,1:1,0.85
VS2017-092-0200,LS2019-092-0200,92,VS2017>LS2019,1:1,0.85
VS2017-092-0201,LS2019-092-0201,92,VS2017>LS2019,1:1,0.85
VS2017-092-0202,LS2019-092-0202,92,VS2017>LS2019,1:1,0.85
VS2017-092-0203,LS2019-092-0203,92,VS2017>LS2019,1:1,0.85
VS2017-092-0204,LS2019-092-0204,92,VS2017>LS2019,1:1,0.85
VS2017-092-0205,LS2019-092-0205,92,VS2017>LS2019,1:1,0.95
VS2017-092-0206,LS2019-092-0206,92,VS2017>LS2019,1:1,0.95
VS2017-092-0207,LS2019-092-0207,92,VS2017>LS2019,1:1,0.95
VS2017-092-0208,LS2019-092-0208,92,VS2017>LS2019,1:1,0.6
VS2017-092-0209,LS2019-092-0209,92,VS2017>LS2019,1:1,0.85
VS2017-092-0210,LS2019-092-0210,92,VS2017>LS2019,1:1,0.85
VS2017-092-0211,LS2019-092-0211,92,VS2017>LS2019,1:1,0.85
VS2017-092-0212,LS2019-092-0212,92,VS2017>LS2019,1:1,0.95
VS2017-092-0213,LS2019-092-0213,92,VS2017>LS2019,1:1,0.95
VS2017-092-0214,LS2019-092-0214,92,VS2017>LS2019,1:1,0.85
VS2017-092-0215,LS2019-092-0215,92,VS2017>LS2019,1:1,0.85
VS2017-092-0216,LS2019-092-0216,92,VS2017>LS2019,1:1,0.85
VS2017-092-0217,LS2019-092-0217,92,VS2017>LS2019,1:1,0.85
VS2017-092-0218,LS2019-092-0218,92,VS2017>LS2019,1:1,0.85
VS2017-092-0219,LS2019-092-0219,92,VS2017>LS2019,1:1,0.85
VS2017-092-0220,LS2019-092-0220,92,VS2017>LS2019,1:1,0.85
VS2017-092-0221,LS2019-092-0221,92,VS2017>LS2019,1:1,0.85
VS2017-092-0222,LS2019-092-0222,92,VS2017>LS2019,1:1,0.85
VS2017-092-0223,LS2019-092-0223,92,VS2017>LS2019,1:1,0.85
VS2017-092-0224,LS2019-092-0224,92,VS2017>LS2019,1:1,0.85
VS2017-092-0225,LS2019-092-0225,92,VS2017>LS2019,1:1,0.85
VS2017-092-0226,LS2019-092-0226,92,VS2017>LS2019,1:1,0.85
VS2017-092-0227,LS2019-092-0227,92,VS2017>LS2019,1:1,0.95
VS2017-092-0228,LS2019-092-0228,92,VS2017>LS2019,1:1,0.95
VS2017-092-0229,LS2019-092-0229,92,VS2017>LS2019,1:1,0.85
VS2017-092-0230,LS2019-092-0230,92,VS2017>LS2019,1:1,0.85
VS2017-092-0231,LS2019-092-0231,92,VS2017>LS2019,1:1,0.95
VS2017-092-0232,LS2019-092-0232,92,VS2017>LS2019,1:1,0.95
VS2017-092-0233,LS2019-092-0233,92,VS2017>LS2019,1:1,0.95
VS2017-092-0234,LS2019-092-0234,92,VS2017>LS2019,1:1,0.95
VS2017-092-0235,LS2019-092-0235,92,VS2017>LS2019,1:1,0.85
VS2017-092-0236,LS2019-092-0236,92,VS2017>LS2019,1:1,0.95
VS2017-092-0237,LS2019-092-0237,92,VS2017>LS2019,1:1,0.85
VS2017-092-0238,LS2019-092-0238,92,VS2017>LS2019,1:1,0.85
VS2017-092-0239,LS2019-092-0239,92,VS2017>LS2019,1:1,0.85
VS2017-092-0240,LS2019-092-0240,92,VS2017>LS2019,1:1,0.85
VS2017-092-0241,LS2019-092-0241,92,VS2017>LS2019,1:1,0.85
VS2017-092-0242,LS2019-092-0242,92,VS2017>LS2019,1:1,0.85
VS2017-092-0243,LS2019-092-0243,92,VS2017>LS2019,1:1,0.85
VS2017-092-0244,LS2019-092-0244,92,VS2017>LS2019,1:1,0.95
VS2017-092-0245,LS2019-092-0245,92,VS2017>LS2019,1:1,0.95
VS2017-092-0246,LS2019-092-0246,92,VS2017>LS2019,1:1,0.85
VS2017-092-0247,LS2019-092-0247,92,VS2017>LS2019,1:1,0.85
VS2017-092-0248,LS2019-092-0248,92,VS2017>LS2019,1:1,0.85
VS2017-092-0249,LS2019-092-0249,92,VS2017>LS2019,1:1,0.85
VS2017-092-0250,LS2019-092-0250,92,VS2017>LS2019,1:1,0.85
VS2017-092-0251,LS2019-092-0251,92,VS2017>LS2019,1:1,0.85
VS2017-092-0252,LS2019-092-0252,92,VS2017>LS2019,1:1,0.95
VS2017-092-0253,LS2019-092-0253,92,VS2017>LS2019,1:1,0.95
VS2017-092-0254,LS2019-092-0254,92,VS2017>LS2019,1:1,0.95
VS2017-092-0255,LS2019-092-0255,92,VS2017>LS2019,1:1,0.85
VS2017-092-0256,LS2019-092-0256,92,VS2017>LS2019,1:1,0.85
VS2017-092-0257,LS2019-092-0257,92,VS2017>LS2019,1:1,0.85
VS2017-092-0258,LS2019-092-0258,92,VS2017>LS2019,1:1,0.85
VS2017-092-0259,LS2019-092-0259,92,VS2017>LS2019,1:1,0.85
VS2017-092-0260,LS2019-092-0260,92,VS2017>LS2019,1:1,0.95
VS2017-092-0261,LS2019-092-0261,92,VS2017>LS2019,1:1,0.85
VS2017-092-0262,LS2019-092-0262,92,VS2017>LS2019,1:1,0.6
VS2017-092-0263,LS2019-092-0263,92,VS2017>LS2019,1:1,0.6
VS2017-092-0264,LS2019-092-0264,92,VS2017>LS2019,1:1,0.85
VS2017-092-0265,LS2019-092-0265,92,VS2017>LS2019,1:1,0.95
VS2017-092-0266,LS2019-092-0266,92,VS2017>LS2019,1:1,0.85
VS2017-092-0267,LS2019-092-0267,92,VS2017>LS2019,1:1,0.85
VS2017-092-0268,LS2019-092-0268,92,VS2017>LS2019,1:1,0.85
VS2017-092-0269,LS2019-092-0269,92,VS2017>LS2019,1:1,0.95
VS2017-092-0270,LS2019-092-0270,92,VS2017>LS2019,1:1,0.95
VS2017-092-0271,LS2019-092-0271,92,VS2017>LS2019,1:1,0.85
VS2017-092-0272,LS2019-092-0272,92,VS2017>LS2019,1:1,0.85
VS2017-092-0273,LS2019-092-0273,92,VS2017>LS2019,1:1,0.85
VS2017-092-0274,LS2019-092-0274,92,VS2017>LS2019,1:1,0.85
VS2017-092-0275,LS2019-092-0275,92,VS2017>LS2019,1:1,0.85
VS2017-092-0276,LS2019-092-0276,92,VS2017>LS2019,1:1,0.6
VS2017-092-0277,LS2019-092-0277,92,VS2017>LS2019,1:1,0.85
VS2017-092-0278,LS2019-092-0278,92,VS2017>LS2019,1:1,0.85
VS2017-092-0279,LS2019-092-0279,92,VS2017>LS2019,1:1,0.85
VS2017-092-0280,LS2019-092-0280,92,VS2017>LS2019,1:1,0.95
VS2017-092-0281,LS2019-092-0281,92,VS2017>LS2019,1:1,0.85
VS2017-092-0282,LS2019-092-0282,92,VS2017>LS2019,1:1,0.95
VS2017-092-0283,LS2019-092-0283,92,VS2017>LS2019,1:1,0.95
VS2017-092-0284,LS2019-092-0284,92,VS2017>LS2019,1:1,0.95
VS2017-092-0285,LS2019-092-0285,92,VS2017>LS2019,1:1,0.85
VS2017-092-0286,LS2019-092-0286,92,VS2017>LS2019,1:1,0.95
VS2017-092-0287,LS2019-092-0287,92,VS2017>LS2019,1:1,0.95
VS2017-092-0288,LS2019-092-0288,92,VS2017>LS2019,1:1,0.85
VS2017-092-0289,LS2019-092-0289,92,VS2017>LS2019,1:1,0.85
VS2017-092-0290,LS2019-092-0290,92,VS2017>LS2019,1:1,0.95
VS2017-092-0291,LS2019-092-0291,92,VS2017>LS2019,1:1,0.95
VS2017-092-0292,LS2019-092-0292,92,VS2017>LS2019,1:1,0.85
VS2017-092-0293,LS2019-092-0293,92,VS2017>LS2019,1:1,0.85
VS2017-092-0294,LS2019-092-0294,92,VS2017>LS2019,1:1,0.85
VS2017-092-0295,LS2019-092-0295,92,VS2017>LS2019,1:1,0.85
VS2017-092-0296,LS2019-092-0296,92,VS2017>LS2019,1:1,0.85
VS2017-092-0297,LS2019-092-0297,92,VS2017>LS2019,1:1,0.85
VS2017-092-0298,LS2019-092-0298,92,VS2017>LS2019,1:1,0.6
VS2017-092-0299,LS2019-092-0299,92,VS2017>LS2019,1:1,0.6
VS2017-092-0300,LS2019-092-0300,92,VS2017>LS2019,1:1,0.6
VS2017-092-0301,LS2019-092-0301,92,VS2017>LS2019,1:1,0.6
VS2017-092-0302,LS2019-092-0302,92,VS2017>LS2019,1:1,0.95
VS2017-092-0303,LS2019-092-0303,92,VS2017>LS2019,1:1,0.6
VS2017-092-0304,LS2019-092-0304,92,VS2017>LS2019,1:1,0.6
VS2017-092-0305,LS2019-092-0305,92,VS2017>LS2019,1:1,0.85
VS2017-092-0306,LS2019-092-0306,92,VS2017>LS2019,1:1,0.85
VS2017-092-0307,LS2019-092-0307,92,VS2017>LS2019,1:1,0.85
VS2017-092-0308,LS2019-092-0308,92,VS2017>LS2019,1:1,0.85
VS2017-092-0309,LS2019-092-0309,92,VS2017>LS2019,1:1,0.85
VS2017-092-0310,LS2019-092-0310,92,VS2017>LS2019,1:1,0.95
VS2017-092-0311,LS2019-092-0311,92,VS2017>LS2019,1:1,0.85
VS2017-092-0312,LS2019-092-0312,92,VS2017>LS2019,1:1,0.85
VS2017-092-0313,LS2019-092-0313,92,VS2017>LS2019,1:1,0.85
VS2017-092-0314,LS2019-092-0314,92,VS2017>LS2019,1:1,0.85
VS2017-092-0315,LS2019-092-0315,92,VS2017>LS2019,1:1,0.85
VS2017-092-0316,LS2019-092-0316,92,VS2017>LS2019,1:1,0.6
VS2017-092-0317,LS2019-092-0317,92,VS2017>LS2019,1:1,0.85
VS2017-092-0318,LS2019-092-0318,92,VS2017>LS2019,1:1,0.85
VS2017-092-0319,LS2019-092-0319,92,VS2017>LS2019,1:1,0.95
VS2017-092-0320,LS2019-092-0320,92,VS2017>LS2019,1:1,0.85
VS2017-092-0321,LS2019-092-0321,92,VS2017>LS2019,1:1,0.95
VS2017-092-0322,LS2019-092-0322,92,VS2017>LS2019,1:1,0.95
,LS2019-092-0323,92,VS2017>LS2019,new,0.0
,LS2019-092-0324,92,VS2017>LS2019,new,0.0
,LS2019-092-0325,92,VS2017>LS2019,new,0.0
,LS2019-092-0326,92,VS2017>LS2019,new,0.0
,LS2019-092-0327,92,VS2017>LS2019,new,0.0
,LS2019-092-0328,92,VS2017>LS2019,new,0.0
,LS2019-092-0329,92,VS2017>LS2019,new,0.0
,LS2019-092-0330,92,VS2017>LS2019,new,0.0
,LS2019-092-0331,92,VS2017>LS2019,new,0.0
,LS2019-092-0332,92,VS2017>LS2019,new,0.0
,LS2019-092-0333,92,VS2017>LS2019,new,0.0
,LS2019-092-0334,92,VS2017>LS2019,new,0.0
,LS2019-092-0335,92,VS2017>LS2019,new,0.0
,LS2019-092-0336,92,VS2017>LS2019,new,0.0
,LS2019-092-0337,92,VS2017>LS2019,new,0.0
,LS2019-092-0338,92,VS2017>LS2019,new,0.0
,LS2019-092-0339,92,VS2017>LS2019,new,0.0
,LS2019-092-0340,92,VS2017>LS2019,new,0.0
,LS2019-092-0341,92,VS2017>LS2019,new,0.0
,LS2019-092-0342,92,VS2017>LS2019,new,0.0
,LS2019-092-0343,92,VS2017>LS2019,new,0.0
,LS2019-092-0344,92,VS2017>LS2019,new,0.0
,LS2019-092-0345,92,VS2017>LS2019,new,0.0
,LS2019-092-0346,92,VS2017>LS2019,new,0.0
,LS2019-092-0347,92,VS2017>LS2019,new,0.0
,LS2019-092-0348,92,VS2017>LS2019,new,0.0
,LS2019-092-0349,92,VS2017>LS2019,new,0.0
,LS2019-092-0350,92,VS2017>LS2019,new,0.0
,LS2019-092-0351,92,VS2017>LS2019,new,0.0
,LS2019-092-0352,92,VS2017>LS2019,new,0.0
,LS2019-092-0353,92,VS2017>LS2019,new,0.0
,LS2019-092-0354,92,VS2017>LS2019,new,0.0
,LS2019-092-0355,92,VS2017>LS2019,new,0.0
,LS2019-092-0356,92,VS2017>LS2019,new,0.0
,LS2019-092-0357,92,VS2017>LS2019,new,0.0
,LS2019-092-0358,92,VS2017>LS2019,new,0.0
,LS2019-092-0359,92,VS2017>LS2019,new,0.0
,LS2019-092-0360,92,VS2017>LS2019,new,0.0
,LS2019-092-0361,92,VS2017>LS2019,new,0.0
,LS2019-092-0362,92,VS2017>LS2019,new,0.0
,LS2019-092-0363,92,VS2017>LS2019,new,0.0
,LS2019-092-0364,92,VS2017>LS2019,new,0.0
,LS2019-092-0365,92,VS2017>LS2019,new,0.0
,LS2019-092-0366,92,VS2017>LS2019,new,0.0
,LS2019-092-0367,92,VS2017>LS2019,new,0.0
,LS2019-092-0368,92,VS2017>LS2019,new,0.0
,LS2019-092-0369,92,VS2017>LS2019,new,0.0
VS2017-093-0002,LS2019-093-0002,93,VS2017>LS2019,1:1,0.95
VS2017-093-0003,LS2019-093-0003,93,VS2017>LS2019,1:1,0.95
VS2017-093-0004,LS2019-093-0004,93,VS2017>LS2019,1:1,0.95
VS2017-093-0005,LS2019-093-0005,93,VS2017>LS2019,1:1,0.95
VS2017-093-0006,LS2019-093-0006,93,VS2017>LS2019,1:1,0.95
VS2017-093-0007,LS2019-093-0007,93,VS2017>LS2019,1:1,0.85
VS2017-093-0008,LS2019-093-0008,93,VS2017>LS2019,1:1,0.85
VS2017-093-0009,LS2019-093-0009,93,VS2017>LS2019,1:1,0.95
VS2017-093-0010,LS2019-093-0010,93,VS2017>LS2019,1:1,0.85
VS2017-093-0011,LS2019-093-0011,93,VS2017>LS2019,1:1,0.85
VS2017-093-0012,LS2019-093-0012,93,VS2017>LS2019,1:1,0.95
VS2017-093-0013,LS2019-093-0013,93,VS2017>LS2019,1:1,0.85
VS2017-093-0014,LS2019-093-0014,93,VS2017>LS2019,1:1,0.95
VS2017-093-0015,LS2019-093-0015,93,VS2017>LS2019,1:1,0.85
VS2017-093-0016,LS2019-093-0016,93,VS2017>LS2019,1:1,0.95
VS2017-093-0017,LS2019-093-0017,93,VS2017>LS2019,1:1,0.85
VS2017-093-0018,LS2019-093-0018,93,VS2017>LS2019,1:1,0.95
VS2017-093-0019,LS2019-093-0019,93,VS2017>LS2019,1:1,0.85
VS2017-093-0020,LS2019-093-0020,93,VS2017>LS2019,1:1,0.85
VS2017-093-0021,LS2019-093-0021,93,VS2017>LS2019,1:1,0.85
VS2017-093-0022,LS2019-093-0022,93,VS2017>LS2019,1:1,0.85
VS2017-093-0023,LS2019-093-0023,93,VS2017>LS2019,1:1,0.95
VS2017-093-0024,LS2019-093-0024,93,VS2017>LS2019,1:1,0.85
VS2017-093-0025,LS2019-093-0025,93,VS2017>LS2019,1:1,0.95
VS2017-093-0026,LS2019-093-0026,93,VS2017>LS2019,1:1,0.85
VS2017-093-0027,LS2019-093-0027,93,VS2017>LS2019,1:1,0.85
VS2017-093-0028,LS2019-093-0028,93,VS2017>LS2019,1:1,0.85
VS2017-093-0029,LS2019-093-0029,93,VS2017>LS2019,1:1,0.85
VS2017-093-0030,LS2019-093-0030,93,VS2017>LS2019,1:1,0.85
VS2017-093-0031,LS2019-093-0031,93,VS2017>LS2019,1:1,0.85
VS2017-093-0032,LS2019-093-0032,93,VS2017>LS2019,1:1,0.85
VS2017-093-0033,LS2019-093-0033,93,VS2017>LS2019,1:1,0.85
VS2017-093-0034,LS2019-093-0034,93,VS2017>LS2019,1:1,0.85
VS2017-093-0035,LS2019-093-0035,93,VS2017>LS2019,1:1,0.85
VS2017-093-0036,LS2019-093-0036,93,VS2017>LS2019,1:1,0.85
VS2017-093-0037,LS2019-093-0037,93,VS2017>LS2019,1:1,0.85
VS2017-093-0038,LS2019-093-0038,93,VS2017>LS2019,1:1,0.85
VS2017-093-0039,LS2019-093-0039,93,VS2017>LS2019,1:1,0.85
VS2017-093-0040,LS2019-093-0040,93,VS2017>LS2019,1:1,0.85
VS2017-093-0041,LS2019-093-0041,93,VS2017>LS2019,1:1,0.85
VS2017-093-0042,LS2019-093-0042,93,VS2017>LS2019,1:1,0.85
VS2017-093-0043,LS2019-093-0043,93,VS2017>LS2019,1:1,0.85
VS2017-093-0044,LS2019-093-0044,93,VS2017>LS2019,1:1,0.85
VS2017-093-0045,LS2019-093-0045,93,VS2017>LS2019,1:1,0.85
VS2017-093-0046,LS2019-093-0046,93,VS2017>LS2019,1:1,0.85
VS2017-093-0047,LS2019-093-0047,93,VS2017>LS2019,1:1,0.85
VS2017-093-0048,LS2019-093-0048,93,VS2017>LS2019,1:1,0.85
VS2017-093-0049,LS2019-093-0049,93,VS2017>LS2019,1:1,0.85
VS2017-093-0050,LS2019-093-0050,93,VS2017>LS2019,1:1,0.85
VS2017-093-0051,LS2019-093-0051,93,VS2017>LS2019,1:1,0.85
VS2017-093-0052,LS2019-093-0052,93,VS2017>LS2019,1:1,0.85
VS2017-093-0053,LS2019-093-0053,93,VS2017>LS2019,1:1,0.85
VS2017-093-0054,LS2019-093-0054,93,VS2017>LS2019,1:1,0.85
VS2017-093-0055,LS2019-093-0055,93,VS2017>LS2019,1:1,0.85
VS2017-093-0056,LS2019-093-0056,93,VS2017>LS2019,1:1,0.85
VS2017-093-0057,LS2019-093-0057,93,VS2017>LS2019,1:1,0.85
VS2017-093-0058,LS2019-093-0058,93,VS2017>LS2019,1:1,0.85
VS2017-093-0059,LS2019-093-0059,93,VS2017>LS2019,1:1,0.85
VS2017-093-0060,LS2019-093-0060,93,VS2017>LS2019,1:1,0.85
VS2017-093-0061,LS2019-093-0061,93,VS2017>LS2019,1:1,0.85
VS2017-093-0062,LS2019-093-0062,93,VS2017>LS2019,1:1,0.85
VS2017-093-0063,LS2019-093-0063,93,VS2017>LS2019,1:1,0.85
VS2017-093-0064,LS2019-093-0064,93,VS2017>LS2019,1:1,0.95
VS2017-093-0065,LS2019-093-0065,93,VS2017>LS2019,1:1,0.85
VS2017-093-0066,LS2019-093-0066,93,VS2017>LS2019,1:1,0.85
VS2017-093-0067,LS2019-093-0067,93,VS2017>LS2019,1:1,0.85
VS2017-093-0068,LS2019-093-0068,93,VS2017>LS2019,1:1,0.85
VS2017-093-0069,LS2019-093-0069,93,VS2017>LS2019,1:1,0.85
VS2017-093-0070,LS2019-093-0070,93,VS2017>LS2019,1:1,0.85
VS2017-093-0071,LS2019-093-0071,93,VS2017>LS2019,1:1,0.85
VS2017-093-0072,LS2019-093-0072,93,VS2017>LS2019,1:1,0.85
VS2017-093-0073,LS2019-093-0073,93,VS2017>LS2019,1:1,0.85
VS2017-093-0074,LS2019-093-0074,93,VS2017>LS2019,1:1,0.85
VS2017-093-0075,LS2019-093-0075,93,VS2017>LS2019,1:1,0.85
VS2017-093-0076,LS2019-093-0076,93,VS2017>LS2019,1:1,0.85
VS2017-093-0077,LS2019-093-0077,93,VS2017>LS2019,1:1,0.85
VS2017-093-0078,LS2019-093-0078,93,VS2017>LS2019,1:1,0.85
VS2017-093-0079,LS2019-093-0079,93,VS2017>LS2019,1:1,0.85
VS2017-093-0080,LS2019-093-0080,93,VS2017>LS2019,1:1,0.85
VS2017-093-0081,LS2019-093-0081,93,VS2017>LS2019,1:1,0.85
VS2017-093-0082,LS2019-093-0082,93,VS2017>LS2019,1:1,0.95
VS2017-093-0083,LS2019-093-0083,93,VS2017>LS2019,1:1,0.85
VS2017-093-0084,LS2019-093-0084,93,VS2017>LS2019,1:1,0.85
VS2017-093-0085,LS2019-093-0085,93,VS2017>LS2019,1:1,0.85
VS2017-093-0086,LS2019-093-0086,93,VS2017>LS2019,1:1,0.85
VS2017-093-0087,LS2019-093-0087,93,VS2017>LS2019,1:1,0.85
VS2017-093-0088,LS2019-093-0088,93,VS2017>LS2019,1:1,0.85
VS2017-093-0089,LS2019-093-0089,93,VS2017>LS2019,1:1,0.85
VS2017-093-0090,LS2019-093-0090,93,VS2017>LS2019,1:1,0.85
VS2017-093-0091,LS2019-093-0091,93,VS2017>LS2019,1:1,0.6
VS2017-093-0092,LS2019-093-0092,93,VS2017>LS2019,1:1,0.85
VS2017-093-0093,LS2019-093-0093,93,VS2017>LS2019,1:1,0.95
VS2017-093-0094,LS2019-093-0094,93,VS2017>LS2019,1:1,0.85
VS2017-093-0095,LS2019-093-0095,93,VS2017>LS2019,1:1,0.85
VS2017-093-0096,LS2019-093-0096,93,VS2017>LS2019,1:1,0.85
VS2017-093-0097,LS2019-093-0097,93,VS2017>LS2019,1:1,0.85
VS2017-093-0098,LS2019-093-0098,93,VS2017>LS2019,1:1,0.85
VS2017-093-0099,LS2019-093-0099,93,VS2017>LS2019,1:1,0.95
VS2017-093-0100,LS2019-093-0100,93,VS2017>LS2019,1:1,0.95
VS2017-093-0101,LS2019-093-0101,93,VS2017>LS2019,1:1,0.95
VS2017-093-0102,LS2019-093-0102,93,VS2017>LS2019,1:1,0.95
VS2017-093-0103,LS2019-093-0103,93,VS2017>LS2019,1:1,0.95
VS2017-093-0104,LS2019-093-0104,93,VS2017>LS2019,1:1,0.95
VS2017-093-0105,LS2019-093-0105,93,VS2017>LS2019,1:1,0.85
VS2017-093-0106,LS2019-093-0106,93,VS2017>LS2019,1:1,0.85
VS2017-093-0107,LS2019-093-0107,93,VS2017>LS2019,1:1,0.85
VS2017-093-0108,LS2019-093-0108,93,VS2017>LS2019,1:1,0.95
VS2017-093-0109,LS2019-093-0109,93,VS2017>LS2019,1:1,0.85
VS2017-093-0110,LS2019-093-0110,93,VS2017>LS2019,1:1,0.85
VS2017-093-0111,LS2019-093-0111,93,VS2017>LS2019,1:1,0.85
VS2017-093-0112,LS2019-093-0112,93,VS2017>LS2019,1:1,0.85
VS2017-093-0113,LS2019-093-0113,93,VS2017>LS2019,1:1,0.6
VS2017-093-0114,LS2019-093-0114,93,VS2017>LS2019,1:1,0.85
VS2017-093-0115,LS2019-093-0115,93,VS2017>LS2019,1:1,0.85
VS2017-093-0116,LS2019-093-0116,93,VS2017>LS2019,1:1,0.85
VS2017-093-0117,LS2019-093-0117,93,VS2017>LS2019,1:1,0.85
VS2017-093-0118,LS2019-093-0118,93,VS2017>LS2019,1:1,0.85
VS2017-093-0119,LS2019-093-0119,93,VS2017>LS2019,1:1,0.85
VS2017-093-0120,LS2019-093-0120,93,VS2017>LS2019,1:1,0.85
VS2017-093-0121,LS2019-093-0121,93,VS2017>LS2019,1:1,0.6
VS2017-093-0122,LS2019-093-0122,93,VS2017>LS2019,1:1,0.85
VS2017-093-0123,LS2019-093-0123,93,VS2017>LS2019,1:1,0.85
VS2017-093-0124,LS2019-093-0124,93,VS2017>LS2019,1:1,0.85
VS2017-093-0125,LS2019-093-0125,93,VS2017>LS2019,1:1,0.85
VS2017-093-0126,LS2019-093-0126,93,VS2017>LS2019,1:1,0.85
VS2017-093-0127,LS2019-093-0127,93,VS2017>LS2019,1:1,0.85
VS2017-093-0128,LS2019-093-0128,93,VS2017>LS2019,1:1,0.85
VS2017-093-0129,LS2019-093-0129,93,VS2017>LS2019,1:1,0.85
VS2017-093-0130,LS2019-093-0130,93,VS2017>LS2019,1:1,0.85
VS2017-093-0131,LS2019-093-0131,93,VS2017>LS2019,1:1,0.85
VS2017-093-0132,LS2019-093-0132,93,VS2017>LS2019,1:1,0.85
VS2017-093-0133,LS2019-093-0133,93,VS2017>LS2019,1:1,0.85
VS2017-093-0134,LS2019-093-0134,93,VS2017>LS2019,1:1,0.85
VS2017-093-0135,LS2019-093-0135,93,VS2017>LS2019,1:1,0.85
VS2017-093-0136,LS2019-093-0136,93,VS2017>LS2019,1:1,0.85
VS2017-093-0137,LS2019-093-0137,93,VS2017>LS2019,1:1,0.85
VS2017-093-0138,LS2019-093-0138,93,VS2017>LS2019,1:1,0.85
VS2017-093-0139,LS2019-093-0139,93,VS2017>LS2019,1:1,0.85
VS2017-093-0140,LS2019-093-0140,93,VS2017>LS2019,1:1,0.85
VS2017-093-0141,LS2019-093-0141,93,VS2017>LS2019,1:1,0.95
VS2017-093-0142,LS2019-093-0142,93,VS2017>LS2019,1:1,0.85
VS2017-093-0143,LS2019-093-0143,93,VS2017>LS2019,1:1,0.85
VS2017-093-0144,LS2019-093-0144,93,VS2017>LS2019,1:1,0.85
VS2017-093-0145,LS2019-093-0145,93,VS2017>LS2019,1:1,0.85
VS2017-093-0146,LS2019-093-0146,93,VS2017>LS2019,1:1,0.85
VS2017-093-0147,LS2019-093-0147,93,VS2017>LS2019,1:1,0.85
VS2017-093-0148,LS2019-093-0148,93,VS2017>LS2019,1:1,0.85
VS2017-093-0149,LS2019-093-0149,93,VS2017>LS2019,1:1,0.85
VS2017-093-0150,LS2019-093-0150,93,VS2017>LS2019,1:1,0.85
VS2017-093-0151,LS2019-093-0151,93,VS2017>LS2019,1:1,0.85
VS2017-093-0152,LS2019-093-0152,93,VS2017>LS2019,1:1,0.85
VS2017-093-0153,LS2019-093-0153,93,VS2017>LS2019,1:1,0.85
VS2017-093-0154,LS2019-093-0154,93,VS2017>LS2019,1:1,0.85
VS2017-093-0155,LS2019-093-0155,93,VS2017>LS2019,1:1,0.85
VS2017-093-0156,LS2019-093-0156,93,VS2017>LS2019,1:1,0.85
VS2017-093-0157,LS2019-093-0157,93,VS2017>LS2019,1:1,0.85
VS2017-093-0158,LS2019-093-0158,93,VS2017>LS2019,1:1,0.85
VS2017-093-0159,LS2019-093-0159,93,VS2017>LS2019,1:1,0.85
VS2017-093-0160,LS2019-093-0160,93,VS2017>LS2019,1:1,0.85
VS2017-093-0161,LS2019-093-0161,93,VS2017>LS2019,1:1,0.85
VS2017-093-0162,LS2019-093-0162,93,VS2017>LS2019,1:1,0.85
VS2017-093-0163,LS2019-093-0163,93,VS2017>LS2019,1:1,0.85
VS2017-093-0164,LS2019-093-0164,93,VS2017>LS2019,1:1,0.85
VS2017-093-0165,LS2019-093-0165,93,VS2017>LS2019,1:1,0.85
VS2017-093-0166,LS2019-093-0166,93,VS2017>LS2019,1:1,0.85
VS2017-093-0167,LS2019-093-0167,93,VS2017>LS2019,1:1,0.85
VS2017-093-0168,LS2019-093-0168,93,VS2017>LS2019,1:1,0.85
VS2017-093-0169,LS2019-093-0169,93,VS2017>LS2019,1:1,0.85
VS2017-093-0170,LS2019-093-0170,93,VS2017>LS2019,1:1,0.85
VS2017-093-0171,LS2019-093-0171,93,VS2017>LS2019,1:1,0.85
VS2017-093-0172,LS2019-093-0172,93,VS2017>LS2019,1:1,0.85
VS2017-093-0173,LS2019-093-0173,93,VS2017>LS2019,1:1,0.95
VS2017-093-0174,LS2019-093-0174,93,VS2017>LS2019,1:1,0.85
VS2017-093-0175,LS2019-093-0175,93,VS2017>LS2019,1:1,0.85
VS2017-093-0176,LS2019-093-0176,93,VS2017>LS2019,1:1,0.85
VS2017-093-0177,LS2019-093-0177,93,VS2017>LS2019,1:1,0.85
VS2017-093-0178,LS2019-093-0178,93,VS2017>LS2019,1:1,0.85
VS2017-093-0179,LS2019-093-0179,93,VS2017>LS2019,1:1,0.85
VS2017-093-0180,LS2019-093-0180,93,VS2017>LS2019,1:1,0.85
VS2017-093-0181,LS2019-093-0181,93,VS2017>LS2019,1:1,0.85
VS2017-093-0182,LS2019-093-0182,93,VS2017>LS2019,1:1,0.85
VS2017-093-0183,LS2019-093-0183,93,VS2017>LS2019,1:1,0.85
VS2017-093-0184,LS2019-093-0184,93,VS2017>LS2019,1:1,0.85
VS2017-093-0185,LS2019-093-0185,93,VS2017>LS2019,1:1,0.85
VS2017-093-0186,LS2019-093-0186,93,VS2017>LS2019,1:1,0.85
VS2017-093-0187,LS2019-093-0187,93,VS2017>LS2019,1:1,0.85
VS2017-093-0188,LS2019-093-0188,93,VS2017>LS2019,1:1,0.85
VS2017-093-0189,LS2019-093-0189,93,VS2017>LS2019,1:1,0.85
VS2017-093-0190,LS2019-093-0190,93,VS2017>LS2019,1:1,0.85
VS2017-093-0191,LS2019-093-0191,93,VS2017>LS2019,1:1,0.85
VS2017-093-0192,LS2019-093-0192,93,VS2017>LS2019,1:1,0.85
VS2017-093-0193,LS2019-093-0193,93,VS2017>LS2019,1:1,0.85
VS2017-093-0194,LS2019-093-0194,93,VS2017>LS2019,1:1,0.85
VS2017-093-0195,LS2019-093-0195,93,VS2017>LS2019,1:1,0.85
VS2017-093-0196,LS2019-093-0196,93,VS2017>LS2019,1:1,0.85
VS2017-093-0197,LS2019-093-0197,93,VS2017>LS2019,1:1,0.85
VS2017-093-0198,LS2019-093-0198,93,VS2017>LS2019,1:1,0.85
VS2017-093-0199,LS2019-093-0199,93,VS2017>LS2019,1:1,0.85
VS2017-093-0200,LS2019-093-0200,93,VS2017>LS2019,1:1,0.85
VS2017-093-0201,LS2019-093-0201,93,VS2017>LS2019,1:1,0.85
VS2017-093-0202,LS2019-093-0202,93,VS2017>LS2019,1:1,0.85
VS2017-093-0203,LS2019-093-0203,93,VS2017>LS2019,1:1,0.85
VS2017-093-0204,LS2019-093-0204,93,VS2017>LS2019,1:1,0.85
VS2017-093-0205,LS2019-093-0205,93,VS2017>LS2019,1:1,0.85
VS2017-093-0206,LS2019-093-0206,93,VS2017>LS2019,1:1,0.85
VS2017-093-0207,LS2019-093-0207,93,VS2017>LS2019,1:1,0.85
VS2017-093-0208,LS2019-093-0208,93,VS2017>LS2019,1:1,0.85
VS2017-093-0209,LS2019-093-0209,93,VS2017>LS2019,1:1,0.85
VS2017-093-0210,LS2019-093-0210,93,VS2017>LS2019,1:1,0.85
VS2017-093-0211,LS2019-093-0211,93,VS2017>LS2019,1:1,0.85
VS2017-093-0212,LS2019-093-0212,93,VS2017>LS2019,1:1,0.85
VS2017-093-0213,LS2019-093-0213,93,VS2017>LS2019,1:1,0.85
VS2017-093-0214,LS2019-093-0214,93,VS2017>LS2019,1:1,0.85
VS2017-093-0215,LS2019-093-0215,93,VS2017>LS2019,1:1,0.85
VS2017-093-0216,LS2019-093-0216,93,VS2017>LS2019,1:1,0.85
VS2017-093-0217,LS2019-093-0217,93,VS2017>LS2019,1:1,0.85
VS2017-093-0218,LS2019-093-0218,93,VS2017>LS2019,1:1,0.85
VS2017-093-0219,LS2019-093-0219,93,VS2017>LS2019,1:1,0.85
VS2017-093-0220,LS2019-093-0220,93,VS2017>LS2019,1:1,0.85
VS2017-093-0221,LS2019-093-0221,93,VS2017>LS2019,1:1,0.85
VS2017-093-0222,LS2019-093-0222,93,VS2017>LS2019,1:1,0.95
VS2017-093-0223,LS2019-093-0223,93,VS2017>LS2019,1:1,0.85
VS2017-093-0224,LS2019-093-0224,93,VS2017>LS2019,1:1,0.85
VS2017-093-0225,LS2019-093-0225,93,VS2017>LS2019,1:1,0.85
VS2017-093-0226,LS2019-093-0226,93,VS2017>LS2019,1:1,0.85
VS2017-093-0227,LS2019-093-0227,93,VS2017>LS2019,1:1,0.85
VS2017-093-0228,LS2019-093-0228,93,VS2017>LS2019,1:1,0.85
VS2017-093-0229,LS2019-093-0229,93,VS2017>LS2019,1:1,0.85
VS2017-093-0230,LS2019-093-0230,93,VS2017>LS2019,1:1,0.85
VS2017-093-0231,LS2019-093-0231,93,VS2017>LS2019,1:1,0.85
VS2017-093-0232,LS2019-093-0232,93,VS2017>LS2019,1:1,0.85
VS2017-093-0233,LS2019-093-0233,93,VS2017>LS2019,1:1,0.85
VS2017-093-0234,LS2019-093-0234,93,VS2017>LS2019,1:1,0.85
VS2017-093-0235,LS2019-093-0235,93,VS2017>LS2019,1:1,0.85
VS2017-093-0236,LS2019-093-0236,93,VS2017>LS2019,1:1,0.95
VS2017-093-0237,LS2019-093-0237,93,VS2017>LS2019,1:1,0.95
VS2017-093-0238,LS2019-093-0238,93,VS2017>LS2019,1:1,0.85
VS2017-093-0239,LS2019-093-0239,93,VS2017>LS2019,1:1,0.85
VS2017-093-0240,LS2019-093-0240,93,VS2017>LS2019,1:1,0.85
VS2017-093-0241,LS2019-093-0241,93,VS2017>LS2019,1:1,0.85
VS2017-093-0242,LS2019-093-0242,93,VS2017>LS2019,1:1,0.85
VS2017-093-0243,LS2019-093-0243,93,VS2017>LS2019,1:1,0.85
VS2017-093-0244,LS2019-093-0244,93,VS2017>LS2019,1:1,0.85
VS2017-093-0245,LS2019-093-0245,93,VS2017>LS2019,1:1,0.85
VS2017-093-0246,LS2019-093-0246,93,VS2017>LS2019,1:1,0.85
VS2017-093-0247,LS2019-093-0247,93,VS2017>LS2019,1:1,0.95
VS2017-093-0248,LS2019-093-0248,93,VS2017>LS2019,1:1,0.85
VS2017-093-0249,LS2019-093-0249,93,VS2017>LS2019,1:1,0.85
VS2017-093-0250,LS2019-093-0250,93,VS2017>LS2019,1:1,0.85
VS2017-093-0251,LS2019-093-0251,93,VS2017>LS2019,1:1,0.85
VS2017-093-0252,LS2019-093-0252,93,VS2017>LS2019,1:1,0.85
VS2017-093-0253,LS2019-093-0253,93,VS2017>LS2019,1:1,0.85
VS2017-093-0254,LS2019-093-0254,93,VS2017>LS2019,1:1,0.85
VS2017-093-0255,LS2019-093-0255,93,VS2017>LS2019,1:1,0.85
VS2017-093-0256,LS2019-093-0256,93,VS2017>LS2019,1:1,0.85
VS2017-093-0257,LS2019-093-0257,93,VS2017>LS2019,1:1,0.85
VS2017-093-0258,LS2019-093-0258,93,VS2017>LS2019,1:1,0.85
VS2017-093-0259,LS2019-093-0259,93,VS2017>LS2019,1:1,0.85
VS2017-093-0260,LS2019-093-0260,93,VS2017>LS2019,1:1,0.85
VS2017-093-0261,LS2019-093-0261,93,VS2017>LS2019,1:1,0.85
VS2017-093-0262,LS2019-093-0262,93,VS2017>LS2019,1:1,0.85
VS2017-093-0263,LS2019-093-0263,93,VS2017>LS2019,1:1,0.85
VS2017-093-0264,LS2019-093-0264,93,VS2017>LS2019,1:1,0.85
VS2017-093-0265,LS2019-093-0265,93,VS2017>LS2019,1:1,0.85
VS2017-093-0266,LS2019-093-0266,93,VS2017>LS2019,1:1,0.85
VS2017-093-0267,LS2019-093-0267,93,VS2017>LS2019,1:1,0.85
VS2017-093-0268,LS2019-093-0268,93,VS2017>LS2019,1:1,0.85
VS2017-093-0269,LS2019-093-0269,93,VS2017>LS2019,1:1,0.85
VS2017-093-0270,LS2019-093-0270,93,VS2017>LS2019,1:1,0.85
VS2017-093-0271,LS2019-093-0271,93,VS2017>LS2019,1:1,0.85
VS2017-093-0272,LS2019-093-0272,93,VS2017>LS2019,1:1,0.85
VS2017-093-0273,LS2019-093-0273,93,VS2017>LS2019,1:1,0.85
VS2017-093-0274,LS2019-093-0274,93,VS2017>LS2019,1:1,0.85
VS2017-093-0275,LS2019-093-0275,93,VS2017>LS2019,1:1,0.85
VS2017-093-0276,LS2019-093-0276,93,VS2017>LS2019,1:1,0.6
VS2017-093-0277,LS2019-093-0277,93,VS2017>LS2019,1:1,0.85
VS2017-093-0278,LS2019-093-0278,93,VS2017>LS2019,1:1,0.85
VS2017-093-0279,LS2019-093-0279,93,VS2017>LS2019,1:1,0.85
VS2017-093-0280,LS2019-093-0280,93,VS2017>LS2019,1:1,0.85
VS2017-093-0281,LS2019-093-0281,93,VS2017>LS2019,1:1,0.85
VS2017-093-0282,LS2019-093-0282,93,VS2017>LS2019,1:1,0.85
VS2017-093-0283,LS2019-093-0283,93,VS2017>LS2019,1:1,0.85
VS2017-093-0284,LS2019-093-0284,93,VS2017>LS2019,1:1,0.6
VS2017-093-0285,LS2019-093-0285,93,VS2017>LS2019,1:1,0.85
VS2017-093-0286,LS2019-093-0286,93,VS2017>LS2019,1:1,0.85
VS2017-093-0287,LS2019-093-0287,93,VS2017>LS2019,1:1,0.95
VS2017-093-0288,LS2019-093-0288,93,VS2017>LS2019,1:1,0.95
VS2017-093-0289,LS2019-093-0289,93,VS2017>LS2019,1:1,0.85
VS2017-093-0290,LS2019-093-0290,93,VS2017>LS2019,1:1,0.85
VS2017-093-0291,LS2019-093-0291,93,VS2017>LS2019,1:1,0.85
VS2017-093-0292,LS2019-093-0292,93,VS2017>LS2019,1:1,0.85
VS2017-093-0293,LS2019-093-0293,93,VS2017>LS2019,1:1,0.85
VS2017-093-0294,LS2019-093-0294,93,VS2017>LS2019,1:1,0.85
VS2017-093-0295,LS2019-093-0295,93,VS2017>LS2019,1:1,0.85
VS2017-093-0296,LS2019-093-0296,93,VS2017>LS2019,1:1,0.85
VS2017-093-0297,LS2019-093-0297,93,VS2017>LS2019,1:1,0.85
VS2017-093-0298,LS2019-093-0298,93,VS2017>LS2019,1:1,0.85
VS2017-093-0299,LS2019-093-0299,93,VS2017>LS2019,1:1,0.85
VS2017-093-0300,LS2019-093-0300,93,VS2017>LS2019,1:1,0.85
VS2017-093-0301,LS2019-093-0301,93,VS2017>LS2019,1:1,0.85
VS2017-093-0302,LS2019-093-0302,93,VS2017>LS2019,1:1,0.85
VS2017-093-0303,LS2019-093-0303,93,VS2017>LS2019,1:1,0.85
VS2017-093-0304,LS2019-093-0304,93,VS2017>LS2019,1:1,0.85
VS2017-093-0305,LS2019-093-0305,93,VS2017>LS2019,1:1,0.85
VS2017-093-0306,LS2019-093-0306,93,VS2017>LS2019,1:1,0.85
VS2017-093-0307,LS2019-093-0307,93,VS2017>LS2019,1:1,0.85
VS2017-093-0308,LS2019-093-0308,93,VS2017>LS2019,1:1,0.85
VS2017-093-0309,LS2019-093-0309,93,VS2017>LS2019,1:1,0.85
VS2017-093-0310,LS2019-093-0310,93,VS2017>LS2019,1:1,0.85
VS2017-093-0311,LS2019-093-0311,93,VS2017>LS2019,1:1,0.85
VS2017-093-0312,LS2019-093-0312,93,VS2017>LS2019,1:1,0.85
VS2017-093-0313,LS2019-093-0313,93,VS2017>LS2019,1:1,0.85
VS2017-093-0314,LS2019-093-0314,93,VS2017>LS2019,1:1,0.85
VS2017-093-0315,LS2019-093-0315,93,VS2017>LS2019,1:1,0.85
VS2017-093-0316,LS2019-093-0316,93,VS2017>LS2019,1:1,0.85
VS2017-093-0317,LS2019-093-0317,93,VS2017>LS2019,1:1,0.85
VS2017-093-0318,LS2019-093-0318,93,VS2017>LS2019,1:1,0.85
VS2017-093-0319,LS2019-093-0319,93,VS2017>LS2019,1:1,0.85
VS2017-093-0320,LS2019-093-0320,93,VS2017>LS2019,1:1,0.95
VS2017-093-0321,LS2019-093-0321,93,VS2017>LS2019,1:1,0.85
VS2017-093-0322,LS2019-093-0322,93,VS2017>LS2019,1:1,0.85
VS2017-093-0323,LS2019-093-0323,93,VS2017>LS2019,1:1,0.85
VS2017-093-0324,LS2019-093-0324,93,VS2017>LS2019,1:1,0.85
VS2017-093-0325,LS2019-093-0325,93,VS2017>LS2019,1:1,0.85
VS2017-093-0326,LS2019-093-0326,93,VS2017>LS2019,1:1,0.85
VS2017-093-0327,LS2019-093-0327,93,VS2017>LS2019,1:1,0.85
VS2017-093-0328,LS2019-093-0328,93,VS2017>LS2019,1:1,0.85
VS2017-093-0329,LS2019-093-0329,93,VS2017>LS2019,1:1,0.85
VS2017-093-0330,LS2019-093-0330,93,VS2017>LS2019,1:1,0.85
VS2017-093-0331,LS2019-093-0331,93,VS2017>LS2019,1:1,0.85
VS2017-093-0332,LS2019-093-0332,93,VS2017>LS2019,1:1,0.85
VS2017-093-0333,LS2019-093-0333,93,VS2017>LS2019,1:1,0.85
VS2017-093-0334,LS2019-093-0334,93,VS2017>LS2019,1:1,0.85
VS2017-093-0335,LS2019-093-0335,93,VS2017>LS2019,1:1,0.85
VS2017-093-0336,LS2019-093-0336,93,VS2017>LS2019,1:1,0.85
VS2017-093-0337,LS2019-093-0337,93,VS2017>LS2019,1:1,0.85
VS2017-093-0338,LS2019-093-0338,93,VS2017>LS2019,1:1,0.85
VS2017-093-0339,LS2019-093-0339,93,VS2017>LS2019,1:1,0.85
VS2017-093-0340,LS2019-093-0340,93,VS2017>LS2019,1:1,0.85
VS2017-093-0341,LS2019-093-0341,93,VS2017>LS2019,1:1,0.85
VS2017-093-0342,LS2019-093-0342,93,VS2017>LS2019,1:1,0.85
VS2017-093-0343,LS2019-093-0343,93,VS2017>LS2019,1:1,0.85
VS2017-093-0344,LS2019-093-0344,93,VS2017>LS2019,1:1,0.85
VS2017-093-0345,LS2019-093-0345,93,VS2017>LS2019,1:1,0.85
VS2017-093-0346,LS2019-093-0346,93,VS2017>LS2019,1:1,0.85
VS2017-093-0347,LS2019-093-0347,93,VS2017>LS2019,1:1,0.85
,LS2019-093-0348,93,VS2017>LS2019,new,0.0
,LS2019-093-0349,93,VS2017>LS2019,new,0.0
,LS2019-093-0350,93,VS2017>LS2019,new,0.0
,LS2019-093-0351,93,VS2017>LS2019,new,0.0
,LS2019-093-0352,93,VS2017>LS2019,new,0.0
,LS2019-093-0353,93,VS2017>LS2019,new,0.0
,LS2019-093-0354,93,VS2017>LS2019,new,0.0
,LS2019-093-0355,93,VS2017>LS2019,new,0.0
,LS2019-093-0356,93,VS2017>LS2019,new,0.0
,LS2019-093-0357,93,VS2017>LS2019,new,0.0
,LS2019-093-0358,93,VS2017>LS2019,new,0.0
,LS2019-093-0359,93,VS2017>LS2019,new,0.0
,LS2019-093-0360,93,VS2017>LS2019,new,0.0
,LS2019-093-0361,93,VS2017>LS2019,new,0.0
VS2017-094-0002,LS2019-094-0002,94,VS2017>LS2019,1:1,0.95
VS2017-094-0003,LS2019-094-0003,94,VS2017>LS2019,1:1,0.95
VS2017-094-0004,LS2019-094-0004,94,VS2017>LS2019,1:1,0.95
VS2017-094-0005,LS2019-094-0005,94,VS2017>LS2019,1:1,0.95
VS2017-094-0006,LS2019-094-0006,94,VS2017>LS2019,1:1,0.95
VS2017-094-0007,LS2019-094-0007,94,VS2017>LS2019,1:1,0.95
VS2017-094-0008,LS2019-094-0008,94,VS2017>LS2019,1:1,0.85
VS2017-094-0009,LS2019-094-0009,94,VS2017>LS2019,1:1,0.95
VS2017-094-0010,LS2019-094-0010,94,VS2017>LS2019,1:1,0.95
VS2017-094-0011,LS2019-094-0011,94,VS2017>LS2019,1:1,0.95
VS2017-094-0012,LS2019-094-0012,94,VS2017>LS2019,1:1,0.95
VS2017-094-0013,LS2019-094-0013,94,VS2017>LS2019,1:1,0.95
VS2017-094-0014,LS2019-094-0014,94,VS2017>LS2019,1:1,0.95
VS2017-094-0015,LS2019-094-0015,94,VS2017>LS2019,1:1,0.95
VS2017-094-0016,LS2019-094-0016,94,VS2017>LS2019,1:1,0.95
VS2017-094-0017,LS2019-094-0017,94,VS2017>LS2019,1:1,0.95
VS2017-094-0018,LS2019-094-0018,94,VS2017>LS2019,1:1,0.95
VS2017-094-0019,LS2019-094-0019,94,VS2017>LS2019,1:1,0.95
VS2017-094-0020,LS2019-094-0020,94,VS2017>LS2019,1:1,0.95
VS2017-094-0021,LS2019-094-0021,94,VS2017>LS2019,1:1,0.95
VS2017-094-0022,LS2019-094-0022,94,VS2017>LS2019,1:1,0.95
VS2017-094-0023,LS2019-094-0023,94,VS2017>LS2019,1:1,0.95
VS2017-094-0024,LS2019-094-0024,94,VS2017>LS2019,1:1,0.95
VS2017-094-0025,LS2019-094-0025,94,VS2017>LS2019,1:1,0.95
VS2017-094-0026,LS2019-094-0026,94,VS2017>LS2019,1:1,0.95
VS2017-094-0027,LS2019-094-0027,94,VS2017>LS2019,1:1,0.95
VS2017-094-0028,LS2019-094-0028,94,VS2017>LS2019,1:1,0.95
VS2017-094-0029,LS2019-094-0029,94,VS2017>LS2019,1:1,0.95
VS2017-094-0030,LS2019-094-0030,94,VS2017>LS2019,1:1,0.95
VS2017-094-0031,LS2019-094-0031,94,VS2017>LS2019,1:1,0.95
VS2017-094-0032,LS2019-094-0032,94,VS2017>LS2019,1:1,0.95
VS2017-094-0033,LS2019-094-0033,94,VS2017>LS2019,1:1,0.95
VS2017-094-0034,LS2019-094-0034,94,VS2017>LS2019,1:1,0.85
VS2017-094-0035,LS2019-094-0035,94,VS2017>LS2019,1:1,0.95
VS2017-094-0036,LS2019-094-0036,94,VS2017>LS2019,1:1,0.95
VS2017-094-0037,LS2019-094-0037,94,VS2017>LS2019,1:1,0.95
VS2017-094-0038,LS2019-094-0038,94,VS2017>LS2019,1:1,0.95
VS2017-094-0039,LS2019-094-0039,94,VS2017>LS2019,1:1,0.85
VS2017-094-0040,LS2019-094-0040,94,VS2017>LS2019,1:1,0.85
VS2017-094-0041,LS2019-094-0041,94,VS2017>LS2019,1:1,0.95
VS2017-094-0042,LS2019-094-0042,94,VS2017>LS2019,1:1,0.85
VS2017-094-0043,LS2019-094-0043,94,VS2017>LS2019,1:1,0.95
VS2017-094-0044,LS2019-094-0044,94,VS2017>LS2019,1:1,0.95
VS2017-094-0045,LS2019-094-0045,94,VS2017>LS2019,1:1,0.95
VS2017-094-0046,LS2019-094-0046,94,VS2017>LS2019,1:1,0.95
VS2017-094-0047,LS2019-094-0047,94,VS2017>LS2019,1:1,0.95
VS2017-094-0048,LS2019-094-0048,94,VS2017>LS2019,1:1,0.95
VS2017-094-0049,LS2019-094-0049,94,VS2017>LS2019,1:1,0.95
VS2017-094-0050,LS2019-094-0050,94,VS2017>LS2019,1:1,0.85
VS2017-094-0051,LS2019-094-0051,94,VS2017>LS2019,1:1,0.85
VS2017-094-0052,LS2019-094-0052,94,VS2017>LS2019,1:1,0.95
VS2017-094-0053,LS2019-094-0053,94,VS2017>LS2019,1:1,0.95
VS2017-094-0054,LS2019-094-0054,94,VS2017>LS2019,1:1,0.95
VS2017-094-0055,LS2019-094-0055,94,VS2017>LS2019,1:1,0.95
VS2017-094-0056,LS2019-094-0056,94,VS2017>LS2019,1:1,0.95
VS2017-094-0057,LS2019-094-0057,94,VS2017>LS2019,1:1,0.95
VS2017-094-0058,LS2019-094-0058,94,VS2017>LS2019,1:1,0.6
VS2017-094-0059,LS2019-094-0059,94,VS2017>LS2019,1:1,0.6
VS2017-094-0060,LS2019-094-0060,94,VS2017>LS2019,1:1,0.95
VS2017-094-0061,LS2019-094-0061,94,VS2017>LS2019,1:1,0.85
VS2017-094-0062,LS2019-094-0062,94,VS2017>LS2019,1:1,0.85
VS2017-094-0063,LS2019-094-0063,94,VS2017>LS2019,1:1,0.95
VS2017-094-0064,LS2019-094-0064,94,VS2017>LS2019,1:1,0.95
VS2017-094-0065,LS2019-094-0065,94,VS2017>LS2019,1:1,0.85
VS2017-094-0066,LS2019-094-0066,94,VS2017>LS2019,1:1,0.95
VS2017-094-0067,LS2019-094-0067,94,VS2017>LS2019,1:1,0.95
VS2017-094-0068,LS2019-094-0068,94,VS2017>LS2019,1:1,0.95
VS2017-094-0069,LS2019-094-0069,94,VS2017>LS2019,1:1,0.95
VS2017-094-0070,LS2019-094-0070,94,VS2017>LS2019,1:1,0.95
VS2017-094-0071,LS2019-094-0071,94,VS2017>LS2019,1:1,0.85
VS2017-094-0072,LS2019-094-0072,94,VS2017>LS2019,1:1,0.95
VS2017-094-0073,LS2019-094-0073,94,VS2017>LS2019,1:1,0.95
VS2017-094-0074,LS2019-094-0074,94,VS2017>LS2019,1:1,0.95
VS2017-094-0075,LS2019-094-0075,94,VS2017>LS2019,1:1,0.85
VS2017-094-0076,LS2019-094-0076,94,VS2017>LS2019,1:1,0.95
VS2017-094-0077,LS2019-094-0077,94,VS2017>LS2019,1:1,0.95
VS2017-094-0078,LS2019-094-0078,94,VS2017>LS2019,1:1,0.95
VS2017-094-0079,LS2019-094-0079,94,VS2017>LS2019,1:1,0.95
VS2017-094-0080,LS2019-094-0080,94,VS2017>LS2019,1:1,0.95
VS2017-094-0081,LS2019-094-0081,94,VS2017>LS2019,1:1,0.95
VS2017-094-0082,LS2019-094-0082,94,VS2017>LS2019,1:1,0.95
VS2017-094-0083,LS2019-094-0083,94,VS2017>LS2019,1:1,0.95
VS2017-094-0084,LS2019-094-0084,94,VS2017>LS2019,1:1,0.95
VS2017-094-0085,LS2019-094-0085,94,VS2017>LS2019,1:1,0.95
VS2017-094-0086,LS2019-094-0086,94,VS2017>LS2019,1:1,0.95
VS2017-094-0087,LS2019-094-0087,94,VS2017>LS2019,1:1,0.95
VS2017-094-0088,LS2019-094-0088,94,VS2017>LS2019,1:1,0.95
VS2017-094-0089,LS2019-094-0089,94,VS2017>LS2019,1:1,0.95
VS2017-094-0090,LS2019-094-0090,94,VS2017>LS2019,1:1,0.95
VS2017-094-0091,LS2019-094-0091,94,VS2017>LS2019,1:1,0.95
VS2017-094-0092,LS2019-094-0092,94,VS2017>LS2019,1:1,0.95
VS2017-094-0093,LS2019-094-0093,94,VS2017>LS2019,1:1,0.95
VS2017-094-0094,LS2019-094-0094,94,VS2017>LS2019,1:1,0.95
VS2017-094-0095,LS2019-094-0095,94,VS2017>LS2019,1:1,0.95
VS2017-094-0096,LS2019-094-0096,94,VS2017>LS2019,1:1,0.95
VS2017-094-0097,LS2019-094-0097,94,VS2017>LS2019,1:1,0.95
VS2017-094-0098,LS2019-094-0098,94,VS2017>LS2019,1:1,0.95
VS2017-094-0099,LS2019-094-0099,94,VS2017>LS2019,1:1,0.95
VS2017-094-0100,LS2019-094-0100,94,VS2017>LS2019,1:1,0.85
VS2017-094-0101,LS2019-094-0101,94,VS2017>LS2019,1:1,0.95
VS2017-094-0102,LS2019-094-0102,94,VS2017>LS2019,1:1,0.95
VS2017-094-0103,LS2019-094-0103,94,VS2017>LS2019,1:1,0.95
VS2017-094-0104,LS2019-094-0104,94,VS2017>LS2019,1:1,0.95
VS2017-094-0105,LS2019-094-0105,94,VS2017>LS2019,1:1,0.95
VS2017-094-0106,LS2019-094-0106,94,VS2017>LS2019,1:1,0.95
VS2017-094-0107,LS2019-094-0107,94,VS2017>LS2019,1:1,0.95
VS2017-094-0108,LS2019-094-0108,94,VS2017>LS2019,1:1,0.95
VS2017-094-0109,LS2019-094-0109,94,VS2017>LS2019,1:1,0.95
VS2017-094-0110,LS2019-094-0110,94,VS2017>LS2019,1:1,0.95
VS2017-094-0111,LS2019-094-0111,94,VS2017>LS2019,1:1,0.95
VS2017-094-0112,LS2019-094-0112,94,VS2017>LS2019,1:1,0.95
VS2017-094-0113,LS2019-094-0113,94,VS2017>LS2019,1:1,0.95
VS2017-094-0114,LS2019-094-0114,94,VS2017>LS2019,1:1,0.95
VS2017-094-0115,LS2019-094-0115,94,VS2017>LS2019,1:1,0.95
VS2017-094-0116,LS2019-094-0116,94,VS2017>LS2019,1:1,0.95
VS2017-094-0117,LS2019-094-0117,94,VS2017>LS2019,1:1,0.95
VS2017-094-0118,LS2019-094-0118,94,VS2017>LS2019,1:1,0.95
VS2017-094-0119,LS2019-094-0119,94,VS2017>LS2019,1:1,0.95
VS2017-094-0120,LS2019-094-0120,94,VS2017>LS2019,1:1,0.95
VS2017-094-0121,LS2019-094-0121,94,VS2017>LS2019,1:1,0.95
VS2017-094-0122,LS2019-094-0122,94,VS2017>LS2019,1:1,0.95
VS2017-094-0123,LS2019-094-0123,94,VS2017>LS2019,1:1,0.95
VS2017-094-0124,LS2019-094-0124,94,VS2017>LS2019,1:1,0.95
VS2017-094-0125,LS2019-094-0125,94,VS2017>LS2019,1:1,0.95
VS2017-094-0126,LS2019-094-0126,94,VS2017>LS2019,1:1,0.85
VS2017-094-0127,LS2019-094-0127,94,VS2017>LS2019,1:1,0.85
VS2017-094-0128,LS2019-094-0128,94,VS2017>LS2019,1:1,0.85
VS2017-094-0129,LS2019-094-0129,94,VS2017>LS2019,1:1,0.95
VS2017-094-0130,LS2019-094-0130,94,VS2017>LS2019,1:1,0.85
VS2017-094-0131,LS2019-094-0131,94,VS2017>LS2019,1:1,0.95
VS2017-094-0132,LS2019-094-0132,94,VS2017>LS2019,1:1,0.95
VS2017-094-0133,LS2019-094-0133,94,VS2017>LS2019,1:1,0.85
VS2017-094-0134,LS2019-094-0134,94,VS2017>LS2019,1:1,0.85
VS2017-094-0135,LS2019-094-0135,94,VS2017>LS2019,1:1,0.85
VS2017-094-0136,LS2019-094-0136,94,VS2017>LS2019,1:1,0.95
VS2017-094-0137,LS2019-094-0137,94,VS2017>LS2019,1:1,0.85
VS2017-094-0138,LS2019-094-0138,94,VS2017>LS2019,1:1,0.95
VS2017-094-0139,LS2019-094-0139,94,VS2017>LS2019,1:1,0.95
VS2017-094-0140,LS2019-094-0140,94,VS2017>LS2019,1:1,0.95
VS2017-094-0141,LS2019-094-0141,94,VS2017>LS2019,1:1,0.95
VS2017-094-0142,LS2019-094-0142,94,VS2017>LS2019,1:1,0.95
VS2017-094-0143,LS2019-094-0143,94,VS2017>LS2019,1:1,0.95
VS2017-094-0144,LS2019-094-0144,94,VS2017>LS2019,1:1,0.95
VS2017-094-0145,LS2019-094-0145,94,VS2017>LS2019,1:1,0.95
VS2017-094-0146,LS2019-094-0146,94,VS2017>LS2019,1:1,0.95
VS2017-094-0147,LS2019-094-0147,94,VS2017>LS2019,1:1,0.95
VS2017-094-0148,LS2019-094-0148,94,VS2017>LS2019,1:1,0.95
VS2017-094-0149,LS2019-094-0149,94,VS2017>LS2019,1:1,0.95
VS2017-094-0150,LS2019-094-0150,94,VS2017>LS2019,1:1,0.95
VS2017-094-0151,LS2019-094-0151,94,VS2017>LS2019,1:1,0.95
VS2017-094-0152,LS2019-094-0152,94,VS2017>LS2019,1:1,0.95
VS2017-094-0153,LS2019-094-0153,94,VS2017>LS2019,1:1,0.95
VS2017-094-0154,LS2019-094-0154,94,VS2017>LS2019,1:1,0.95
VS2017-094-0155,LS2019-094-0155,94,VS2017>LS2019,1:1,0.95
VS2017-094-0156,LS2019-094-0156,94,VS2017>LS2019,1:1,0.95
VS2017-094-0157,LS2019-094-0157,94,VS2017>LS2019,1:1,0.95
VS2017-094-0158,LS2019-094-0158,94,VS2017>LS2019,1:1,0.95
VS2017-094-0159,LS2019-094-0159,94,VS2017>LS2019,1:1,0.95
VS2017-094-0160,LS2019-094-0160,94,VS2017>LS2019,1:1,0.95
VS2017-094-0161,LS2019-094-0161,94,VS2017>LS2019,1:1,0.95
VS2017-094-0162,LS2019-094-0162,94,VS2017>LS2019,1:1,0.95
VS2017-094-0163,LS2019-094-0163,94,VS2017>LS2019,1:1,0.95
VS2017-094-0164,LS2019-094-0164,94,VS2017>LS2019,1:1,0.95
VS2017-094-0165,LS2019-094-0165,94,VS2017>LS2019,1:1,0.95
VS2017-094-0166,LS2019-094-0166,94,VS2017>LS2019,1:1,0.95
VS2017-094-0167,LS2019-094-0167,94,VS2017>LS2019,1:1,0.95
VS2017-094-0168,LS2019-094-0168,94,VS2017>LS2019,1:1,0.95
VS2017-094-0169,LS2019-094-0169,94,VS2017>LS2019,1:1,0.95
VS2017-094-0170,LS2019-094-0170,94,VS2017>LS2019,1:1,0.95
VS2017-094-0171,LS2019-094-0171,94,VS2017>LS2019,1:1,0.95
VS2017-094-0172,LS2019-094-0172,94,VS2017>LS2019,1:1,0.95
VS2017-094-0173,LS2019-094-0173,94,VS2017>LS2019,1:1,0.95
VS2017-094-0174,LS2019-094-0174,94,VS2017>LS2019,1:1,0.95
VS2017-094-0175,LS2019-094-0175,94,VS2017>LS2019,1:1,0.95
VS2017-094-0176,LS2019-094-0176,94,VS2017>LS2019,1:1,0.95
VS2017-094-0177,LS2019-094-0177,94,VS2017>LS2019,1:1,0.95
VS2017-094-0178,LS2019-094-0178,94,VS2017>LS2019,1:1,0.95
VS2017-094-0179,LS2019-094-0179,94,VS2017>LS2019,1:1,0.95
VS2017-094-0180,LS2019-094-0180,94,VS2017>LS2019,1:1,0.95
VS2017-094-0181,LS2019-094-0181,94,VS2017>LS2019,1:1,0.95
VS2017-094-0182,LS2019-094-0182,94,VS2017>LS2019,1:1,0.95
VS2017-094-0183,LS2019-094-0183,94,VS2017>LS2019,1:1,0.95
VS2017-094-0184,LS2019-094-0184,94,VS2017>LS2019,1:1,0.95
VS2017-094-0185,LS2019-094-0185,94,VS2017>LS2019,1:1,0.95
VS2017-094-0186,LS2019-094-0186,94,VS2017>LS2019,1:1,0.95
VS2017-094-0187,LS2019-094-0187,94,VS2017>LS2019,1:1,0.95
VS2017-094-0188,LS2019-094-0188,94,VS2017>LS2019,1:1,0.95
VS2017-094-0189,LS2019-094-0189,94,VS2017>LS2019,1:1,0.95
VS2017-094-0190,LS2019-094-0190,94,VS2017>LS2019,1:1,0.85
VS2017-094-0191,LS2019-094-0191,94,VS2017>LS2019,1:1,0.95
VS2017-094-0192,LS2019-094-0192,94,VS2017>LS2019,1:1,0.95
VS2017-094-0193,LS2019-094-0193,94,VS2017>LS2019,1:1,0.95
VS2017-094-0194,LS2019-094-0194,94,VS2017>LS2019,1:1,0.95
VS2017-094-0195,LS2019-094-0195,94,VS2017>LS2019,1:1,0.95
VS2017-094-0196,LS2019-094-0196,94,VS2017>LS2019,1:1,0.95
VS2017-094-0197,LS2019-094-0197,94,VS2017>LS2019,1:1,0.95
VS2017-094-0198,LS2019-094-0198,94,VS2017>LS2019,1:1,0.95
VS2017-094-0199,LS2019-094-0199,94,VS2017>LS2019,1:1,0.95
VS2017-094-0200,LS2019-094-0200,94,VS2017>LS2019,1:1,0.95
VS2017-094-0201,LS2019-094-0201,94,VS2017>LS2019,1:1,0.95
VS2017-094-0202,LS2019-094-0202,94,VS2017>LS2019,1:1,0.95
VS2017-094-0203,LS2019-094-0203,94,VS2017>LS2019,1:1,0.85
VS2017-094-0204,LS2019-094-0204,94,VS2017>LS2019,1:1,0.95
VS2017-094-0205,LS2019-094-0205,94,VS2017>LS2019,1:1,0.95
VS2017-094-0206,LS2019-094-0206,94,VS2017>LS2019,1:1,0.95
VS2017-094-0207,LS2019-094-0207,94,VS2017>LS2019,1:1,0.95
VS2017-094-0208,LS2019-094-0208,94,VS2017>LS2019,1:1,0.95
VS2017-094-0209,LS2019-094-0209,94,VS2017>LS2019,1:1,0.95
VS2017-094-0210,LS2019-094-0210,94,VS2017>LS2019,1:1,0.95
VS2017-094-0211,LS2019-094-0211,94,VS2017>LS2019,1:1,0.95
VS2017-094-0212,LS2019-094-0212,94,VS2017>LS2019,1:1,0.95
VS2017-094-0213,LS2019-094-0213,94,VS2017>LS2019,1:1,0.95
VS2017-094-0214,LS2019-094-0214,94,VS2017>LS2019,1:1,0.95
VS2017-094-0215,LS2019-094-0215,94,VS2017>LS2019,1:1,0.95
VS2017-094-0216,LS2019-094-0216,94,VS2017>LS2019,1:1,0.95
VS2017-094-0217,LS2019-094-0217,94,VS2017>LS2019,1:1,0.95
VS2017-094-0218,LS2019-094-0218,94,VS2017>LS2019,1:1,0.95
VS2017-094-0219,LS2019-094-0219,94,VS2017>LS2019,1:1,0.95
VS2017-094-0220,LS2019-094-0220,94,VS2017>LS2019,1:1,0.95
VS2017-094-0221,LS2019-094-0221,94,VS2017>LS2019,1:1,0.95
VS2017-094-0222,LS2019-094-0222,94,VS2017>LS2019,1:1,0.95
VS2017-094-0223,LS2019-094-0223,94,VS2017>LS2019,1:1,0.95
VS2017-094-0224,LS2019-094-0224,94,VS2017>LS2019,1:1,0.95
VS2017-094-0225,LS2019-094-0225,94,VS2017>LS2019,1:1,0.95
VS2017-094-0226,LS2019-094-0226,94,VS2017>LS2019,1:1,0.95
VS2017-094-0227,LS2019-094-0227,94,VS2017>LS2019,1:1,0.95
VS2017-094-0228,LS2019-094-0228,94,VS2017>LS2019,1:1,0.95
VS2017-094-0229,LS2019-094-0229,94,VS2017>LS2019,1:1,0.95
VS2017-094-0230,LS2019-094-0230,94,VS2017>LS2019,1:1,0.95
VS2017-094-0231,LS2019-094-0231,94,VS2017>LS2019,1:1,0.6
VS2017-094-0232,LS2019-094-0232,94,VS2017>LS2019,1:1,0.6
VS2017-094-0233,LS2019-094-0233,94,VS2017>LS2019,1:1,0.95
VS2017-094-0234,LS2019-094-0234,94,VS2017>LS2019,1:1,0.95
VS2017-094-0235,LS2019-094-0235,94,VS2017>LS2019,1:1,0.95
VS2017-094-0236,LS2019-094-0236,94,VS2017>LS2019,1:1,0.95
VS2017-094-0237,LS2019-094-0237,94,VS2017>LS2019,1:1,0.95
VS2017-094-0238,LS2019-094-0238,94,VS2017>LS2019,1:1,0.95
VS2017-094-0239,LS2019-094-0239,94,VS2017>LS2019,1:1,0.85
VS2017-094-0240,LS2019-094-0240,94,VS2017>LS2019,1:1,0.85
VS2017-094-0241,LS2019-094-0241,94,VS2017>LS2019,1:1,0.85
VS2017-094-0242,LS2019-094-0242,94,VS2017>LS2019,1:1,0.85
VS2017-094-0243,LS2019-094-0243,94,VS2017>LS2019,1:1,0.85
VS2017-094-0244,LS2019-094-0244,94,VS2017>LS2019,1:1,0.85
VS2017-094-0245,LS2019-094-0245,94,VS2017>LS2019,1:1,0.85
VS2017-094-0246,LS2019-094-0246,94,VS2017>LS2019,1:1,0.85
VS2017-094-0247,LS2019-094-0247,94,VS2017>LS2019,1:1,0.95
VS2017-094-0248,LS2019-094-0248,94,VS2017>LS2019,1:1,0.95
VS2017-094-0249,LS2019-094-0249,94,VS2017>LS2019,1:1,0.85
VS2017-094-0250,LS2019-094-0250,94,VS2017>LS2019,1:1,0.95
VS2017-094-0251,LS2019-094-0251,94,VS2017>LS2019,1:1,0.95
VS2017-094-0252,LS2019-094-0252,94,VS2017>LS2019,1:1,0.85
VS2017-094-0253,LS2019-094-0253,94,VS2017>LS2019,1:1,0.85
VS2017-094-0254,LS2019-094-0254,94,VS2017>LS2019,1:1,0.85
VS2017-094-0255,LS2019-094-0255,94,VS2017>LS2019,1:1,0.85
VS2017-094-0256,LS2019-094-0256,94,VS2017>LS2019,1:1,0.85
VS2017-094-0257,LS2019-094-0257,94,VS2017>LS2019,1:1,0.85
VS2017-094-0258,LS2019-094-0258,94,VS2017>LS2019,1:1,0.85
VS2017-094-0259,LS2019-094-0259,94,VS2017>LS2019,1:1,0.95
VS2017-094-0260,LS2019-094-0260,94,VS2017>LS2019,1:1,0.95
VS2017-094-0261,LS2019-094-0261,94,VS2017>LS2019,1:1,0.85
VS2017-094-0262,LS2019-094-0262,94,VS2017>LS2019,1:1,0.85
VS2017-094-0263,LS2019-094-0263,94,VS2017>LS2019,1:1,0.95
VS2017-094-0264,LS2019-094-0264,94,VS2017>LS2019,1:1,0.95
VS2017-094-0265,LS2019-094-0265,94,VS2017>LS2019,1:1,0.95
VS2017-094-0266,LS2019-094-0266,94,VS2017>LS2019,1:1,0.95
VS2017-094-0267,LS2019-094-0267,94,VS2017>LS2019,1:1,0.95
VS2017-094-0268,LS2019-094-0268,94,VS2017>LS2019,1:1,0.95
VS2017-094-0269,LS2019-094-0269,94,VS2017>LS2019,1:1,0.85
VS2017-094-0270,LS2019-094-0270,94,VS2017>LS2019,1:1,0.95
VS2017-094-0271,LS2019-094-0271,94,VS2017>LS2019,1:1,0.95
VS2017-094-0272,LS2019-094-0272,94,VS2017>LS2019,1:1,0.95
VS2017-094-0273,LS2019-094-0273,94,VS2017>LS2019,1:1,0.95
VS2017-094-0274,LS2019-094-0274,94,VS2017>LS2019,1:1,0.95
VS2017-094-0275,LS2019-094-0275,94,VS2017>LS2019,1:1,0.95
VS2017-094-0276,LS2019-094-0276,94,VS2017>LS2019,1:1,0.95
VS2017-094-0277,LS2019-094-0277,94,VS2017>LS2019,1:1,0.95
VS2017-094-0278,LS2019-094-0278,94,VS2017>LS2019,1:1,0.95
VS2017-094-0279,LS2019-094-0279,94,VS2017>LS2019,1:1,0.95
VS2017-094-0280,LS2019-094-0280,94,VS2017>LS2019,1:1,0.95
VS2017-094-0281,LS2019-094-0281,94,VS2017>LS2019,1:1,0.95
VS2017-094-0282,LS2019-094-0282,94,VS2017>LS2019,1:1,0.95
VS2017-094-0283,LS2019-094-0283,94,VS2017>LS2019,1:1,0.95
VS2017-094-0284,LS2019-094-0284,94,VS2017>LS2019,1:1,0.95
VS2017-094-0285,LS2019-094-0285,94,VS2017>LS2019,1:1,0.95
VS2017-094-0286,LS2019-094-0286,94,VS2017>LS2019,1:1,0.95
VS2017-094-0287,LS2019-094-0287,94,VS2017>LS2019,1:1,0.95
VS2017-094-0288,LS2019-094-0288,94,VS2017>LS2019,1:1,0.95
VS2017-094-0289,LS2019-094-0289,94,VS2017>LS2019,1:1,0.85
VS2017-094-0290,LS2019-094-0290,94,VS2017>LS2019,1:1,0.85
VS2017-094-0291,LS2019-094-0291,94,VS2017>LS2019,1:1,0.95
VS2017-094-0292,LS2019-094-0292,94,VS2017>LS2019,1:1,0.95
VS2017-094-0293,LS2019-094-0293,94,VS2017>LS2019,1:1,0.95
VS2017-094-0294,LS2019-094-0294,94,VS2017>LS2019,1:1,0.85
VS2017-094-0295,LS2019-094-0295,94,VS2017>LS2019,1:1,0.85
VS2017-094-0296,LS2019-094-0296,94,VS2017>LS2019,1:1,0.85
VS2017-094-0297,LS2019-094-0297,94,VS2017>LS2019,1:1,0.85
VS2017-094-0298,LS2019-094-0298,94,VS2017>LS2019,1:1,0.85
VS2017-094-0299,LS2019-094-0299,94,VS2017>LS2019,1:1,0.95
VS2017-094-0300,LS2019-094-0300,94,VS2017>LS2019,1:1,0.95
VS2017-094-0301,LS2019-094-0301,94,VS2017>LS2019,1:1,0.85
VS2017-094-0302,LS2019-094-0302,94,VS2017>LS2019,1:1,0.85
VS2017-094-0303,LS2019-094-0303,94,VS2017>LS2019,1:1,0.85
VS2017-094-0304,LS2019-094-0304,94,VS2017>LS2019,1:1,0.85
VS2017-094-0305,LS2019-094-0305,94,VS2017>LS2019,1:1,0.95
VS2017-094-0306,LS2019-094-0306,94,VS2017>LS2019,1:1,0.95
VS2017-094-0307,LS2019-094-0307,94,VS2017>LS2019,1:1,0.95
VS2017-094-0308,LS2019-094-0308,94,VS2017>LS2019,1:1,0.95
VS2017-094-0309,LS2019-094-0309,94,VS2017>LS2019,1:1,0.95
VS2017-094-0310,LS2019-094-0310,94,VS2017>LS2019,1:1,0.95
VS2017-094-0311,LS2019-094-0311,94,VS2017>LS2019,1:1,0.95
VS2017-094-0312,LS2019-094-0312,94,VS2017>LS2019,1:1,0.95
VS2017-094-0313,LS2019-094-0313,94,VS2017>LS2019,1:1,0.95
VS2017-094-0314,LS2019-094-0314,94,VS2017>LS2019,1:1,0.95
VS2017-094-0315,LS2019-094-0315,94,VS2017>LS2019,1:1,0.95
VS2017-094-0316,LS2019-094-0316,94,VS2017>LS2019,1:1,0.85
VS2017-094-0317,LS2019-094-0317,94,VS2017>LS2019,1:1,0.95
VS2017-094-0318,LS2019-094-0318,94,VS2017>LS2019,1:1,0.95
VS2017-094-0319,LS2019-094-0319,94,VS2017>LS2019,1:1,0.95
VS2017-094-0320,LS2019-094-0320,94,VS2017>LS2019,1:1,0.95
VS2017-094-0321,LS2019-094-0321,94,VS2017>LS2019,1:1,0.95
VS2017-094-0322,LS2019-094-0322,94,VS2017>LS2019,1:1,0.85
VS2017-094-0323,LS2019-094-0323,94,VS2017>LS2019,1:1,0.85
VS2017-094-0324,LS2019-094-0324,94,VS2017>LS2019,1:1,0.95
VS2017-094-0325,LS2019-094-0325,94,VS2017>LS2019,1:1,0.95
VS2017-094-0326,LS2019-094-0326,94,VS2017>LS2019,1:1,0.95
VS2017-094-0327,LS2019-094-0327,94,VS2017>LS2019,1:1,0.95
VS2017-094-0328,LS2019-094-0328,94,VS2017>LS2019,1:1,0.95
VS2017-094-0329,LS2019-094-0329,94,VS2017>LS2019,1:1,0.95
VS2017-094-0330,LS2019-094-0330,94,VS2017>LS2019,1:1,0.95
VS2017-094-0331,LS2019-094-0331,94,VS2017>LS2019,1:1,0.95
VS2017-094-0332,LS2019-094-0332,94,VS2017>LS2019,1:1,0.95
VS2017-094-0333,LS2019-094-0333,94,VS2017>LS2019,1:1,0.95
VS2017-094-0334,LS2019-094-0334,94,VS2017>LS2019,1:1,0.95
VS2017-094-0335,LS2019-094-0335,94,VS2017>LS2019,1:1,0.95
VS2017-094-0336,LS2019-094-0336,94,VS2017>LS2019,1:1,0.95
VS2017-094-0337,LS2019-094-0337,94,VS2017>LS2019,1:1,0.95
VS2017-094-0338,LS2019-094-0338,94,VS2017>LS2019,1:1,0.95
VS2017-094-0339,LS2019-094-0339,94,VS2017>LS2019,1:1,0.95
VS2017-094-0340,LS2019-094-0340,94,VS2017>LS2019,1:1,0.95
VS2017-094-0341,LS2019-094-0341,94,VS2017>LS2019,1:1,0.95
VS2017-094-0342,LS2019-094-0342,94,VS2017>LS2019,1:1,0.95
VS2017-094-0343,LS2019-094-0343,94,VS2017>LS2019,1:1,0.95
VS2017-094-0344,LS2019-094-0344,94,VS2017>LS2019,1:1,0.95
VS2017-094-0345,LS2019-094-0345,94,VS2017>LS2019,1:1,0.95
VS2017-094-0346,LS2019-094-0346,94,VS2017>LS2019,1:1,0.95
VS2017-094-0347,LS2019-094-0347,94,VS2017>LS2019,1:1,0.95
VS2017-094-0348,LS2019-094-0348,94,VS2017>LS2019,1:1,0.95
VS2017-094-0349,LS2019-094-0349,94,VS2017>LS2019,1:1,0.95
VS2017-094-0350,LS2019-094-0350,94,VS2017>LS2019,1:1,0.95
VS2017-094-0351,LS2019-094-0351,94,VS2017>LS2019,1:1,0.95
VS2017-094-0352,LS2019-094-0352,94,VS2017>LS2019,1:1,0.95
VS2017-094-0353,LS2019-094-0353,94,VS2017>LS2019,1:1,0.95
VS2017-094-0354,LS2019-094-0354,94,VS2017>LS2019,1:1,0.95
VS2017-094-0355,LS2019-094-0355,94,VS2017>LS2019,1:1,0.95
VS2017-094-0356,LS2019-094-0356,94,VS2017>LS2019,1:1,0.95
VS2017-094-0357,LS2019-094-0357,94,VS2017>LS2019,1:1,0.95
VS2017-094-0358,LS2019-094-0358,94,VS2017>LS2019,1:1,0.95
VS2017-094-0359,LS2019-094-0359,94,VS2017>LS2019,1:1,0.95
VS2017-094-0360,LS2019-094-0360,94,VS2017>LS2019,1:1,0.95
VS2017-094-0361,LS2019-094-0361,94,VS2017>LS2019,1:1,0.95
VS2017-094-0362,LS2019-094-0362,94,VS2017>LS2019,1:1,0.95
VS2017-094-0363,LS2019-094-0363,94,VS2017>LS2019,1:1,0.95
VS2017-094-0364,LS2019-094-0364,94,VS2017>LS2019,1:1,0.95
VS2017-094-0365,LS2019-094-0365,94,VS2017>LS2019,1:1,0.95
VS2017-094-0366,LS2019-094-0366,94,VS2017>LS2019,1:1,0.95
VS2017-094-0367,LS2019-094-0367,94,VS2017>LS2019,1:1,0.95
VS2017-094-0368,LS2019-094-0368,94,VS2017>LS2019,1:1,0.95
VS2017-094-0369,LS2019-094-0369,94,VS2017>LS2019,1:1,0.95
VS2017-094-0370,LS2019-094-0370,94,VS2017>LS2019,1:1,0.95
VS2017-094-0371,LS2019-094-0371,94,VS2017>LS2019,1:1,0.95
,LS2019-094-0372,94,VS2017>LS2019,new,0.0
LS2019-086-0001,VS2022-086-0001,86,LS2019>VS2022,1:1,0.6
LS2019-086-0002,VS2022-086-0002,86,LS2019>VS2022,1:1,0.6
LS2019-086-0003,VS2022-086-0003,86,LS2019>VS2022,1:1,0.6
LS2019-086-0004,VS2022-086-0004,86,LS2019>VS2022,1:1,0.6
LS2019-086-0005,VS2022-086-0005,86,LS2019>VS2022,1:1,0.6
LS2019-086-0006,VS2022-086-0006,86,LS2019>VS2022,1:1,0.6
LS2019-086-0007,VS2022-086-0007,86,LS2019>VS2022,1:1,0.6
LS2019-086-0008,VS2022-086-0008,86,LS2019>VS2022,1:1,0.6
LS2019-086-0009,VS2022-086-0009,86,LS2019>VS2022,1:1,0.6
LS2019-086-0010,VS2022-086-0010,86,LS2019>VS2022,1:1,0.6
LS2019-086-0011,VS2022-086-0011,86,LS2019>VS2022,1:1,0.6
LS2019-086-0012,VS2022-086-0012,86,LS2019>VS2022,1:1,0.6
LS2019-086-0013,VS2022-086-0013,86,LS2019>VS2022,1:1,0.6
LS2019-086-0014,VS2022-086-0014,86,LS2019>VS2022,1:1,0.6
LS2019-086-0015,VS2022-086-0015,86,LS2019>VS2022,1:1,0.6
LS2019-086-0016,VS2022-086-0016,86,LS2019>VS2022,1:1,0.6
LS2019-086-0017,VS2022-086-0017,86,LS2019>VS2022,1:1,0.6
LS2019-086-0018,VS2022-086-0018,86,LS2019>VS2022,1:1,0.6
LS2019-086-0019,VS2022-086-0019,86,LS2019>VS2022,1:1,0.6
LS2019-086-0020,VS2022-086-0020,86,LS2019>VS2022,1:1,0.6
LS2019-086-0021,VS2022-086-0021,86,LS2019>VS2022,1:1,0.6
LS2019-086-0022,VS2022-086-0022,86,LS2019>VS2022,1:1,0.6
LS2019-086-0023,VS2022-086-0023,86,LS2019>VS2022,1:1,0.6
LS2019-086-0024,VS2022-086-0024,86,LS2019>VS2022,1:1,0.6
LS2019-086-0025,VS2022-086-0025,86,LS2019>VS2022,1:1,0.6
LS2019-086-0026,VS2022-086-0026,86,LS2019>VS2022,1:1,0.6
LS2019-086-0027,VS2022-086-0027,86,LS2019>VS2022,1:1,0.6
LS2019-086-0028,VS2022-086-0028,86,LS2019>VS2022,1:1,0.6
LS2019-086-0029,VS2022-086-0029,86,LS2019>VS2022,1:1,0.6
LS2019-086-0030,VS2022-086-0030,86,LS2019>VS2022,1:1,0.6
LS2019-086-0031,VS2022-086-0031,86,LS2019>VS2022,1:1,0.6
LS2019-086-0032,VS2022-086-0032,86,LS2019>VS2022,1:1,0.6
LS2019-086-0033,VS2022-086-0033,86,LS2019>VS2022,1:1,0.6
LS2019-086-0034,VS2022-086-0034,86,LS2019>VS2022,1:1,0.6
LS2019-086-0035,VS2022-086-0035,86,LS2019>VS2022,1:1,0.6
LS2019-086-0036,VS2022-086-0036,86,LS2019>VS2022,1:1,0.6
LS2019-086-0037,VS2022-086-0037,86,LS2019>VS2022,1:1,0.6
LS2019-086-0038,VS2022-086-0038,86,LS2019>VS2022,1:1,0.6
LS2019-086-0039,VS2022-086-0039,86,LS2019>VS2022,1:1,0.6
LS2019-086-0040,VS2022-086-0040,86,LS2019>VS2022,1:1,0.6
LS2019-086-0041,VS2022-086-0041,86,LS2019>VS2022,1:1,0.6
LS2019-086-0042,VS2022-086-0042,86,LS2019>VS2022,1:1,0.6
LS2019-086-0043,VS2022-086-0043,86,LS2019>VS2022,1:1,0.6
LS2019-086-0044,VS2022-086-0044,86,LS2019>VS2022,1:1,0.6
LS2019-086-0045,VS2022-086-0045,86,LS2019>VS2022,1:1,0.6
LS2019-086-0046,VS2022-086-0046,86,LS2019>VS2022,1:1,0.6
LS2019-086-0047,VS2022-086-0047,86,LS2019>VS2022,1:1,0.6
LS2019-086-0048,VS2022-086-0048,86,LS2019>VS2022,1:1,0.6
LS2019-086-0049,VS2022-086-0049,86,LS2019>VS2022,1:1,0.6
LS2019-086-0050,VS2022-086-0050,86,LS2019>VS2022,1:1,0.6
LS2019-086-0051,VS2022-086-0051,86,LS2019>VS2022,1:1,0.6
LS2019-086-0052,VS2022-086-0052,86,LS2019>VS2022,1:1,0.6
LS2019-086-0053,VS2022-086-0053,86,LS2019>VS2022,1:1,0.6
LS2019-086-0054,VS2022-086-0054,86,LS2019>VS2022,1:1,0.6
LS2019-086-0055,VS2022-086-0055,86,LS2019>VS2022,1:1,0.6
LS2019-086-0056,VS2022-086-0056,86,LS2019>VS2022,1:1,0.6
LS2019-086-0057,VS2022-086-0057,86,LS2019>VS2022,1:1,0.6
LS2019-086-0058,VS2022-086-0058,86,LS2019>VS2022,1:1,0.6
LS2019-086-0059,VS2022-086-0059,86,LS2019>VS2022,1:1,0.6
LS2019-086-0060,VS2022-086-0060,86,LS2019>VS2022,1:1,0.6
LS2019-086-0061,VS2022-086-0061,86,LS2019>VS2022,1:1,0.6
LS2019-086-0062,VS2022-086-0062,86,LS2019>VS2022,1:1,0.6
LS2019-086-0063,VS2022-086-0063,86,LS2019>VS2022,1:1,0.6
LS2019-086-0064,VS2022-086-0064,86,LS2019>VS2022,1:1,0.6
LS2019-086-0065,VS2022-086-0065,86,LS2019>VS2022,1:1,0.6
LS2019-086-0066,VS2022-086-0066,86,LS2019>VS2022,1:1,0.6
LS2019-086-0067,VS2022-086-0067,86,LS2019>VS2022,1:1,0.6
LS2019-086-0068,VS2022-086-0068,86,LS2019>VS2022,1:1,0.6
LS2019-086-0069,VS2022-086-0069,86,LS2019>VS2022,1:1,0.6
LS2019-086-0070,VS2022-086-0070,86,LS2019>VS2022,1:1,0.6
LS2019-086-0071,VS2022-086-0071,86,LS2019>VS2022,1:1,0.6
LS2019-086-0072,VS2022-086-0072,86,LS2019>VS2022,1:1,0.6
LS2019-086-0073,VS2022-086-0073,86,LS2019>VS2022,1:1,0.6
LS2019-086-0074,VS2022-086-0074,86,LS2019>VS2022,1:1,0.6
LS2019-086-0075,VS2022-086-0075,86,LS2019>VS2022,1:1,0.6
LS2019-086-0076,VS2022-086-0076,86,LS2019>VS2022,1:1,0.6
LS2019-086-0077,VS2022-086-0077,86,LS2019>VS2022,1:1,0.6
LS2019-086-0078,VS2022-086-0078,86,LS2019>VS2022,1:1,0.6
LS2019-086-0079,VS2022-086-0079,86,LS2019>VS2022,1:1,0.6
LS2019-086-0080,VS2022-086-0080,86,LS2019>VS2022,1:1,0.6
LS2019-086-0081,VS2022-086-0081,86,LS2019>VS2022,1:1,0.6
LS2019-086-0082,VS2022-086-0082,86,LS2019>VS2022,1:1,0.6
LS2019-086-0083,VS2022-086-0083,86,LS2019>VS2022,1:1,0.6
LS2019-086-0084,VS2022-086-0084,86,LS2019>VS2022,1:1,0.6
LS2019-086-0085,VS2022-086-0085,86,LS2019>VS2022,1:1,0.6
LS2019-086-0086,VS2022-086-0086,86,LS2019>VS2022,1:1,0.6
LS2019-086-0087,VS2022-086-0087,86,LS2019>VS2022,1:1,0.6
LS2019-086-0088,VS2022-086-0088,86,LS2019>VS2022,1:1,0.6
LS2019-086-0089,VS2022-086-0089,86,LS2019>VS2022,1:1,0.6
LS2019-086-0090,VS2022-086-0090,86,LS2019>VS2022,1:1,0.6
LS2019-086-0091,VS2022-086-0091,86,LS2019>VS2022,1:1,0.6
LS2019-086-0092,VS2022-086-0092,86,LS2019>VS2022,1:1,0.6
LS2019-086-0093,VS2022-086-0093,86,LS2019>VS2022,1:1,0.6
LS2019-086-0094,VS2022-086-0094,86,LS2019>VS2022,1:1,0.6
LS2019-086-0095,VS2022-086-0095,86,LS2019>VS2022,1:1,0.6
LS2019-086-0096,VS2022-086-0096,86,LS2019>VS2022,1:1,0.6
LS2019-086-0097,VS2022-086-0097,86,LS2019>VS2022,1:1,0.6
LS2019-086-0098,VS2022-086-0098,86,LS2019>VS2022,1:1,0.6
LS2019-086-0099,VS2022-086-0099,86,LS2019>VS2022,1:1,0.6
LS2019-086-0100,VS2022-086-0100,86,LS2019>VS2022,1:1,0.6
LS2019-086-0101,VS2022-086-0101,86,LS2019>VS2022,1:1,0.6
LS2019-086-0102,VS2022-086-0102,86,LS2019>VS2022,1:1,0.6
LS2019-086-0103,VS2022-086-0103,86,LS2019>VS2022,1:1,0.6
LS2019-086-0104,VS2022-086-0104,86,LS2019>VS2022,1:1,0.6
LS2019-086-0105,VS2022-086-0105,86,LS2019>VS2022,1:1,0.6
LS2019-086-0106,VS2022-086-0106,86,LS2019>VS2022,1:1,0.6
LS2019-086-0107,VS2022-086-0107,86,LS2019>VS2022,1:1,0.6
LS2019-086-0108,VS2022-086-0108,86,LS2019>VS2022,1:1,0.6
LS2019-086-0109,VS2022-086-0109,86,LS2019>VS2022,1:1,0.6
LS2019-086-0110,VS2022-086-0110,86,LS2019>VS2022,1:1,0.6
LS2019-086-0111,VS2022-086-0111,86,LS2019>VS2022,1:1,0.6
LS2019-086-0112,VS2022-086-0112,86,LS2019>VS2022,1:1,0.6
LS2019-086-0113,VS2022-086-0113,86,LS2019>VS2022,1:1,0.6
LS2019-086-0114,VS2022-086-0114,86,LS2019>VS2022,1:1,0.6
LS2019-086-0115,VS2022-086-0115,86,LS2019>VS2022,1:1,0.6
LS2019-086-0116,VS2022-086-0116,86,LS2019>VS2022,1:1,0.6
LS2019-086-0117,VS2022-086-0117,86,LS2019>VS2022,1:1,0.6
LS2019-086-0118,VS2022-086-0118,86,LS2019>VS2022,1:1,0.6
LS2019-086-0119,VS2022-086-0119,86,LS2019>VS2022,1:1,0.6
LS2019-086-0120,VS2022-086-0120,86,LS2019>VS2022,1:1,0.6
LS2019-086-0121,VS2022-086-0121,86,LS2019>VS2022,1:1,0.6
LS2019-086-0122,VS2022-086-0122,86,LS2019>VS2022,1:1,0.6
LS2019-086-0123,VS2022-086-0123,86,LS2019>VS2022,1:1,0.6
LS2019-086-0124,VS2022-086-0124,86,LS2019>VS2022,1:1,0.6
LS2019-086-0125,VS2022-086-0125,86,LS2019>VS2022,1:1,0.6
LS2019-086-0126,VS2022-086-0126,86,LS2019>VS2022,1:1,0.6
LS2019-086-0127,VS2022-086-0127,86,LS2019>VS2022,1:1,0.6
LS2019-086-0128,VS2022-086-0128,86,LS2019>VS2022,1:1,0.6
LS2019-086-0129,VS2022-086-0129,86,LS2019>VS2022,1:1,0.6
LS2019-086-0130,VS2022-086-0130,86,LS2019>VS2022,1:1,0.6
LS2019-086-0131,VS2022-086-0131,86,LS2019>VS2022,1:1,0.6
LS2019-086-0132,VS2022-086-0132,86,LS2019>VS2022,1:1,0.6
LS2019-086-0133,VS2022-086-0133,86,LS2019>VS2022,1:1,0.6
LS2019-086-0134,VS2022-086-0134,86,LS2019>VS2022,1:1,0.6
LS2019-086-0135,VS2022-086-0135,86,LS2019>VS2022,1:1,0.6
LS2019-086-0136,VS2022-086-0136,86,LS2019>VS2022,1:1,0.6
LS2019-086-0137,VS2022-086-0137,86,LS2019>VS2022,1:1,0.6
LS2019-086-0138,VS2022-086-0138,86,LS2019>VS2022,1:1,0.6
LS2019-086-0139,VS2022-086-0139,86,LS2019>VS2022,1:1,0.6
LS2019-086-0140,VS2022-086-0140,86,LS2019>VS2022,1:1,0.6
LS2019-086-0141,VS2022-086-0141,86,LS2019>VS2022,1:1,0.6
LS2019-086-0142,VS2022-086-0142,86,LS2019>VS2022,1:1,0.6
LS2019-086-0143,VS2022-086-0143,86,LS2019>VS2022,1:1,0.6
LS2019-086-0144,VS2022-086-0144,86,LS2019>VS2022,1:1,0.6
LS2019-086-0145,VS2022-086-0145,86,LS2019>VS2022,1:1,0.6
LS2019-086-0146,VS2022-086-0146,86,LS2019>VS2022,1:1,0.6
LS2019-086-0147,VS2022-086-0147,86,LS2019>VS2022,1:1,0.6
LS2019-086-0148,VS2022-086-0148,86,LS2019>VS2022,1:1,0.6
LS2019-086-0149,VS2022-086-0149,86,LS2019>VS2022,1:1,0.6
LS2019-086-0150,VS2022-086-0150,86,LS2019>VS2022,1:1,0.6
LS2019-086-0151,VS2022-086-0151,86,LS2019>VS2022,1:1,0.6
LS2019-086-0152,VS2022-086-0152,86,LS2019>VS2022,1:1,0.6
LS2019-086-0153,VS2022-086-0153,86,LS2019>VS2022,1:1,0.6
LS2019-086-0154,VS2022-086-0154,86,LS2019>VS2022,1:1,0.6
LS2019-086-0155,VS2022-086-0155,86,LS2019>VS2022,1:1,0.6
LS2019-086-0156,VS2022-086-0156,86,LS2019>VS2022,1:1,0.6
LS2019-086-0157,VS2022-086-0157,86,LS2019>VS2022,1:1,0.6
LS2019-086-0158,VS2022-086-0158,86,LS2019>VS2022,1:1,0.6
LS2019-086-0159,VS2022-086-0159,86,LS2019>VS2022,1:1,0.6
LS2019-086-0160,VS2022-086-0160,86,LS2019>VS2022,1:1,0.6
LS2019-086-0161,VS2022-086-0161,86,LS2019>VS2022,1:1,0.6
LS2019-086-0162,VS2022-086-0162,86,LS2019>VS2022,1:1,0.6
LS2019-086-0163,VS2022-086-0163,86,LS2019>VS2022,1:1,0.6
LS2019-086-0164,VS2022-086-0164,86,LS2019>VS2022,1:1,0.6
LS2019-086-0165,VS2022-086-0165,86,LS2019>VS2022,1:1,0.6
LS2019-086-0166,VS2022-086-0166,86,LS2019>VS2022,1:1,0.6
LS2019-086-0167,VS2022-086-0167,86,LS2019>VS2022,1:1,0.6
LS2019-086-0168,VS2022-086-0168,86,LS2019>VS2022,1:1,0.6
LS2019-086-0169,VS2022-086-0169,86,LS2019>VS2022,1:1,0.6
LS2019-086-0170,VS2022-086-0170,86,LS2019>VS2022,1:1,0.6
LS2019-086-0171,VS2022-086-0171,86,LS2019>VS2022,1:1,0.6
LS2019-086-0172,VS2022-086-0172,86,LS2019>VS2022,1:1,0.6
LS2019-086-0173,VS2022-086-0173,86,LS2019>VS2022,1:1,0.6
LS2019-086-0174,VS2022-086-0174,86,LS2019>VS2022,1:1,0.6
LS2019-086-0175,VS2022-086-0175,86,LS2019>VS2022,1:1,0.6
LS2019-086-0176,VS2022-086-0176,86,LS2019>VS2022,1:1,0.6
LS2019-086-0177,VS2022-086-0177,86,LS2019>VS2022,1:1,0.6
LS2019-086-0178,VS2022-086-0178,86,LS2019>VS2022,1:1,0.6
LS2019-086-0179,VS2022-086-0179,86,LS2019>VS2022,1:1,0.6
LS2019-086-0180,VS2022-086-0180,86,LS2019>VS2022,1:1,0.6
LS2019-086-0181,VS2022-086-0181,86,LS2019>VS2022,1:1,0.6
LS2019-086-0182,VS2022-086-0182,86,LS2019>VS2022,1:1,0.6
LS2019-086-0183,VS2022-086-0183,86,LS2019>VS2022,1:1,0.6
LS2019-086-0184,VS2022-086-0184,86,LS2019>VS2022,1:1,0.6
LS2019-086-0185,VS2022-086-0185,86,LS2019>VS2022,1:1,0.6
LS2019-086-0186,VS2022-086-0186,86,LS2019>VS2022,1:1,0.6
LS2019-086-0187,VS2022-086-0187,86,LS2019>VS2022,1:1,0.6
LS2019-086-0188,VS2022-086-0188,86,LS2019>VS2022,1:1,0.6
LS2019-086-0189,VS2022-086-0189,86,LS2019>VS2022,1:1,0.6
LS2019-086-0190,VS2022-086-0190,86,LS2019>VS2022,1:1,0.6
LS2019-086-0191,VS2022-086-0191,86,LS2019>VS2022,1:1,0.6
LS2019-086-0192,VS2022-086-0192,86,LS2019>VS2022,1:1,0.6
LS2019-086-0193,VS2022-086-0193,86,LS2019>VS2022,1:1,0.6
LS2019-086-0194,VS2022-086-0194,86,LS2019>VS2022,1:1,0.6
LS2019-086-0195,VS2022-086-0195,86,LS2019>VS2022,1:1,0.6
LS2019-086-0196,VS2022-086-0196,86,LS2019>VS2022,1:1,0.6
LS2019-086-0197,VS2022-086-0197,86,LS2019>VS2022,1:1,0.6
LS2019-086-0198,VS2022-086-0198,86,LS2019>VS2022,1:1,0.6
LS2019-086-0199,VS2022-086-0199,86,LS2019>VS2022,1:1,0.6
LS2019-086-0200,VS2022-086-0200,86,LS2019>VS2022,1:1,0.6
LS2019-086-0201,VS2022-086-0201,86,LS2019>VS2022,1:1,0.6
LS2019-086-0202,VS2022-086-0202,86,LS2019>VS2022,1:1,0.6
LS2019-086-0203,VS2022-086-0203,86,LS2019>VS2022,1:1,0.6
LS2019-086-0204,VS2022-086-0204,86,LS2019>VS2022,1:1,0.6
LS2019-086-0205,VS2022-086-0205,86,LS2019>VS2022,1:1,0.6
LS2019-086-0206,VS2022-086-0206,86,LS2019>VS2022,1:1,0.6
LS2019-086-0207,VS2022-086-0207,86,LS2019>VS2022,1:1,0.6
LS2019-086-0208,VS2022-086-0208,86,LS2019>VS2022,1:1,0.6
LS2019-086-0209,VS2022-086-0209,86,LS2019>VS2022,1:1,0.6
LS2019-086-0210,VS2022-086-0210,86,LS2019>VS2022,1:1,0.6
LS2019-086-0211,VS2022-086-0211,86,LS2019>VS2022,1:1,0.6
LS2019-086-0212,VS2022-086-0212,86,LS2019>VS2022,1:1,0.6
LS2019-086-0213,VS2022-086-0213,86,LS2019>VS2022,1:1,0.6
LS2019-086-0214,VS2022-086-0214,86,LS2019>VS2022,1:1,0.6
LS2019-086-0215,VS2022-086-0215,86,LS2019>VS2022,1:1,0.6
LS2019-086-0216,VS2022-086-0216,86,LS2019>VS2022,1:1,0.6
LS2019-086-0217,VS2022-086-0217,86,LS2019>VS2022,1:1,0.6
LS2019-086-0218,VS2022-086-0218,86,LS2019>VS2022,1:1,0.6
LS2019-086-0219,VS2022-086-0219,86,LS2019>VS2022,1:1,0.6
LS2019-086-0220,VS2022-086-0220,86,LS2019>VS2022,1:1,0.6
LS2019-086-0221,VS2022-086-0221,86,LS2019>VS2022,1:1,0.6
LS2019-086-0222,VS2022-086-0222,86,LS2019>VS2022,1:1,0.6
LS2019-086-0223,VS2022-086-0223,86,LS2019>VS2022,1:1,0.6
LS2019-086-0224,VS2022-086-0224,86,LS2019>VS2022,1:1,0.6
LS2019-086-0225,VS2022-086-0225,86,LS2019>VS2022,1:1,0.6
LS2019-086-0226,VS2022-086-0226,86,LS2019>VS2022,1:1,0.6
LS2019-086-0227,VS2022-086-0227,86,LS2019>VS2022,1:1,0.6
LS2019-086-0228,VS2022-086-0228,86,LS2019>VS2022,1:1,0.6
LS2019-086-0229,VS2022-086-0229,86,LS2019>VS2022,1:1,0.6
LS2019-086-0230,VS2022-086-0230,86,LS2019>VS2022,1:1,0.6
LS2019-086-0231,VS2022-086-0231,86,LS2019>VS2022,1:1,0.6
LS2019-086-0232,VS2022-086-0232,86,LS2019>VS2022,1:1,0.6
LS2019-086-0233,VS2022-086-0233,86,LS2019>VS2022,1:1,0.6
LS2019-086-0234,VS2022-086-0234,86,LS2019>VS2022,1:1,0.6
LS2019-086-0235,VS2022-086-0235,86,LS2019>VS2022,1:1,0.6
LS2019-086-0236,VS2022-086-0236,86,LS2019>VS2022,1:1,0.6
LS2019-086-0237,VS2022-086-0237,86,LS2019>VS2022,1:1,0.6
LS2019-086-0238,VS2022-086-0238,86,LS2019>VS2022,1:1,0.6
LS2019-086-0239,VS2022-086-0239,86,LS2019>VS2022,1:1,0.6
LS2019-086-0240,VS2022-086-0240,86,LS2019>VS2022,1:1,0.6
LS2019-086-0241,VS2022-086-0241,86,LS2019>VS2022,1:1,0.6
LS2019-086-0242,VS2022-086-0242,86,LS2019>VS2022,1:1,0.6
LS2019-086-0243,VS2022-086-0243,86,LS2019>VS2022,1:1,0.6
LS2019-086-0244,VS2022-086-0244,86,LS2019>VS2022,1:1,0.6
LS2019-086-0245,VS2022-086-0245,86,LS2019>VS2022,1:1,0.6
LS2019-086-0246,VS2022-086-0246,86,LS2019>VS2022,1:1,0.6
LS2019-086-0247,VS2022-086-0247,86,LS2019>VS2022,1:1,0.6
LS2019-086-0248,VS2022-086-0248,86,LS2019>VS2022,1:1,0.6
LS2019-086-0249,VS2022-086-0249,86,LS2019>VS2022,1:1,0.6
LS2019-086-0250,VS2022-086-0250,86,LS2019>VS2022,1:1,0.6
LS2019-086-0251,VS2022-086-0251,86,LS2019>VS2022,1:1,0.6
LS2019-086-0252,VS2022-086-0252,86,LS2019>VS2022,1:1,0.6
LS2019-086-0253,VS2022-086-0253,86,LS2019>VS2022,1:1,0.6
LS2019-086-0254,VS2022-086-0254,86,LS2019>VS2022,1:1,0.6
LS2019-086-0255,VS2022-086-0255,86,LS2019>VS2022,1:1,0.6
LS2019-086-0256,VS2022-086-0256,86,LS2019>VS2022,1:1,0.6
LS2019-086-0257,VS2022-086-0257,86,LS2019>VS2022,1:1,0.6
LS2019-086-0258,VS2022-086-0258,86,LS2019>VS2022,1:1,0.6
LS2019-086-0259,VS2022-086-0259,86,LS2019>VS2022,1:1,0.6
LS2019-086-0260,VS2022-086-0260,86,LS2019>VS2022,1:1,0.6
LS2019-086-0261,VS2022-086-0261,86,LS2019>VS2022,1:1,0.6
LS2019-086-0262,VS2022-086-0262,86,LS2019>VS2022,1:1,0.6
LS2019-086-0263,VS2022-086-0263,86,LS2019>VS2022,1:1,0.6
LS2019-086-0264,VS2022-086-0264,86,LS2019>VS2022,1:1,0.6
LS2019-086-0265,VS2022-086-0265,86,LS2019>VS2022,1:1,0.6
LS2019-086-0266,VS2022-086-0266,86,LS2019>VS2022,1:1,0.6
LS2019-086-0267,VS2022-086-0267,86,LS2019>VS2022,1:1,0.6
LS2019-086-0268,VS2022-086-0268,86,LS2019>VS2022,1:1,0.6
LS2019-086-0269,VS2022-086-0269,86,LS2019>VS2022,1:1,0.6
LS2019-086-0270,VS2022-086-0270,86,LS2019>VS2022,1:1,0.6
LS2019-086-0271,VS2022-086-0271,86,LS2019>VS2022,1:1,0.6
LS2019-086-0272,VS2022-086-0272,86,LS2019>VS2022,1:1,0.6
LS2019-086-0273,VS2022-086-0273,86,LS2019>VS2022,1:1,0.6
LS2019-086-0274,VS2022-086-0274,86,LS2019>VS2022,1:1,0.6
LS2019-086-0275,VS2022-086-0275,86,LS2019>VS2022,1:1,0.6
LS2019-086-0276,VS2022-086-0276,86,LS2019>VS2022,1:1,0.6
LS2019-086-0277,VS2022-086-0277,86,LS2019>VS2022,1:1,0.6
LS2019-086-0278,VS2022-086-0278,86,LS2019>VS2022,1:1,0.6
LS2019-086-0279,VS2022-086-0279,86,LS2019>VS2022,1:1,0.6
LS2019-086-0280,VS2022-086-0280,86,LS2019>VS2022,1:1,0.6
LS2019-086-0281,VS2022-086-0281,86,LS2019>VS2022,1:1,0.6
LS2019-086-0282,VS2022-086-0282,86,LS2019>VS2022,1:1,0.6
LS2019-086-0283,VS2022-086-0283,86,LS2019>VS2022,1:1,0.6
LS2019-086-0284,VS2022-086-0284,86,LS2019>VS2022,1:1,0.6
LS2019-086-0285,VS2022-086-0285,86,LS2019>VS2022,1:1,0.6
LS2019-086-0286,VS2022-086-0286,86,LS2019>VS2022,1:1,0.6
LS2019-086-0287,VS2022-086-0287,86,LS2019>VS2022,1:1,0.6
LS2019-086-0288,VS2022-086-0288,86,LS2019>VS2022,1:1,0.6
LS2019-086-0289,VS2022-086-0289,86,LS2019>VS2022,1:1,0.6
LS2019-086-0290,VS2022-086-0290,86,LS2019>VS2022,1:1,0.6
LS2019-086-0291,VS2022-086-0291,86,LS2019>VS2022,1:1,0.6
LS2019-086-0292,VS2022-086-0292,86,LS2019>VS2022,1:1,0.6
LS2019-086-0293,VS2022-086-0293,86,LS2019>VS2022,1:1,0.6
LS2019-086-0294,VS2022-086-0294,86,LS2019>VS2022,1:1,0.6
LS2019-086-0295,VS2022-086-0295,86,LS2019>VS2022,1:1,0.6
LS2019-086-0296,VS2022-086-0296,86,LS2019>VS2022,1:1,0.6
LS2019-086-0297,VS2022-086-0297,86,LS2019>VS2022,1:1,0.6
LS2019-086-0298,VS2022-086-0298,86,LS2019>VS2022,1:1,0.6
LS2019-086-0299,VS2022-086-0299,86,LS2019>VS2022,1:1,0.6
LS2019-086-0300,VS2022-086-0300,86,LS2019>VS2022,1:1,0.6
LS2019-086-0301,VS2022-086-0301,86,LS2019>VS2022,1:1,0.6
LS2019-086-0302,VS2022-086-0302,86,LS2019>VS2022,1:1,0.6
LS2019-086-0303,VS2022-086-0303,86,LS2019>VS2022,1:1,0.6
LS2019-086-0304,VS2022-086-0304,86,LS2019>VS2022,1:1,0.6
LS2019-086-0305,VS2022-086-0305,86,LS2019>VS2022,1:1,0.6
LS2019-086-0306,VS2022-086-0306,86,LS2019>VS2022,1:1,0.6
LS2019-086-0307,VS2022-086-0307,86,LS2019>VS2022,1:1,0.6
LS2019-086-0308,VS2022-086-0308,86,LS2019>VS2022,1:1,0.6
LS2019-086-0309,VS2022-086-0309,86,LS2019>VS2022,1:1,0.6
LS2019-086-0310,VS2022-086-0310,86,LS2019>VS2022,1:1,0.6
LS2019-086-0311,VS2022-086-0311,86,LS2019>VS2022,1:1,0.6
LS2019-086-0312,VS2022-086-0312,86,LS2019>VS2022,1:1,0.6
LS2019-086-0313,VS2022-086-0313,86,LS2019>VS2022,1:1,0.6
LS2019-086-0314,VS2022-086-0314,86,LS2019>VS2022,1:1,0.6
LS2019-086-0315,VS2022-086-0315,86,LS2019>VS2022,1:1,0.6
LS2019-086-0316,VS2022-086-0316,86,LS2019>VS2022,1:1,0.6
LS2019-086-0317,VS2022-086-0317,86,LS2019>VS2022,1:1,0.6
LS2019-086-0318,VS2022-086-0318,86,LS2019>VS2022,1:1,0.6
LS2019-086-0319,VS2022-086-0319,86,LS2019>VS2022,1:1,0.6
LS2019-086-0320,VS2022-086-0320,86,LS2019>VS2022,1:1,0.6
LS2019-086-0321,VS2022-086-0321,86,LS2019>VS2022,1:1,0.6
LS2019-086-0322,VS2022-086-0322,86,LS2019>VS2022,1:1,0.6
LS2019-086-0323,VS2022-086-0323,86,LS2019>VS2022,1:1,0.6
LS2019-086-0324,VS2022-086-0324,86,LS2019>VS2022,1:1,0.6
LS2019-086-0325,VS2022-086-0325,86,LS2019>VS2022,1:1,0.6
LS2019-086-0326,VS2022-086-0326,86,LS2019>VS2022,1:1,0.6
LS2019-086-0327,VS2022-086-0327,86,LS2019>VS2022,1:1,0.6
LS2019-086-0328,VS2022-086-0328,86,LS2019>VS2022,1:1,0.6
LS2019-086-0329,VS2022-086-0329,86,LS2019>VS2022,1:1,0.6
LS2019-086-0330,VS2022-086-0330,86,LS2019>VS2022,1:1,0.6
LS2019-086-0331,VS2022-086-0331,86,LS2019>VS2022,1:1,0.6
LS2019-086-0332,VS2022-086-0332,86,LS2019>VS2022,1:1,0.6
LS2019-086-0333,VS2022-086-0333,86,LS2019>VS2022,1:1,0.6
LS2019-086-0334,VS2022-086-0334,86,LS2019>VS2022,1:1,0.6
LS2019-086-0335,VS2022-086-0335,86,LS2019>VS2022,1:1,0.6
LS2019-086-0336,VS2022-086-0336,86,LS2019>VS2022,1:1,0.6
LS2019-086-0337,VS2022-086-0337,86,LS2019>VS2022,1:1,0.6
LS2019-086-0338,VS2022-086-0338,86,LS2019>VS2022,1:1,0.6
LS2019-086-0339,VS2022-086-0339,86,LS2019>VS2022,1:1,0.6
LS2019-086-0340,VS2022-086-0340,86,LS2019>VS2022,1:1,0.6
LS2019-086-0341,VS2022-086-0341,86,LS2019>VS2022,1:1,0.6
LS2019-086-0342,VS2022-086-0342,86,LS2019>VS2022,1:1,0.6
LS2019-086-0343,VS2022-086-0343,86,LS2019>VS2022,1:1,0.6
LS2019-086-0344,VS2022-086-0344,86,LS2019>VS2022,1:1,0.6
LS2019-086-0345,VS2022-086-0345,86,LS2019>VS2022,1:1,0.6
LS2019-086-0346,VS2022-086-0346,86,LS2019>VS2022,1:1,0.6
LS2019-086-0347,VS2022-086-0347,86,LS2019>VS2022,1:1,0.6
LS2019-086-0348,VS2022-086-0348,86,LS2019>VS2022,1:1,0.6
LS2019-086-0349,VS2022-086-0349,86,LS2019>VS2022,1:1,0.6
LS2019-086-0350,VS2022-086-0350,86,LS2019>VS2022,1:1,0.6
LS2019-086-0351,VS2022-086-0351,86,LS2019>VS2022,1:1,0.6
LS2019-086-0352,VS2022-086-0352,86,LS2019>VS2022,1:1,0.6
LS2019-086-0353,VS2022-086-0353,86,LS2019>VS2022,1:1,0.6
LS2019-086-0354,VS2022-086-0354,86,LS2019>VS2022,1:1,0.6
LS2019-086-0355,VS2022-086-0355,86,LS2019>VS2022,1:1,0.6
LS2019-086-0356,VS2022-086-0356,86,LS2019>VS2022,1:1,0.6
LS2019-086-0357,VS2022-086-0357,86,LS2019>VS2022,1:1,0.6
LS2019-086-0358,VS2022-086-0358,86,LS2019>VS2022,1:1,0.6
LS2019-086-0359,VS2022-086-0359,86,LS2019>VS2022,1:1,0.6
LS2019-086-0360,VS2022-086-0360,86,LS2019>VS2022,1:1,0.6
LS2019-086-0361,VS2022-086-0361,86,LS2019>VS2022,1:1,0.6
LS2019-086-0362,VS2022-086-0362,86,LS2019>VS2022,1:1,0.6
LS2019-086-0363,VS2022-086-0363,86,LS2019>VS2022,1:1,0.6
LS2019-086-0364,VS2022-086-0364,86,LS2019>VS2022,1:1,0.6
LS2019-086-0365,VS2022-086-0365,86,LS2019>VS2022,1:1,0.6
LS2019-086-0366,VS2022-086-0366,86,LS2019>VS2022,1:1,0.6
LS2019-086-0367,VS2022-086-0367,86,LS2019>VS2022,1:1,0.6
LS2019-086-0368,VS2022-086-0368,86,LS2019>VS2022,1:1,0.6
LS2019-086-0369,VS2022-086-0369,86,LS2019>VS2022,1:1,0.6
LS2019-086-0370,VS2022-086-0370,86,LS2019>VS2022,1:1,0.6
LS2019-086-0371,VS2022-086-0371,86,LS2019>VS2022,1:1,0.6
LS2019-086-0372,VS2022-086-0372,86,LS2019>VS2022,1:1,0.6
LS2019-086-0373,VS2022-086-0373,86,LS2019>VS2022,1:1,0.6
LS2019-086-0374,VS2022-086-0374,86,LS2019>VS2022,1:1,0.6
LS2019-086-0375,VS2022-086-0375,86,LS2019>VS2022,1:1,0.6
LS2019-086-0376,VS2022-086-0376,86,LS2019>VS2022,1:1,0.6
LS2019-086-0377,VS2022-086-0377,86,LS2019>VS2022,1:1,0.6
LS2019-086-0378,VS2022-086-0378,86,LS2019>VS2022,1:1,0.6
LS2019-086-0379,VS2022-086-0379,86,LS2019>VS2022,1:1,0.6
LS2019-086-0380,VS2022-086-0380,86,LS2019>VS2022,1:1,0.6
LS2019-086-0381,VS2022-086-0381,86,LS2019>VS2022,1:1,0.6
LS2019-086-0382,VS2022-086-0382,86,LS2019>VS2022,1:1,0.6
LS2019-086-0383,VS2022-086-0383,86,LS2019>VS2022,1:1,0.6
LS2019-086-0384,VS2022-086-0384,86,LS2019>VS2022,1:1,0.6
LS2019-086-0385,VS2022-086-0385,86,LS2019>VS2022,1:1,0.6
LS2019-086-0386,VS2022-086-0386,86,LS2019>VS2022,1:1,0.6
LS2019-086-0387,VS2022-086-0387,86,LS2019>VS2022,1:1,0.6
LS2019-086-0388,VS2022-086-0388,86,LS2019>VS2022,1:1,0.6
LS2019-086-0389,VS2022-086-0389,86,LS2019>VS2022,1:1,0.6
LS2019-086-0390,VS2022-086-0390,86,LS2019>VS2022,1:1,0.6
LS2019-086-0391,VS2022-086-0391,86,LS2019>VS2022,1:1,0.6
LS2019-086-0392,VS2022-086-0392,86,LS2019>VS2022,1:1,0.6
LS2019-086-0393,VS2022-086-0393,86,LS2019>VS2022,1:1,0.6
LS2019-086-0394,VS2022-086-0394,86,LS2019>VS2022,1:1,0.6
LS2019-086-0395,VS2022-086-0395,86,LS2019>VS2022,1:1,0.6
LS2019-086-0396,VS2022-086-0396,86,LS2019>VS2022,1:1,0.6
LS2019-086-0397,VS2022-086-0397,86,LS2019>VS2022,1:1,0.6
LS2019-086-0398,VS2022-086-0398,86,LS2019>VS2022,1:1,0.6
LS2019-086-0399,VS2022-086-0399,86,LS2019>VS2022,1:1,0.6
LS2019-086-0400,VS2022-086-0400,86,LS2019>VS2022,1:1,0.6
LS2019-086-0401,VS2022-086-0401,86,LS2019>VS2022,1:1,0.6
LS2019-086-0402,VS2022-086-0402,86,LS2019>VS2022,1:1,0.6
LS2019-086-0403,VS2022-086-0403,86,LS2019>VS2022,1:1,0.6
LS2019-086-0404,VS2022-086-0404,86,LS2019>VS2022,1:1,0.6
LS2019-086-0405,VS2022-086-0405,86,LS2019>VS2022,1:1,0.6
LS2019-086-0406,VS2022-086-0406,86,LS2019>VS2022,1:1,0.6
LS2019-086-0407,VS2022-086-0407,86,LS2019>VS2022,1:1,0.6
LS2019-086-0408,VS2022-086-0408,86,LS2019>VS2022,1:1,0.6
LS2019-086-0409,VS2022-086-0409,86,LS2019>VS2022,1:1,0.6
LS2019-086-0410,VS2022-086-0410,86,LS2019>VS2022,1:1,0.6
LS2019-086-0411,VS2022-086-0411,86,LS2019>VS2022,1:1,0.6
LS2019-086-0412,VS2022-086-0412,86,LS2019>VS2022,1:1,0.6
LS2019-086-0413,VS2022-086-0413,86,LS2019>VS2022,1:1,0.6
LS2019-086-0414,VS2022-086-0414,86,LS2019>VS2022,1:1,0.6
LS2019-086-0415,VS2022-086-0415,86,LS2019>VS2022,1:1,0.6
LS2019-086-0416,VS2022-086-0416,86,LS2019>VS2022,1:1,0.6
LS2019-086-0417,VS2022-086-0417,86,LS2019>VS2022,1:1,0.6
LS2019-086-0418,VS2022-086-0418,86,LS2019>VS2022,1:1,0.6
LS2019-086-0419,VS2022-086-0419,86,LS2019>VS2022,1:1,0.6
LS2019-086-0420,VS2022-086-0420,86,LS2019>VS2022,1:1,0.6
LS2019-086-0421,VS2022-086-0421,86,LS2019>VS2022,1:1,0.6
LS2019-086-0422,VS2022-086-0422,86,LS2019>VS2022,1:1,0.6
LS2019-086-0423,VS2022-086-0423,86,LS2019>VS2022,1:1,0.6
LS2019-086-0424,VS2022-086-0424,86,LS2019>VS2022,1:1,0.6
LS2019-086-0425,VS2022-086-0425,86,LS2019>VS2022,1:1,0.6
LS2019-086-0426,VS2022-086-0426,86,LS2019>VS2022,1:1,0.6
LS2019-086-0427,VS2022-086-0427,86,LS2019>VS2022,1:1,0.6
LS2019-086-0428,VS2022-086-0428,86,LS2019>VS2022,1:1,0.6
LS2019-086-0429,VS2022-086-0429,86,LS2019>VS2022,1:1,0.6
LS2019-086-0430,VS2022-086-0430,86,LS2019>VS2022,1:1,0.6
LS2019-086-0431,VS2022-086-0431,86,LS2019>VS2022,1:1,0.6
LS2019-086-0432,VS2022-086-0432,86,LS2019>VS2022,1:1,0.6
LS2019-086-0433,VS2022-086-0433,86,LS2019>VS2022,1:1,0.6
LS2019-086-0434,VS2022-086-0434,86,LS2019>VS2022,1:1,0.6
LS2019-086-0435,VS2022-086-0435,86,LS2019>VS2022,1:1,0.6
LS2019-086-0436,VS2022-086-0436,86,LS2019>VS2022,1:1,0.6
LS2019-086-0437,VS2022-086-0437,86,LS2019>VS2022,1:1,0.6
LS2019-086-0438,VS2022-086-0438,86,LS2019>VS2022,1:1,0.6
LS2019-086-0439,VS2022-086-0439,86,LS2019>VS2022,1:1,0.6
LS2019-086-0440,VS2022-086-0440,86,LS2019>VS2022,1:1,0.6
LS2019-086-0441,VS2022-086-0441,86,LS2019>VS2022,1:1,0.6
LS2019-086-0442,VS2022-086-0442,86,LS2019>VS2022,1:1,0.6
LS2019-086-0443,VS2022-086-0443,86,LS2019>VS2022,1:1,0.6
LS2019-086-0444,VS2022-086-0444,86,LS2019>VS2022,1:1,0.6
LS2019-086-0445,VS2022-086-0445,86,LS2019>VS2022,1:1,0.6
LS2019-086-0446,VS2022-086-0446,86,LS2019>VS2022,1:1,0.6
LS2019-086-0447,VS2022-086-0447,86,LS2019>VS2022,1:1,0.6
LS2019-086-0448,VS2022-086-0448,86,LS2019>VS2022,1:1,0.6
LS2019-086-0449,VS2022-086-0449,86,LS2019>VS2022,1:1,0.6
LS2019-086-0450,VS2022-086-0450,86,LS2019>VS2022,1:1,0.6
LS2019-086-0451,VS2022-086-0451,86,LS2019>VS2022,1:1,0.6
LS2019-086-0452,VS2022-086-0452,86,LS2019>VS2022,1:1,0.6
LS2019-086-0453,VS2022-086-0453,86,LS2019>VS2022,1:1,0.6
LS2019-086-0454,VS2022-086-0454,86,LS2019>VS2022,1:1,0.6
LS2019-086-0455,VS2022-086-0455,86,LS2019>VS2022,1:1,0.6
LS2019-086-0456,VS2022-086-0456,86,LS2019>VS2022,1:1,0.6
LS2019-086-0457,VS2022-086-0457,86,LS2019>VS2022,1:1,0.6
LS2019-086-0458,VS2022-086-0458,86,LS2019>VS2022,1:1,0.6
LS2019-086-0459,VS2022-086-0459,86,LS2019>VS2022,1:1,0.6
LS2019-086-0460,VS2022-086-0460,86,LS2019>VS2022,1:1,0.6
LS2019-086-0461,VS2022-086-0461,86,LS2019>VS2022,1:1,0.6
LS2019-086-0462,VS2022-086-0462,86,LS2019>VS2022,1:1,0.6
LS2019-086-0463,VS2022-086-0463,86,LS2019>VS2022,1:1,0.6
LS2019-086-0464,VS2022-086-0464,86,LS2019>VS2022,1:1,0.6
LS2019-086-0465,VS2022-086-0465,86,LS2019>VS2022,1:1,0.6
LS2019-086-0466,VS2022-086-0466,86,LS2019>VS2022,1:1,0.6
LS2019-086-0467,VS2022-086-0467,86,LS2019>VS2022,1:1,0.6
LS2019-086-0468,VS2022-086-0468,86,LS2019>VS2022,1:1,0.6
LS2019-086-0469,VS2022-086-0469,86,LS2019>VS2022,1:1,0.6
LS2019-086-0470,VS2022-086-0470,86,LS2019>VS2022,1:1,0.6
LS2019-086-0471,VS2022-086-0471,86,LS2019>VS2022,1:1,0.6
LS2019-086-0472,VS2022-086-0472,86,LS2019>VS2022,1:1,0.6
,VS2022-086-0473,86,LS2019>VS2022,new,0.0
,VS2022-086-0474,86,LS2019>VS2022,new,0.0
,VS2022-086-0475,86,LS2019>VS2022,new,0.0
,VS2022-086-0476,86,LS2019>VS2022,new,0.0
,VS2022-086-0477,86,LS2019>VS2022,new,0.0
,VS2022-086-0478,86,LS2019>VS2022,new,0.0
,VS2022-086-0479,86,LS2019>VS2022,new,0.0
,VS2022-086-0480,86,LS2019>VS2022,new,0.0
,VS2022-086-0481,86,LS2019>VS2022,new,0.0
,VS2022-086-0482,86,LS2019>VS2022,new,0.0
,VS2022-086-0483,86,LS2019>VS2022,new,0.0
,VS2022-086-0484,86,LS2019>VS2022,new,0.0
,VS2022-086-0485,86,LS2019>VS2022,new,0.0
,VS2022-086-0486,86,LS2019>VS2022,new,0.0
,VS2022-086-0487,86,LS2019>VS2022,new,0.0
,VS2022-086-0488,86,LS2019>VS2022,new,0.0
,VS2022-086-0489,86,LS2019>VS2022,new,0.0
,VS2022-086-0490,86,LS2019>VS2022,new,0.0
,VS2022-086-0491,86,LS2019>VS2022,new,0.0
,VS2022-086-0492,86,LS2019>VS2022,new,0.0
,VS2022-086-0493,86,LS2019>VS2022,new,0.0
,VS2022-086-0494,86,LS2019>VS2022,new,0.0
,VS2022-086-0495,86,LS2019>VS2022,new,0.0
,VS2022-086-0496,86,LS2019>VS2022,new,0.0
,VS2022-086-0497,86,LS2019>VS2022,new,0.0
,VS2022-086-0498,86,LS2019>VS2022,new,0.0
,VS2022-086-0499,86,LS2019>VS2022,new,0.0
,VS2022-086-0500,86,LS2019>VS2022,new,0.0
,VS2022-086-0501,86,LS2019>VS2022,new,0.0
,VS2022-086-0502,86,LS2019>VS2022,new,0.0
,VS2022-086-0503,86,LS2019>VS2022,new,0.0
,VS2022-086-0504,86,LS2019>VS2022,new,0.0
,VS2022-086-0505,86,LS2019>VS2022,new,0.0
,VS2022-086-0506,86,LS2019>VS2022,new,0.0
,VS2022-086-0507,86,LS2019>VS2022,new,0.0
LS2019-087-0001,VS2022-087-0001,87,LS2019>VS2022,1:1,0.6
LS2019-087-0002,VS2022-087-0002,87,LS2019>VS2022,1:1,0.6
LS2019-087-0003,VS2022-087-0003,87,LS2019>VS2022,1:1,0.6
LS2019-087-0004,VS2022-087-0004,87,LS2019>VS2022,1:1,0.6
LS2019-087-0005,VS2022-087-0005,87,LS2019>VS2022,1:1,0.6
LS2019-087-0006,VS2022-087-0006,87,LS2019>VS2022,1:1,0.6
LS2019-087-0007,VS2022-087-0007,87,LS2019>VS2022,1:1,0.6
LS2019-087-0008,VS2022-087-0008,87,LS2019>VS2022,1:1,0.6
LS2019-087-0009,VS2022-087-0009,87,LS2019>VS2022,1:1,0.6
LS2019-087-0010,VS2022-087-0010,87,LS2019>VS2022,1:1,0.6
LS2019-087-0011,VS2022-087-0011,87,LS2019>VS2022,1:1,0.6
LS2019-087-0012,VS2022-087-0012,87,LS2019>VS2022,1:1,0.6
LS2019-087-0013,VS2022-087-0013,87,LS2019>VS2022,1:1,0.6
LS2019-087-0014,VS2022-087-0014,87,LS2019>VS2022,1:1,0.6
LS2019-087-0015,VS2022-087-0015,87,LS2019>VS2022,1:1,0.6
LS2019-087-0016,VS2022-087-0016,87,LS2019>VS2022,1:1,0.6
LS2019-087-0017,VS2022-087-0017,87,LS2019>VS2022,1:1,0.6
LS2019-087-0018,VS2022-087-0018,87,LS2019>VS2022,1:1,0.6
LS2019-087-0019,VS2022-087-0019,87,LS2019>VS2022,1:1,0.6
LS2019-087-0020,VS2022-087-0020,87,LS2019>VS2022,1:1,0.6
LS2019-087-0021,VS2022-087-0021,87,LS2019>VS2022,1:1,0.6
LS2019-087-0022,VS2022-087-0022,87,LS2019>VS2022,1:1,0.6
LS2019-087-0023,VS2022-087-0023,87,LS2019>VS2022,1:1,0.6
LS2019-087-0024,VS2022-087-0024,87,LS2019>VS2022,1:1,0.6
LS2019-087-0025,VS2022-087-0025,87,LS2019>VS2022,1:1,0.6
LS2019-087-0026,VS2022-087-0026,87,LS2019>VS2022,1:1,0.6
LS2019-087-0027,VS2022-087-0027,87,LS2019>VS2022,1:1,0.6
LS2019-087-0028,VS2022-087-0028,87,LS2019>VS2022,1:1,0.6
LS2019-087-0029,VS2022-087-0029,87,LS2019>VS2022,1:1,0.6
LS2019-087-0030,VS2022-087-0030,87,LS2019>VS2022,1:1,0.6
LS2019-087-0031,VS2022-087-0031,87,LS2019>VS2022,1:1,0.6
LS2019-087-0032,VS2022-087-0032,87,LS2019>VS2022,1:1,0.6
LS2019-087-0033,VS2022-087-0033,87,LS2019>VS2022,1:1,0.6
LS2019-087-0034,VS2022-087-0034,87,LS2019>VS2022,1:1,0.6
LS2019-087-0035,VS2022-087-0035,87,LS2019>VS2022,1:1,0.6
LS2019-087-0036,VS2022-087-0036,87,LS2019>VS2022,1:1,0.6
LS2019-087-0037,VS2022-087-0037,87,LS2019>VS2022,1:1,0.6
LS2019-087-0038,VS2022-087-0038,87,LS2019>VS2022,1:1,0.6
LS2019-087-0039,VS2022-087-0039,87,LS2019>VS2022,1:1,0.6
LS2019-087-0040,VS2022-087-0040,87,LS2019>VS2022,1:1,0.6
LS2019-087-0041,VS2022-087-0041,87,LS2019>VS2022,1:1,0.6
LS2019-087-0042,VS2022-087-0042,87,LS2019>VS2022,1:1,0.6
LS2019-087-0043,VS2022-087-0043,87,LS2019>VS2022,1:1,0.6
LS2019-087-0044,VS2022-087-0044,87,LS2019>VS2022,1:1,0.6
LS2019-087-0045,VS2022-087-0045,87,LS2019>VS2022,1:1,0.6
LS2019-087-0046,VS2022-087-0046,87,LS2019>VS2022,1:1,0.6
LS2019-087-0047,VS2022-087-0047,87,LS2019>VS2022,1:1,0.6
LS2019-087-0048,VS2022-087-0048,87,LS2019>VS2022,1:1,0.6
LS2019-087-0049,VS2022-087-0049,87,LS2019>VS2022,1:1,0.6
LS2019-087-0050,VS2022-087-0050,87,LS2019>VS2022,1:1,0.6
LS2019-087-0051,VS2022-087-0051,87,LS2019>VS2022,1:1,0.6
LS2019-087-0052,VS2022-087-0052,87,LS2019>VS2022,1:1,0.6
LS2019-087-0053,VS2022-087-0053,87,LS2019>VS2022,1:1,0.6
LS2019-087-0054,VS2022-087-0054,87,LS2019>VS2022,1:1,0.6
LS2019-087-0055,VS2022-087-0055,87,LS2019>VS2022,1:1,0.6
LS2019-087-0056,VS2022-087-0056,87,LS2019>VS2022,1:1,0.6
LS2019-087-0057,VS2022-087-0057,87,LS2019>VS2022,1:1,0.6
LS2019-087-0058,VS2022-087-0058,87,LS2019>VS2022,1:1,0.6
LS2019-087-0059,VS2022-087-0059,87,LS2019>VS2022,1:1,0.6
LS2019-087-0060,VS2022-087-0060,87,LS2019>VS2022,1:1,0.6
LS2019-087-0061,VS2022-087-0061,87,LS2019>VS2022,1:1,0.6
LS2019-087-0062,VS2022-087-0062,87,LS2019>VS2022,1:1,0.6
LS2019-087-0063,VS2022-087-0063,87,LS2019>VS2022,1:1,0.6
LS2019-087-0064,VS2022-087-0064,87,LS2019>VS2022,1:1,0.6
LS2019-087-0065,VS2022-087-0065,87,LS2019>VS2022,1:1,0.6
LS2019-087-0066,VS2022-087-0066,87,LS2019>VS2022,1:1,0.6
LS2019-087-0067,VS2022-087-0067,87,LS2019>VS2022,1:1,0.6
LS2019-087-0068,VS2022-087-0068,87,LS2019>VS2022,1:1,0.6
LS2019-087-0069,VS2022-087-0069,87,LS2019>VS2022,1:1,0.6
LS2019-087-0070,VS2022-087-0070,87,LS2019>VS2022,1:1,0.6
LS2019-087-0071,VS2022-087-0071,87,LS2019>VS2022,1:1,0.6
LS2019-087-0072,VS2022-087-0072,87,LS2019>VS2022,1:1,0.6
LS2019-087-0073,VS2022-087-0073,87,LS2019>VS2022,1:1,0.6
LS2019-087-0074,VS2022-087-0074,87,LS2019>VS2022,1:1,0.6
LS2019-087-0075,VS2022-087-0075,87,LS2019>VS2022,1:1,0.6
LS2019-087-0076,VS2022-087-0076,87,LS2019>VS2022,1:1,0.6
LS2019-087-0077,VS2022-087-0077,87,LS2019>VS2022,1:1,0.6
LS2019-087-0078,VS2022-087-0078,87,LS2019>VS2022,1:1,0.6
LS2019-087-0079,VS2022-087-0079,87,LS2019>VS2022,1:1,0.6
LS2019-087-0080,VS2022-087-0080,87,LS2019>VS2022,1:1,0.6
LS2019-087-0081,VS2022-087-0081,87,LS2019>VS2022,1:1,0.6
LS2019-087-0082,VS2022-087-0082,87,LS2019>VS2022,1:1,0.6
LS2019-087-0083,VS2022-087-0083,87,LS2019>VS2022,1:1,0.6
LS2019-087-0084,VS2022-087-0084,87,LS2019>VS2022,1:1,0.6
LS2019-087-0085,VS2022-087-0085,87,LS2019>VS2022,1:1,0.6
LS2019-087-0086,VS2022-087-0086,87,LS2019>VS2022,1:1,0.6
LS2019-087-0087,VS2022-087-0087,87,LS2019>VS2022,1:1,0.6
LS2019-087-0088,VS2022-087-0088,87,LS2019>VS2022,1:1,0.6
LS2019-087-0089,VS2022-087-0089,87,LS2019>VS2022,1:1,0.6
LS2019-087-0090,VS2022-087-0090,87,LS2019>VS2022,1:1,0.6
LS2019-087-0091,VS2022-087-0091,87,LS2019>VS2022,1:1,0.6
LS2019-087-0092,VS2022-087-0092,87,LS2019>VS2022,1:1,0.6
LS2019-087-0093,VS2022-087-0093,87,LS2019>VS2022,1:1,0.6
LS2019-087-0094,VS2022-087-0094,87,LS2019>VS2022,1:1,0.6
LS2019-087-0095,VS2022-087-0095,87,LS2019>VS2022,1:1,0.6
LS2019-087-0096,VS2022-087-0096,87,LS2019>VS2022,1:1,0.6
LS2019-087-0097,VS2022-087-0097,87,LS2019>VS2022,1:1,0.6
LS2019-087-0098,VS2022-087-0098,87,LS2019>VS2022,1:1,0.6
LS2019-087-0099,VS2022-087-0099,87,LS2019>VS2022,1:1,0.6
LS2019-087-0100,VS2022-087-0100,87,LS2019>VS2022,1:1,0.6
LS2019-087-0101,VS2022-087-0101,87,LS2019>VS2022,1:1,0.6
LS2019-087-0102,VS2022-087-0102,87,LS2019>VS2022,1:1,0.6
LS2019-087-0103,VS2022-087-0103,87,LS2019>VS2022,1:1,0.6
LS2019-087-0104,VS2022-087-0104,87,LS2019>VS2022,1:1,0.6
LS2019-087-0105,VS2022-087-0105,87,LS2019>VS2022,1:1,0.6
LS2019-087-0106,VS2022-087-0106,87,LS2019>VS2022,1:1,0.6
LS2019-087-0107,VS2022-087-0107,87,LS2019>VS2022,1:1,0.6
LS2019-087-0108,VS2022-087-0108,87,LS2019>VS2022,1:1,0.6
LS2019-087-0109,VS2022-087-0109,87,LS2019>VS2022,1:1,0.6
LS2019-087-0110,VS2022-087-0110,87,LS2019>VS2022,1:1,0.6
LS2019-087-0111,VS2022-087-0111,87,LS2019>VS2022,1:1,0.6
LS2019-087-0112,VS2022-087-0112,87,LS2019>VS2022,1:1,0.6
LS2019-087-0113,VS2022-087-0113,87,LS2019>VS2022,1:1,0.6
LS2019-087-0114,VS2022-087-0114,87,LS2019>VS2022,1:1,0.6
LS2019-087-0115,VS2022-087-0115,87,LS2019>VS2022,1:1,0.6
LS2019-087-0116,VS2022-087-0116,87,LS2019>VS2022,1:1,0.6
LS2019-087-0117,VS2022-087-0117,87,LS2019>VS2022,1:1,0.6
LS2019-087-0118,VS2022-087-0118,87,LS2019>VS2022,1:1,0.6
LS2019-087-0119,VS2022-087-0119,87,LS2019>VS2022,1:1,0.6
LS2019-087-0120,VS2022-087-0120,87,LS2019>VS2022,1:1,0.6
LS2019-087-0121,VS2022-087-0121,87,LS2019>VS2022,1:1,0.6
LS2019-087-0122,VS2022-087-0122,87,LS2019>VS2022,1:1,0.6
LS2019-087-0123,VS2022-087-0123,87,LS2019>VS2022,1:1,0.6
LS2019-087-0124,VS2022-087-0124,87,LS2019>VS2022,1:1,0.6
LS2019-087-0125,VS2022-087-0125,87,LS2019>VS2022,1:1,0.6
LS2019-087-0126,VS2022-087-0126,87,LS2019>VS2022,1:1,0.6
LS2019-087-0127,VS2022-087-0127,87,LS2019>VS2022,1:1,0.6
LS2019-087-0128,VS2022-087-0128,87,LS2019>VS2022,1:1,0.6
LS2019-087-0129,VS2022-087-0129,87,LS2019>VS2022,1:1,0.6
LS2019-087-0130,VS2022-087-0130,87,LS2019>VS2022,1:1,0.6
LS2019-087-0131,VS2022-087-0131,87,LS2019>VS2022,1:1,0.6
LS2019-087-0132,VS2022-087-0132,87,LS2019>VS2022,1:1,0.6
LS2019-087-0133,VS2022-087-0133,87,LS2019>VS2022,1:1,0.6
LS2019-087-0134,VS2022-087-0134,87,LS2019>VS2022,1:1,0.6
LS2019-087-0135,VS2022-087-0135,87,LS2019>VS2022,1:1,0.6
LS2019-087-0136,VS2022-087-0136,87,LS2019>VS2022,1:1,0.6
LS2019-087-0137,VS2022-087-0137,87,LS2019>VS2022,1:1,0.6
LS2019-087-0138,VS2022-087-0138,87,LS2019>VS2022,1:1,0.6
LS2019-087-0139,VS2022-087-0139,87,LS2019>VS2022,1:1,0.6
LS2019-087-0140,VS2022-087-0140,87,LS2019>VS2022,1:1,0.6
LS2019-087-0141,VS2022-087-0141,87,LS2019>VS2022,1:1,0.6
LS2019-087-0142,VS2022-087-0142,87,LS2019>VS2022,1:1,0.6
LS2019-087-0143,VS2022-087-0143,87,LS2019>VS2022,1:1,0.6
LS2019-087-0144,VS2022-087-0144,87,LS2019>VS2022,1:1,0.6
LS2019-087-0145,VS2022-087-0145,87,LS2019>VS2022,1:1,0.6
LS2019-087-0146,VS2022-087-0146,87,LS2019>VS2022,1:1,0.6
LS2019-087-0147,VS2022-087-0147,87,LS2019>VS2022,1:1,0.6
LS2019-087-0148,VS2022-087-0148,87,LS2019>VS2022,1:1,0.6
LS2019-087-0149,VS2022-087-0149,87,LS2019>VS2022,1:1,0.6
LS2019-087-0150,VS2022-087-0150,87,LS2019>VS2022,1:1,0.6
LS2019-087-0151,VS2022-087-0151,87,LS2019>VS2022,1:1,0.6
LS2019-087-0152,VS2022-087-0152,87,LS2019>VS2022,1:1,0.6
LS2019-087-0153,VS2022-087-0153,87,LS2019>VS2022,1:1,0.6
LS2019-087-0154,VS2022-087-0154,87,LS2019>VS2022,1:1,0.6
LS2019-087-0155,VS2022-087-0155,87,LS2019>VS2022,1:1,0.6
LS2019-087-0156,VS2022-087-0156,87,LS2019>VS2022,1:1,0.6
LS2019-087-0157,VS2022-087-0157,87,LS2019>VS2022,1:1,0.6
LS2019-087-0158,VS2022-087-0158,87,LS2019>VS2022,1:1,0.6
LS2019-087-0159,VS2022-087-0159,87,LS2019>VS2022,1:1,0.6
LS2019-087-0160,VS2022-087-0160,87,LS2019>VS2022,1:1,0.6
LS2019-087-0161,VS2022-087-0161,87,LS2019>VS2022,1:1,0.6
LS2019-087-0162,VS2022-087-0162,87,LS2019>VS2022,1:1,0.6
LS2019-087-0163,VS2022-087-0163,87,LS2019>VS2022,1:1,0.6
LS2019-087-0164,VS2022-087-0164,87,LS2019>VS2022,1:1,0.6
LS2019-087-0165,VS2022-087-0165,87,LS2019>VS2022,1:1,0.6
LS2019-087-0166,VS2022-087-0166,87,LS2019>VS2022,1:1,0.6
LS2019-087-0167,VS2022-087-0167,87,LS2019>VS2022,1:1,0.6
LS2019-087-0168,VS2022-087-0168,87,LS2019>VS2022,1:1,0.6
LS2019-087-0169,VS2022-087-0169,87,LS2019>VS2022,1:1,0.6
LS2019-087-0170,VS2022-087-0170,87,LS2019>VS2022,1:1,0.6
LS2019-087-0171,VS2022-087-0171,87,LS2019>VS2022,1:1,0.6
LS2019-087-0172,VS2022-087-0172,87,LS2019>VS2022,1:1,0.6
LS2019-087-0173,VS2022-087-0173,87,LS2019>VS2022,1:1,0.6
LS2019-087-0174,VS2022-087-0174,87,LS2019>VS2022,1:1,0.6
LS2019-087-0175,VS2022-087-0175,87,LS2019>VS2022,1:1,0.6
LS2019-087-0176,VS2022-087-0176,87,LS2019>VS2022,1:1,0.6
LS2019-087-0177,VS2022-087-0177,87,LS2019>VS2022,1:1,0.6
LS2019-087-0178,VS2022-087-0178,87,LS2019>VS2022,1:1,0.6
LS2019-087-0179,VS2022-087-0179,87,LS2019>VS2022,1:1,0.6
LS2019-087-0180,VS2022-087-0180,87,LS2019>VS2022,1:1,0.6
LS2019-087-0181,VS2022-087-0181,87,LS2019>VS2022,1:1,0.6
LS2019-087-0182,VS2022-087-0182,87,LS2019>VS2022,1:1,0.6
LS2019-087-0183,VS2022-087-0183,87,LS2019>VS2022,1:1,0.6
LS2019-087-0184,VS2022-087-0184,87,LS2019>VS2022,1:1,0.6
LS2019-087-0185,VS2022-087-0185,87,LS2019>VS2022,1:1,0.6
LS2019-087-0186,VS2022-087-0186,87,LS2019>VS2022,1:1,0.6
LS2019-087-0187,VS2022-087-0187,87,LS2019>VS2022,1:1,0.6
LS2019-087-0188,VS2022-087-0188,87,LS2019>VS2022,1:1,0.6
LS2019-087-0189,VS2022-087-0189,87,LS2019>VS2022,1:1,0.6
LS2019-087-0190,VS2022-087-0190,87,LS2019>VS2022,1:1,0.6
LS2019-087-0191,VS2022-087-0191,87,LS2019>VS2022,1:1,0.6
LS2019-087-0192,VS2022-087-0192,87,LS2019>VS2022,1:1,0.6
LS2019-087-0193,VS2022-087-0193,87,LS2019>VS2022,1:1,0.6
LS2019-087-0194,VS2022-087-0194,87,LS2019>VS2022,1:1,0.6
LS2019-087-0195,VS2022-087-0195,87,LS2019>VS2022,1:1,0.6
LS2019-087-0196,VS2022-087-0196,87,LS2019>VS2022,1:1,0.6
LS2019-087-0197,VS2022-087-0197,87,LS2019>VS2022,1:1,0.6
LS2019-087-0198,VS2022-087-0198,87,LS2019>VS2022,1:1,0.6
LS2019-087-0199,VS2022-087-0199,87,LS2019>VS2022,1:1,0.6
LS2019-087-0200,VS2022-087-0200,87,LS2019>VS2022,1:1,0.6
LS2019-087-0201,VS2022-087-0201,87,LS2019>VS2022,1:1,0.6
LS2019-087-0202,VS2022-087-0202,87,LS2019>VS2022,1:1,0.6
LS2019-087-0203,VS2022-087-0203,87,LS2019>VS2022,1:1,0.6
LS2019-087-0204,VS2022-087-0204,87,LS2019>VS2022,1:1,0.6
LS2019-087-0205,VS2022-087-0205,87,LS2019>VS2022,1:1,0.6
LS2019-087-0206,VS2022-087-0206,87,LS2019>VS2022,1:1,0.6
LS2019-087-0207,VS2022-087-0207,87,LS2019>VS2022,1:1,0.6
LS2019-087-0208,VS2022-087-0208,87,LS2019>VS2022,1:1,0.6
LS2019-087-0209,VS2022-087-0209,87,LS2019>VS2022,1:1,0.6
LS2019-087-0210,VS2022-087-0210,87,LS2019>VS2022,1:1,0.6
LS2019-087-0211,VS2022-087-0211,87,LS2019>VS2022,1:1,0.6
LS2019-087-0212,VS2022-087-0212,87,LS2019>VS2022,1:1,0.6
LS2019-087-0213,VS2022-087-0213,87,LS2019>VS2022,1:1,0.6
LS2019-087-0214,VS2022-087-0214,87,LS2019>VS2022,1:1,0.6
LS2019-087-0215,VS2022-087-0215,87,LS2019>VS2022,1:1,0.6
LS2019-087-0216,VS2022-087-0216,87,LS2019>VS2022,1:1,0.6
LS2019-087-0217,VS2022-087-0217,87,LS2019>VS2022,1:1,0.6
LS2019-087-0218,VS2022-087-0218,87,LS2019>VS2022,1:1,0.6
LS2019-087-0219,VS2022-087-0219,87,LS2019>VS2022,1:1,0.6
LS2019-087-0220,VS2022-087-0220,87,LS2019>VS2022,1:1,0.6
LS2019-087-0221,VS2022-087-0221,87,LS2019>VS2022,1:1,0.6
LS2019-087-0222,VS2022-087-0222,87,LS2019>VS2022,1:1,0.6
LS2019-087-0223,VS2022-087-0223,87,LS2019>VS2022,1:1,0.6
LS2019-087-0224,VS2022-087-0224,87,LS2019>VS2022,1:1,0.6
LS2019-087-0225,VS2022-087-0225,87,LS2019>VS2022,1:1,0.6
LS2019-087-0226,VS2022-087-0226,87,LS2019>VS2022,1:1,0.6
LS2019-087-0227,VS2022-087-0227,87,LS2019>VS2022,1:1,0.6
LS2019-087-0228,VS2022-087-0228,87,LS2019>VS2022,1:1,0.6
LS2019-087-0229,VS2022-087-0229,87,LS2019>VS2022,1:1,0.6
LS2019-087-0230,VS2022-087-0230,87,LS2019>VS2022,1:1,0.6
LS2019-087-0231,VS2022-087-0231,87,LS2019>VS2022,1:1,0.6
LS2019-087-0232,VS2022-087-0232,87,LS2019>VS2022,1:1,0.6
LS2019-087-0233,VS2022-087-0233,87,LS2019>VS2022,1:1,0.6
LS2019-087-0234,VS2022-087-0234,87,LS2019>VS2022,1:1,0.6
LS2019-087-0235,VS2022-087-0235,87,LS2019>VS2022,1:1,0.6
LS2019-087-0236,VS2022-087-0236,87,LS2019>VS2022,1:1,0.6
LS2019-087-0237,VS2022-087-0237,87,LS2019>VS2022,1:1,0.6
LS2019-087-0238,VS2022-087-0238,87,LS2019>VS2022,1:1,0.6
LS2019-087-0239,VS2022-087-0239,87,LS2019>VS2022,1:1,0.6
LS2019-087-0240,VS2022-087-0240,87,LS2019>VS2022,1:1,0.6
LS2019-087-0241,VS2022-087-0241,87,LS2019>VS2022,1:1,0.6
LS2019-087-0242,VS2022-087-0242,87,LS2019>VS2022,1:1,0.6
LS2019-087-0243,VS2022-087-0243,87,LS2019>VS2022,1:1,0.6
LS2019-087-0244,VS2022-087-0244,87,LS2019>VS2022,1:1,0.6
LS2019-087-0245,VS2022-087-0245,87,LS2019>VS2022,1:1,0.6
LS2019-087-0246,VS2022-087-0246,87,LS2019>VS2022,1:1,0.6
LS2019-087-0247,VS2022-087-0247,87,LS2019>VS2022,1:1,0.6
LS2019-087-0248,VS2022-087-0248,87,LS2019>VS2022,1:1,0.6
LS2019-087-0249,VS2022-087-0249,87,LS2019>VS2022,1:1,0.6
LS2019-087-0250,VS2022-087-0250,87,LS2019>VS2022,1:1,0.6
LS2019-087-0251,VS2022-087-0251,87,LS2019>VS2022,1:1,0.6
LS2019-087-0252,VS2022-087-0252,87,LS2019>VS2022,1:1,0.6
LS2019-087-0253,VS2022-087-0253,87,LS2019>VS2022,1:1,0.6
LS2019-087-0254,VS2022-087-0254,87,LS2019>VS2022,1:1,0.6
LS2019-087-0255,VS2022-087-0255,87,LS2019>VS2022,1:1,0.6
LS2019-087-0256,VS2022-087-0256,87,LS2019>VS2022,1:1,0.6
LS2019-087-0257,VS2022-087-0257,87,LS2019>VS2022,1:1,0.6
LS2019-087-0258,VS2022-087-0258,87,LS2019>VS2022,1:1,0.6
LS2019-087-0259,VS2022-087-0259,87,LS2019>VS2022,1:1,0.6
LS2019-087-0260,VS2022-087-0260,87,LS2019>VS2022,1:1,0.6
LS2019-087-0261,VS2022-087-0261,87,LS2019>VS2022,1:1,0.6
LS2019-087-0262,VS2022-087-0262,87,LS2019>VS2022,1:1,0.6
LS2019-087-0263,VS2022-087-0263,87,LS2019>VS2022,1:1,0.6
LS2019-087-0264,VS2022-087-0264,87,LS2019>VS2022,1:1,0.6
LS2019-087-0265,VS2022-087-0265,87,LS2019>VS2022,1:1,0.6
LS2019-087-0266,VS2022-087-0266,87,LS2019>VS2022,1:1,0.6
LS2019-087-0267,VS2022-087-0267,87,LS2019>VS2022,1:1,0.6
LS2019-087-0268,VS2022-087-0268,87,LS2019>VS2022,1:1,0.6
LS2019-087-0269,VS2022-087-0269,87,LS2019>VS2022,1:1,0.6
LS2019-087-0270,VS2022-087-0270,87,LS2019>VS2022,1:1,0.6
LS2019-087-0271,VS2022-087-0271,87,LS2019>VS2022,1:1,0.6
LS2019-087-0272,VS2022-087-0272,87,LS2019>VS2022,1:1,0.6
LS2019-087-0273,VS2022-087-0273,87,LS2019>VS2022,1:1,0.6
LS2019-087-0274,VS2022-087-0274,87,LS2019>VS2022,1:1,0.6
LS2019-087-0275,VS2022-087-0275,87,LS2019>VS2022,1:1,0.6
LS2019-087-0276,VS2022-087-0276,87,LS2019>VS2022,1:1,0.6
LS2019-087-0277,VS2022-087-0277,87,LS2019>VS2022,1:1,0.6
LS2019-087-0278,VS2022-087-0278,87,LS2019>VS2022,1:1,0.6
LS2019-087-0279,VS2022-087-0279,87,LS2019>VS2022,1:1,0.6
LS2019-087-0280,VS2022-087-0280,87,LS2019>VS2022,1:1,0.6
LS2019-087-0281,VS2022-087-0281,87,LS2019>VS2022,1:1,0.6
LS2019-087-0282,VS2022-087-0282,87,LS2019>VS2022,1:1,0.6
LS2019-087-0283,VS2022-087-0283,87,LS2019>VS2022,1:1,0.6
LS2019-087-0284,VS2022-087-0284,87,LS2019>VS2022,1:1,0.6
LS2019-087-0285,VS2022-087-0285,87,LS2019>VS2022,1:1,0.6
LS2019-087-0286,VS2022-087-0286,87,LS2019>VS2022,1:1,0.6
LS2019-087-0287,VS2022-087-0287,87,LS2019>VS2022,1:1,0.6
LS2019-087-0288,VS2022-087-0288,87,LS2019>VS2022,1:1,0.6
LS2019-087-0289,VS2022-087-0289,87,LS2019>VS2022,1:1,0.6
LS2019-087-0290,VS2022-087-0290,87,LS2019>VS2022,1:1,0.6
LS2019-087-0291,VS2022-087-0291,87,LS2019>VS2022,1:1,0.6
LS2019-087-0292,VS2022-087-0292,87,LS2019>VS2022,1:1,0.6
LS2019-087-0293,VS2022-087-0293,87,LS2019>VS2022,1:1,0.6
LS2019-087-0294,VS2022-087-0294,87,LS2019>VS2022,1:1,0.6
LS2019-087-0295,VS2022-087-0295,87,LS2019>VS2022,1:1,0.6
LS2019-087-0296,VS2022-087-0296,87,LS2019>VS2022,1:1,0.6
LS2019-087-0297,VS2022-087-0297,87,LS2019>VS2022,1:1,0.6
LS2019-087-0298,VS2022-087-0298,87,LS2019>VS2022,1:1,0.6
LS2019-087-0299,VS2022-087-0299,87,LS2019>VS2022,1:1,0.6
LS2019-087-0300,VS2022-087-0300,87,LS2019>VS2022,1:1,0.6
LS2019-087-0301,VS2022-087-0301,87,LS2019>VS2022,1:1,0.6
LS2019-087-0302,VS2022-087-0302,87,LS2019>VS2022,1:1,0.6
LS2019-087-0303,VS2022-087-0303,87,LS2019>VS2022,1:1,0.6
LS2019-087-0304,VS2022-087-0304,87,LS2019>VS2022,1:1,0.6
LS2019-087-0305,VS2022-087-0305,87,LS2019>VS2022,1:1,0.6
LS2019-087-0306,VS2022-087-0306,87,LS2019>VS2022,1:1,0.6
LS2019-087-0307,VS2022-087-0307,87,LS2019>VS2022,1:1,0.6
LS2019-087-0308,VS2022-087-0308,87,LS2019>VS2022,1:1,0.6
LS2019-087-0309,VS2022-087-0309,87,LS2019>VS2022,1:1,0.6
LS2019-087-0310,VS2022-087-0310,87,LS2019>VS2022,1:1,0.6
LS2019-087-0311,VS2022-087-0311,87,LS2019>VS2022,1:1,0.6
LS2019-087-0312,VS2022-087-0312,87,LS2019>VS2022,1:1,0.6
LS2019-087-0313,VS2022-087-0313,87,LS2019>VS2022,1:1,0.6
LS2019-087-0314,VS2022-087-0314,87,LS2019>VS2022,1:1,0.6
LS2019-087-0315,VS2022-087-0315,87,LS2019>VS2022,1:1,0.6
LS2019-087-0316,VS2022-087-0316,87,LS2019>VS2022,1:1,0.6
LS2019-087-0317,VS2022-087-0317,87,LS2019>VS2022,1:1,0.6
LS2019-087-0318,VS2022-087-0318,87,LS2019>VS2022,1:1,0.6
LS2019-087-0319,VS2022-087-0319,87,LS2019>VS2022,1:1,0.6
LS2019-087-0320,VS2022-087-0320,87,LS2019>VS2022,1:1,0.6
LS2019-087-0321,VS2022-087-0321,87,LS2019>VS2022,1:1,0.6
LS2019-087-0322,VS2022-087-0322,87,LS2019>VS2022,1:1,0.6
LS2019-087-0323,VS2022-087-0323,87,LS2019>VS2022,1:1,0.6
LS2019-087-0324,VS2022-087-0324,87,LS2019>VS2022,1:1,0.6
LS2019-087-0325,VS2022-087-0325,87,LS2019>VS2022,1:1,0.6
LS2019-087-0326,VS2022-087-0326,87,LS2019>VS2022,1:1,0.6
LS2019-087-0327,VS2022-087-0327,87,LS2019>VS2022,1:1,0.6
LS2019-087-0328,VS2022-087-0328,87,LS2019>VS2022,1:1,0.6
LS2019-087-0329,VS2022-087-0329,87,LS2019>VS2022,1:1,0.6
LS2019-087-0330,VS2022-087-0330,87,LS2019>VS2022,1:1,0.6
LS2019-087-0331,VS2022-087-0331,87,LS2019>VS2022,1:1,0.6
LS2019-087-0332,VS2022-087-0332,87,LS2019>VS2022,1:1,0.6
LS2019-087-0333,VS2022-087-0333,87,LS2019>VS2022,1:1,0.6
LS2019-087-0334,VS2022-087-0334,87,LS2019>VS2022,1:1,0.6
LS2019-087-0335,VS2022-087-0335,87,LS2019>VS2022,1:1,0.6
LS2019-087-0336,VS2022-087-0336,87,LS2019>VS2022,1:1,0.6
LS2019-087-0337,VS2022-087-0337,87,LS2019>VS2022,1:1,0.6
LS2019-087-0338,VS2022-087-0338,87,LS2019>VS2022,1:1,0.6
LS2019-087-0339,VS2022-087-0339,87,LS2019>VS2022,1:1,0.6
LS2019-087-0340,VS2022-087-0340,87,LS2019>VS2022,1:1,0.6
LS2019-087-0341,VS2022-087-0341,87,LS2019>VS2022,1:1,0.6
LS2019-087-0342,VS2022-087-0342,87,LS2019>VS2022,1:1,0.6
LS2019-087-0343,VS2022-087-0343,87,LS2019>VS2022,1:1,0.6
LS2019-087-0344,VS2022-087-0344,87,LS2019>VS2022,1:1,0.6
LS2019-087-0345,VS2022-087-0345,87,LS2019>VS2022,1:1,0.6
LS2019-087-0346,VS2022-087-0346,87,LS2019>VS2022,1:1,0.6
LS2019-087-0347,VS2022-087-0347,87,LS2019>VS2022,1:1,0.6
LS2019-087-0348,VS2022-087-0348,87,LS2019>VS2022,1:1,0.6
LS2019-087-0349,VS2022-087-0349,87,LS2019>VS2022,1:1,0.6
LS2019-087-0350,VS2022-087-0350,87,LS2019>VS2022,1:1,0.6
LS2019-087-0351,VS2022-087-0351,87,LS2019>VS2022,1:1,0.6
LS2019-087-0352,VS2022-087-0352,87,LS2019>VS2022,1:1,0.6
LS2019-087-0353,VS2022-087-0353,87,LS2019>VS2022,1:1,0.6
LS2019-087-0354,VS2022-087-0354,87,LS2019>VS2022,1:1,0.6
LS2019-087-0355,VS2022-087-0355,87,LS2019>VS2022,1:1,0.6
LS2019-087-0356,VS2022-087-0356,87,LS2019>VS2022,1:1,0.6
LS2019-087-0357,VS2022-087-0357,87,LS2019>VS2022,1:1,0.6
LS2019-087-0358,VS2022-087-0358,87,LS2019>VS2022,1:1,0.6
LS2019-087-0359,VS2022-087-0359,87,LS2019>VS2022,1:1,0.6
LS2019-087-0360,VS2022-087-0360,87,LS2019>VS2022,1:1,0.6
LS2019-087-0361,VS2022-087-0361,87,LS2019>VS2022,1:1,0.6
LS2019-087-0362,VS2022-087-0362,87,LS2019>VS2022,1:1,0.6
LS2019-087-0363,VS2022-087-0363,87,LS2019>VS2022,1:1,0.6
LS2019-087-0364,VS2022-087-0364,87,LS2019>VS2022,1:1,0.6
LS2019-087-0365,VS2022-087-0365,87,LS2019>VS2022,1:1,0.6
LS2019-087-0366,VS2022-087-0366,87,LS2019>VS2022,1:1,0.6
LS2019-087-0367,VS2022-087-0367,87,LS2019>VS2022,1:1,0.6
LS2019-087-0368,VS2022-087-0368,87,LS2019>VS2022,1:1,0.6
LS2019-087-0369,VS2022-087-0369,87,LS2019>VS2022,1:1,0.6
LS2019-087-0370,VS2022-087-0370,87,LS2019>VS2022,1:1,0.6
LS2019-087-0371,VS2022-087-0371,87,LS2019>VS2022,1:1,0.6
LS2019-087-0372,VS2022-087-0372,87,LS2019>VS2022,1:1,0.6
LS2019-087-0373,VS2022-087-0373,87,LS2019>VS2022,1:1,0.6
LS2019-087-0374,VS2022-087-0374,87,LS2019>VS2022,1:1,0.6
LS2019-087-0375,VS2022-087-0375,87,LS2019>VS2022,1:1,0.6
LS2019-087-0376,VS2022-087-0376,87,LS2019>VS2022,1:1,0.6
LS2019-087-0377,VS2022-087-0377,87,LS2019>VS2022,1:1,0.6
LS2019-087-0378,VS2022-087-0378,87,LS2019>VS2022,1:1,0.6
LS2019-087-0379,VS2022-087-0379,87,LS2019>VS2022,1:1,0.6
LS2019-087-0380,VS2022-087-0380,87,LS2019>VS2022,1:1,0.6
LS2019-087-0381,VS2022-087-0381,87,LS2019>VS2022,1:1,0.6
LS2019-087-0382,VS2022-087-0382,87,LS2019>VS2022,1:1,0.6
LS2019-087-0383,VS2022-087-0383,87,LS2019>VS2022,1:1,0.6
LS2019-087-0384,VS2022-087-0384,87,LS2019>VS2022,1:1,0.6
LS2019-087-0385,VS2022-087-0385,87,LS2019>VS2022,1:1,0.6
LS2019-087-0386,VS2022-087-0386,87,LS2019>VS2022,1:1,0.6
LS2019-087-0387,VS2022-087-0387,87,LS2019>VS2022,1:1,0.6
LS2019-087-0388,VS2022-087-0388,87,LS2019>VS2022,1:1,0.6
LS2019-087-0389,VS2022-087-0389,87,LS2019>VS2022,1:1,0.6
LS2019-087-0390,VS2022-087-0390,87,LS2019>VS2022,1:1,0.6
LS2019-087-0391,VS2022-087-0391,87,LS2019>VS2022,1:1,0.6
LS2019-087-0392,VS2022-087-0392,87,LS2019>VS2022,1:1,0.6
LS2019-087-0393,VS2022-087-0393,87,LS2019>VS2022,1:1,0.6
LS2019-087-0394,VS2022-087-0394,87,LS2019>VS2022,1:1,0.6
LS2019-087-0395,VS2022-087-0395,87,LS2019>VS2022,1:1,0.6
LS2019-087-0396,VS2022-087-0396,87,LS2019>VS2022,1:1,0.6
LS2019-087-0397,VS2022-087-0397,87,LS2019>VS2022,1:1,0.6
LS2019-087-0398,VS2022-087-0398,87,LS2019>VS2022,1:1,0.6
LS2019-087-0399,VS2022-087-0399,87,LS2019>VS2022,1:1,0.6
LS2019-087-0400,VS2022-087-0400,87,LS2019>VS2022,1:1,0.6
LS2019-087-0401,VS2022-087-0401,87,LS2019>VS2022,1:1,0.6
LS2019-087-0402,VS2022-087-0402,87,LS2019>VS2022,1:1,0.6
LS2019-087-0403,VS2022-087-0403,87,LS2019>VS2022,1:1,0.6
LS2019-087-0404,VS2022-087-0404,87,LS2019>VS2022,1:1,0.6
LS2019-087-0405,VS2022-087-0405,87,LS2019>VS2022,1:1,0.6
LS2019-087-0406,VS2022-087-0406,87,LS2019>VS2022,1:1,0.6
LS2019-087-0407,VS2022-087-0407,87,LS2019>VS2022,1:1,0.6
LS2019-087-0408,VS2022-087-0408,87,LS2019>VS2022,1:1,0.6
LS2019-087-0409,VS2022-087-0409,87,LS2019>VS2022,1:1,0.6
LS2019-087-0410,VS2022-087-0410,87,LS2019>VS2022,1:1,0.6
LS2019-087-0411,VS2022-087-0411,87,LS2019>VS2022,1:1,0.6
LS2019-087-0412,VS2022-087-0412,87,LS2019>VS2022,1:1,0.6
LS2019-087-0413,VS2022-087-0413,87,LS2019>VS2022,1:1,0.6
LS2019-087-0414,VS2022-087-0414,87,LS2019>VS2022,1:1,0.6
LS2019-087-0415,VS2022-087-0415,87,LS2019>VS2022,1:1,0.6
LS2019-087-0416,VS2022-087-0416,87,LS2019>VS2022,1:1,0.6
LS2019-087-0417,VS2022-087-0417,87,LS2019>VS2022,1:1,0.6
LS2019-087-0418,VS2022-087-0418,87,LS2019>VS2022,1:1,0.6
LS2019-087-0419,VS2022-087-0419,87,LS2019>VS2022,1:1,0.6
LS2019-087-0420,VS2022-087-0420,87,LS2019>VS2022,1:1,0.6
LS2019-087-0421,VS2022-087-0421,87,LS2019>VS2022,1:1,0.6
LS2019-087-0422,VS2022-087-0422,87,LS2019>VS2022,1:1,0.6
LS2019-087-0423,VS2022-087-0423,87,LS2019>VS2022,1:1,0.6
LS2019-087-0424,VS2022-087-0424,87,LS2019>VS2022,1:1,0.6
LS2019-087-0425,VS2022-087-0425,87,LS2019>VS2022,1:1,0.6
LS2019-087-0426,VS2022-087-0426,87,LS2019>VS2022,1:1,0.6
LS2019-087-0427,VS2022-087-0427,87,LS2019>VS2022,1:1,0.6
LS2019-087-0428,VS2022-087-0428,87,LS2019>VS2022,1:1,0.6
LS2019-087-0429,VS2022-087-0429,87,LS2019>VS2022,1:1,0.6
LS2019-087-0430,VS2022-087-0430,87,LS2019>VS2022,1:1,0.6
LS2019-087-0431,VS2022-087-0431,87,LS2019>VS2022,1:1,0.6
LS2019-087-0432,VS2022-087-0432,87,LS2019>VS2022,1:1,0.6
LS2019-087-0433,VS2022-087-0433,87,LS2019>VS2022,1:1,0.6
LS2019-087-0434,VS2022-087-0434,87,LS2019>VS2022,1:1,0.6
LS2019-087-0435,VS2022-087-0435,87,LS2019>VS2022,1:1,0.6
LS2019-087-0436,VS2022-087-0436,87,LS2019>VS2022,1:1,0.6
LS2019-087-0437,VS2022-087-0437,87,LS2019>VS2022,1:1,0.6
LS2019-087-0438,VS2022-087-0438,87,LS2019>VS2022,1:1,0.6
LS2019-087-0439,VS2022-087-0439,87,LS2019>VS2022,1:1,0.6
LS2019-087-0440,VS2022-087-0440,87,LS2019>VS2022,1:1,0.6
LS2019-087-0441,VS2022-087-0441,87,LS2019>VS2022,1:1,0.6
LS2019-087-0442,VS2022-087-0442,87,LS2019>VS2022,1:1,0.6
LS2019-087-0443,VS2022-087-0443,87,LS2019>VS2022,1:1,0.6
LS2019-087-0444,VS2022-087-0444,87,LS2019>VS2022,1:1,0.6
LS2019-087-0445,VS2022-087-0445,87,LS2019>VS2022,1:1,0.6
LS2019-087-0446,VS2022-087-0446,87,LS2019>VS2022,1:1,0.6
LS2019-087-0447,VS2022-087-0447,87,LS2019>VS2022,1:1,0.6
LS2019-087-0448,VS2022-087-0448,87,LS2019>VS2022,1:1,0.6
LS2019-087-0449,VS2022-087-0449,87,LS2019>VS2022,1:1,0.6
LS2019-087-0450,VS2022-087-0450,87,LS2019>VS2022,1:1,0.6
LS2019-087-0451,VS2022-087-0451,87,LS2019>VS2022,1:1,0.6
LS2019-087-0452,VS2022-087-0452,87,LS2019>VS2022,1:1,0.6
LS2019-087-0453,VS2022-087-0453,87,LS2019>VS2022,1:1,0.6
LS2019-087-0454,VS2022-087-0454,87,LS2019>VS2022,1:1,0.6
LS2019-087-0455,VS2022-087-0455,87,LS2019>VS2022,1:1,0.6
LS2019-087-0456,VS2022-087-0456,87,LS2019>VS2022,1:1,0.6
LS2019-087-0457,VS2022-087-0457,87,LS2019>VS2022,1:1,0.6
LS2019-087-0458,VS2022-087-0458,87,LS2019>VS2022,1:1,0.6
LS2019-087-0459,VS2022-087-0459,87,LS2019>VS2022,1:1,0.6
LS2019-087-0460,VS2022-087-0460,87,LS2019>VS2022,1:1,0.6
LS2019-087-0461,VS2022-087-0461,87,LS2019>VS2022,1:1,0.6
LS2019-087-0462,VS2022-087-0462,87,LS2019>VS2022,1:1,0.6
LS2019-087-0463,VS2022-087-0463,87,LS2019>VS2022,1:1,0.6
LS2019-087-0464,VS2022-087-0464,87,LS2019>VS2022,1:1,0.6
LS2019-087-0465,VS2022-087-0465,87,LS2019>VS2022,1:1,0.6
LS2019-087-0466,VS2022-087-0466,87,LS2019>VS2022,1:1,0.6
LS2019-087-0467,VS2022-087-0467,87,LS2019>VS2022,1:1,0.6
LS2019-087-0468,VS2022-087-0468,87,LS2019>VS2022,1:1,0.6
LS2019-087-0469,VS2022-087-0469,87,LS2019>VS2022,1:1,0.6
LS2019-087-0470,VS2022-087-0470,87,LS2019>VS2022,1:1,0.6
LS2019-087-0471,VS2022-087-0471,87,LS2019>VS2022,1:1,0.6
LS2019-087-0472,VS2022-087-0472,87,LS2019>VS2022,1:1,0.6
LS2019-087-0473,VS2022-087-0473,87,LS2019>VS2022,1:1,0.6
LS2019-087-0474,VS2022-087-0474,87,LS2019>VS2022,1:1,0.6
LS2019-087-0475,VS2022-087-0475,87,LS2019>VS2022,1:1,0.6
LS2019-087-0476,VS2022-087-0476,87,LS2019>VS2022,1:1,0.6
LS2019-087-0477,VS2022-087-0477,87,LS2019>VS2022,1:1,0.6
LS2019-087-0478,VS2022-087-0478,87,LS2019>VS2022,1:1,0.6
LS2019-087-0479,VS2022-087-0479,87,LS2019>VS2022,1:1,0.6
LS2019-087-0480,VS2022-087-0480,87,LS2019>VS2022,1:1,0.6
,VS2022-087-0481,87,LS2019>VS2022,new,0.0
,VS2022-087-0482,87,LS2019>VS2022,new,0.0
,VS2022-087-0483,87,LS2019>VS2022,new,0.0
,VS2022-087-0484,87,LS2019>VS2022,new,0.0
LS2019-088-0001,VS2022-088-0001,88,LS2019>VS2022,1:1,0.6
LS2019-088-0002,VS2022-088-0002,88,LS2019>VS2022,1:1,0.6
LS2019-088-0003,VS2022-088-0003,88,LS2019>VS2022,1:1,0.6
LS2019-088-0004,VS2022-088-0004,88,LS2019>VS2022,1:1,0.6
LS2019-088-0005,VS2022-088-0005,88,LS2019>VS2022,1:1,0.6
LS2019-088-0006,VS2022-088-0006,88,LS2019>VS2022,1:1,0.6
LS2019-088-0007,VS2022-088-0007,88,LS2019>VS2022,1:1,0.6
LS2019-088-0008,VS2022-088-0008,88,LS2019>VS2022,1:1,0.6
LS2019-088-0009,VS2022-088-0009,88,LS2019>VS2022,1:1,0.6
LS2019-088-0010,VS2022-088-0010,88,LS2019>VS2022,1:1,0.6
LS2019-088-0011,VS2022-088-0011,88,LS2019>VS2022,1:1,0.6
LS2019-088-0012,VS2022-088-0012,88,LS2019>VS2022,1:1,0.6
LS2019-088-0013,VS2022-088-0013,88,LS2019>VS2022,1:1,0.6
LS2019-088-0014,VS2022-088-0014,88,LS2019>VS2022,1:1,0.6
LS2019-088-0015,VS2022-088-0015,88,LS2019>VS2022,1:1,0.6
LS2019-088-0016,VS2022-088-0016,88,LS2019>VS2022,1:1,0.6
LS2019-088-0017,VS2022-088-0017,88,LS2019>VS2022,1:1,0.6
LS2019-088-0018,VS2022-088-0018,88,LS2019>VS2022,1:1,0.6
LS2019-088-0019,VS2022-088-0019,88,LS2019>VS2022,1:1,0.6
LS2019-088-0020,VS2022-088-0020,88,LS2019>VS2022,1:1,0.6
LS2019-088-0021,VS2022-088-0021,88,LS2019>VS2022,1:1,0.6
LS2019-088-0022,VS2022-088-0022,88,LS2019>VS2022,1:1,0.6
LS2019-088-0023,VS2022-088-0023,88,LS2019>VS2022,1:1,0.6
LS2019-088-0024,VS2022-088-0024,88,LS2019>VS2022,1:1,0.6
LS2019-088-0025,VS2022-088-0025,88,LS2019>VS2022,1:1,0.6
LS2019-088-0026,VS2022-088-0026,88,LS2019>VS2022,1:1,0.6
LS2019-088-0027,VS2022-088-0027,88,LS2019>VS2022,1:1,0.6
LS2019-088-0028,VS2022-088-0028,88,LS2019>VS2022,1:1,0.6
LS2019-088-0029,VS2022-088-0029,88,LS2019>VS2022,1:1,0.6
LS2019-088-0030,VS2022-088-0030,88,LS2019>VS2022,1:1,0.6
LS2019-088-0031,VS2022-088-0031,88,LS2019>VS2022,1:1,0.6
LS2019-088-0032,VS2022-088-0032,88,LS2019>VS2022,1:1,0.6
LS2019-088-0033,VS2022-088-0033,88,LS2019>VS2022,1:1,0.6
LS2019-088-0034,VS2022-088-0034,88,LS2019>VS2022,1:1,0.6
LS2019-088-0035,VS2022-088-0035,88,LS2019>VS2022,1:1,0.6
LS2019-088-0036,VS2022-088-0036,88,LS2019>VS2022,1:1,0.6
LS2019-088-0037,VS2022-088-0037,88,LS2019>VS2022,1:1,0.6
LS2019-088-0038,VS2022-088-0038,88,LS2019>VS2022,1:1,0.6
LS2019-088-0039,VS2022-088-0039,88,LS2019>VS2022,1:1,0.6
LS2019-088-0040,VS2022-088-0040,88,LS2019>VS2022,1:1,0.6
LS2019-088-0041,VS2022-088-0041,88,LS2019>VS2022,1:1,0.6
LS2019-088-0042,VS2022-088-0042,88,LS2019>VS2022,1:1,0.6
LS2019-088-0043,VS2022-088-0043,88,LS2019>VS2022,1:1,0.6
LS2019-088-0044,VS2022-088-0044,88,LS2019>VS2022,1:1,0.6
LS2019-088-0045,VS2022-088-0045,88,LS2019>VS2022,1:1,0.6
LS2019-088-0046,VS2022-088-0046,88,LS2019>VS2022,1:1,0.6
LS2019-088-0047,VS2022-088-0047,88,LS2019>VS2022,1:1,0.6
LS2019-088-0048,VS2022-088-0048,88,LS2019>VS2022,1:1,0.6
LS2019-088-0049,VS2022-088-0049,88,LS2019>VS2022,1:1,0.6
LS2019-088-0050,VS2022-088-0050,88,LS2019>VS2022,1:1,0.6
LS2019-088-0051,VS2022-088-0051,88,LS2019>VS2022,1:1,0.6
LS2019-088-0052,VS2022-088-0052,88,LS2019>VS2022,1:1,0.6
LS2019-088-0053,VS2022-088-0053,88,LS2019>VS2022,1:1,0.6
LS2019-088-0054,VS2022-088-0054,88,LS2019>VS2022,1:1,0.6
LS2019-088-0055,VS2022-088-0055,88,LS2019>VS2022,1:1,0.6
LS2019-088-0056,VS2022-088-0056,88,LS2019>VS2022,1:1,0.6
LS2019-088-0057,VS2022-088-0057,88,LS2019>VS2022,1:1,0.6
LS2019-088-0058,VS2022-088-0058,88,LS2019>VS2022,1:1,0.6
LS2019-088-0059,VS2022-088-0059,88,LS2019>VS2022,1:1,0.85
LS2019-088-0060,VS2022-088-0060,88,LS2019>VS2022,1:1,0.6
LS2019-088-0061,VS2022-088-0061,88,LS2019>VS2022,1:1,0.6
LS2019-088-0062,VS2022-088-0062,88,LS2019>VS2022,1:1,0.6
LS2019-088-0063,VS2022-088-0063,88,LS2019>VS2022,1:1,0.6
LS2019-088-0064,VS2022-088-0064,88,LS2019>VS2022,1:1,0.6
LS2019-088-0065,VS2022-088-0065,88,LS2019>VS2022,1:1,0.6
LS2019-088-0066,VS2022-088-0066,88,LS2019>VS2022,1:1,0.6
LS2019-088-0067,VS2022-088-0067,88,LS2019>VS2022,1:1,0.6
LS2019-088-0068,VS2022-088-0068,88,LS2019>VS2022,1:1,0.6
LS2019-088-0069,VS2022-088-0069,88,LS2019>VS2022,1:1,0.6
LS2019-088-0070,VS2022-088-0070,88,LS2019>VS2022,1:1,0.6
LS2019-088-0071,VS2022-088-0071,88,LS2019>VS2022,1:1,0.6
LS2019-088-0072,VS2022-088-0072,88,LS2019>VS2022,1:1,0.6
LS2019-088-0073,VS2022-088-0073,88,LS2019>VS2022,1:1,0.6
LS2019-088-0074,VS2022-088-0074,88,LS2019>VS2022,1:1,0.6
LS2019-088-0075,VS2022-088-0075,88,LS2019>VS2022,1:1,0.6
LS2019-088-0076,VS2022-088-0076,88,LS2019>VS2022,1:1,0.6
LS2019-088-0077,VS2022-088-0077,88,LS2019>VS2022,1:1,0.6
LS2019-088-0078,VS2022-088-0078,88,LS2019>VS2022,1:1,0.6
LS2019-088-0079,VS2022-088-0079,88,LS2019>VS2022,1:1,0.6
LS2019-088-0080,VS2022-088-0080,88,LS2019>VS2022,1:1,0.6
LS2019-088-0081,VS2022-088-0081,88,LS2019>VS2022,1:1,0.6
LS2019-088-0082,VS2022-088-0082,88,LS2019>VS2022,1:1,0.6
LS2019-088-0083,VS2022-088-0083,88,LS2019>VS2022,1:1,0.6
LS2019-088-0084,VS2022-088-0084,88,LS2019>VS2022,1:1,0.6
LS2019-088-0085,VS2022-088-0085,88,LS2019>VS2022,1:1,0.6
LS2019-088-0086,VS2022-088-0086,88,LS2019>VS2022,1:1,0.6
LS2019-088-0087,VS2022-088-0087,88,LS2019>VS2022,1:1,0.6
LS2019-088-0088,VS2022-088-0088,88,LS2019>VS2022,1:1,0.6
LS2019-088-0089,VS2022-088-0089,88,LS2019>VS2022,1:1,0.6
LS2019-088-0090,VS2022-088-0090,88,LS2019>VS2022,1:1,0.6
LS2019-088-0091,VS2022-088-0091,88,LS2019>VS2022,1:1,0.6
LS2019-088-0092,VS2022-088-0092,88,LS2019>VS2022,1:1,0.6
LS2019-088-0093,VS2022-088-0093,88,LS2019>VS2022,1:1,0.6
LS2019-088-0094,VS2022-088-0094,88,LS2019>VS2022,1:1,0.6
LS2019-088-0095,VS2022-088-0095,88,LS2019>VS2022,1:1,0.6
LS2019-088-0096,VS2022-088-0096,88,LS2019>VS2022,1:1,0.6
LS2019-088-0097,VS2022-088-0097,88,LS2019>VS2022,1:1,0.6
LS2019-088-0098,VS2022-088-0098,88,LS2019>VS2022,1:1,0.6
LS2019-088-0099,VS2022-088-0099,88,LS2019>VS2022,1:1,0.6
LS2019-088-0100,VS2022-088-0100,88,LS2019>VS2022,1:1,0.6
LS2019-088-0101,VS2022-088-0101,88,LS2019>VS2022,1:1,0.6
LS2019-088-0102,VS2022-088-0102,88,LS2019>VS2022,1:1,0.6
LS2019-088-0103,VS2022-088-0103,88,LS2019>VS2022,1:1,0.6
LS2019-088-0104,VS2022-088-0104,88,LS2019>VS2022,1:1,0.6
LS2019-088-0105,VS2022-088-0105,88,LS2019>VS2022,1:1,0.6
LS2019-088-0106,VS2022-088-0106,88,LS2019>VS2022,1:1,0.6
LS2019-088-0107,VS2022-088-0107,88,LS2019>VS2022,1:1,0.6
LS2019-088-0108,VS2022-088-0108,88,LS2019>VS2022,1:1,0.6
LS2019-088-0109,VS2022-088-0109,88,LS2019>VS2022,1:1,0.6
LS2019-088-0110,VS2022-088-0110,88,LS2019>VS2022,1:1,0.6
LS2019-088-0111,VS2022-088-0111,88,LS2019>VS2022,1:1,0.6
LS2019-088-0112,VS2022-088-0112,88,LS2019>VS2022,1:1,0.6
LS2019-088-0113,VS2022-088-0113,88,LS2019>VS2022,1:1,0.6
LS2019-088-0114,VS2022-088-0114,88,LS2019>VS2022,1:1,0.6
LS2019-088-0115,VS2022-088-0115,88,LS2019>VS2022,1:1,0.6
LS2019-088-0116,VS2022-088-0116,88,LS2019>VS2022,1:1,0.6
LS2019-088-0117,VS2022-088-0117,88,LS2019>VS2022,1:1,0.6
LS2019-088-0118,VS2022-088-0118,88,LS2019>VS2022,1:1,0.6
LS2019-088-0119,VS2022-088-0119,88,LS2019>VS2022,1:1,0.6
LS2019-088-0120,VS2022-088-0120,88,LS2019>VS2022,1:1,0.6
LS2019-088-0121,VS2022-088-0121,88,LS2019>VS2022,1:1,0.6
LS2019-088-0122,VS2022-088-0122,88,LS2019>VS2022,1:1,0.6
LS2019-088-0123,VS2022-088-0123,88,LS2019>VS2022,1:1,0.6
LS2019-088-0124,VS2022-088-0124,88,LS2019>VS2022,1:1,0.6
LS2019-088-0125,VS2022-088-0125,88,LS2019>VS2022,1:1,0.6
LS2019-088-0126,VS2022-088-0126,88,LS2019>VS2022,1:1,0.6
LS2019-088-0127,VS2022-088-0127,88,LS2019>VS2022,1:1,0.6
LS2019-088-0128,VS2022-088-0128,88,LS2019>VS2022,1:1,0.6
LS2019-088-0129,VS2022-088-0129,88,LS2019>VS2022,1:1,0.6
LS2019-088-0130,VS2022-088-0130,88,LS2019>VS2022,1:1,0.6
LS2019-088-0131,VS2022-088-0131,88,LS2019>VS2022,1:1,0.6
LS2019-088-0132,VS2022-088-0132,88,LS2019>VS2022,1:1,0.6
LS2019-088-0133,VS2022-088-0133,88,LS2019>VS2022,1:1,0.6
LS2019-088-0134,VS2022-088-0134,88,LS2019>VS2022,1:1,0.6
LS2019-088-0135,VS2022-088-0135,88,LS2019>VS2022,1:1,0.6
LS2019-088-0136,VS2022-088-0136,88,LS2019>VS2022,1:1,0.6
LS2019-088-0137,VS2022-088-0137,88,LS2019>VS2022,1:1,0.6
LS2019-088-0138,VS2022-088-0138,88,LS2019>VS2022,1:1,0.6
LS2019-088-0139,VS2022-088-0139,88,LS2019>VS2022,1:1,0.6
LS2019-088-0140,VS2022-088-0140,88,LS2019>VS2022,1:1,0.6
LS2019-088-0141,VS2022-088-0141,88,LS2019>VS2022,1:1,0.6
LS2019-088-0142,VS2022-088-0142,88,LS2019>VS2022,1:1,0.6
LS2019-088-0143,VS2022-088-0143,88,LS2019>VS2022,1:1,0.6
LS2019-088-0144,VS2022-088-0144,88,LS2019>VS2022,1:1,0.6
LS2019-088-0145,VS2022-088-0145,88,LS2019>VS2022,1:1,0.6
LS2019-088-0146,VS2022-088-0146,88,LS2019>VS2022,1:1,0.6
LS2019-088-0147,VS2022-088-0147,88,LS2019>VS2022,1:1,0.6
LS2019-088-0148,VS2022-088-0148,88,LS2019>VS2022,1:1,0.6
LS2019-088-0149,VS2022-088-0149,88,LS2019>VS2022,1:1,0.6
LS2019-088-0150,VS2022-088-0150,88,LS2019>VS2022,1:1,0.6
LS2019-088-0151,VS2022-088-0151,88,LS2019>VS2022,1:1,0.6
LS2019-088-0152,VS2022-088-0152,88,LS2019>VS2022,1:1,0.6
LS2019-088-0153,VS2022-088-0153,88,LS2019>VS2022,1:1,0.6
LS2019-088-0154,VS2022-088-0154,88,LS2019>VS2022,1:1,0.6
LS2019-088-0155,VS2022-088-0155,88,LS2019>VS2022,1:1,0.6
LS2019-088-0156,VS2022-088-0156,88,LS2019>VS2022,1:1,0.6
LS2019-088-0157,VS2022-088-0157,88,LS2019>VS2022,1:1,0.6
LS2019-088-0158,VS2022-088-0158,88,LS2019>VS2022,1:1,0.6
LS2019-088-0159,VS2022-088-0159,88,LS2019>VS2022,1:1,0.6
LS2019-088-0160,VS2022-088-0160,88,LS2019>VS2022,1:1,0.6
LS2019-088-0161,VS2022-088-0161,88,LS2019>VS2022,1:1,0.6
LS2019-088-0162,VS2022-088-0162,88,LS2019>VS2022,1:1,0.6
LS2019-088-0163,VS2022-088-0163,88,LS2019>VS2022,1:1,0.6
LS2019-088-0164,VS2022-088-0164,88,LS2019>VS2022,1:1,0.6
LS2019-088-0165,VS2022-088-0165,88,LS2019>VS2022,1:1,0.6
LS2019-088-0166,VS2022-088-0166,88,LS2019>VS2022,1:1,0.6
LS2019-088-0167,VS2022-088-0167,88,LS2019>VS2022,1:1,0.6
LS2019-088-0168,VS2022-088-0168,88,LS2019>VS2022,1:1,0.6
LS2019-088-0169,VS2022-088-0169,88,LS2019>VS2022,1:1,0.6
LS2019-088-0170,VS2022-088-0170,88,LS2019>VS2022,1:1,0.6
LS2019-088-0171,VS2022-088-0171,88,LS2019>VS2022,1:1,0.6
LS2019-088-0172,VS2022-088-0172,88,LS2019>VS2022,1:1,0.6
LS2019-088-0173,VS2022-088-0173,88,LS2019>VS2022,1:1,0.6
LS2019-088-0174,VS2022-088-0174,88,LS2019>VS2022,1:1,0.6
LS2019-088-0175,VS2022-088-0175,88,LS2019>VS2022,1:1,0.6
LS2019-088-0176,VS2022-088-0176,88,LS2019>VS2022,1:1,0.6
LS2019-088-0177,VS2022-088-0177,88,LS2019>VS2022,1:1,0.6
LS2019-088-0178,VS2022-088-0178,88,LS2019>VS2022,1:1,0.6
LS2019-088-0179,VS2022-088-0179,88,LS2019>VS2022,1:1,0.6
LS2019-088-0180,VS2022-088-0180,88,LS2019>VS2022,1:1,0.6
LS2019-088-0181,VS2022-088-0181,88,LS2019>VS2022,1:1,0.6
LS2019-088-0182,VS2022-088-0182,88,LS2019>VS2022,1:1,0.6
LS2019-088-0183,VS2022-088-0183,88,LS2019>VS2022,1:1,0.6
LS2019-088-0184,VS2022-088-0184,88,LS2019>VS2022,1:1,0.6
LS2019-088-0185,VS2022-088-0185,88,LS2019>VS2022,1:1,0.6
LS2019-088-0186,VS2022-088-0186,88,LS2019>VS2022,1:1,0.6
LS2019-088-0187,VS2022-088-0187,88,LS2019>VS2022,1:1,0.6
LS2019-088-0188,VS2022-088-0188,88,LS2019>VS2022,1:1,0.6
LS2019-088-0189,VS2022-088-0189,88,LS2019>VS2022,1:1,0.6
LS2019-088-0190,VS2022-088-0190,88,LS2019>VS2022,1:1,0.6
LS2019-088-0191,VS2022-088-0191,88,LS2019>VS2022,1:1,0.6
LS2019-088-0192,VS2022-088-0192,88,LS2019>VS2022,1:1,0.6
LS2019-088-0193,VS2022-088-0193,88,LS2019>VS2022,1:1,0.6
LS2019-088-0194,VS2022-088-0194,88,LS2019>VS2022,1:1,0.6
LS2019-088-0195,VS2022-088-0195,88,LS2019>VS2022,1:1,0.6
LS2019-088-0196,VS2022-088-0196,88,LS2019>VS2022,1:1,0.6
LS2019-088-0197,VS2022-088-0197,88,LS2019>VS2022,1:1,0.6
LS2019-088-0198,VS2022-088-0198,88,LS2019>VS2022,1:1,0.6
LS2019-088-0199,VS2022-088-0199,88,LS2019>VS2022,1:1,0.6
LS2019-088-0200,VS2022-088-0200,88,LS2019>VS2022,1:1,0.6
LS2019-088-0201,VS2022-088-0201,88,LS2019>VS2022,1:1,0.6
LS2019-088-0202,VS2022-088-0202,88,LS2019>VS2022,1:1,0.6
LS2019-088-0203,VS2022-088-0203,88,LS2019>VS2022,1:1,0.6
LS2019-088-0204,VS2022-088-0204,88,LS2019>VS2022,1:1,0.6
LS2019-088-0205,VS2022-088-0205,88,LS2019>VS2022,1:1,0.6
LS2019-088-0206,VS2022-088-0206,88,LS2019>VS2022,1:1,0.6
LS2019-088-0207,VS2022-088-0207,88,LS2019>VS2022,1:1,0.6
LS2019-088-0208,VS2022-088-0208,88,LS2019>VS2022,1:1,0.6
LS2019-088-0209,VS2022-088-0209,88,LS2019>VS2022,1:1,0.6
LS2019-088-0210,VS2022-088-0210,88,LS2019>VS2022,1:1,0.6
LS2019-088-0211,VS2022-088-0211,88,LS2019>VS2022,1:1,0.6
LS2019-088-0212,VS2022-088-0212,88,LS2019>VS2022,1:1,0.6
LS2019-088-0213,VS2022-088-0213,88,LS2019>VS2022,1:1,0.6
LS2019-088-0214,VS2022-088-0214,88,LS2019>VS2022,1:1,0.6
LS2019-088-0215,VS2022-088-0215,88,LS2019>VS2022,1:1,0.6
LS2019-088-0216,VS2022-088-0216,88,LS2019>VS2022,1:1,0.6
LS2019-088-0217,VS2022-088-0217,88,LS2019>VS2022,1:1,0.6
LS2019-088-0218,VS2022-088-0218,88,LS2019>VS2022,1:1,0.6
LS2019-088-0219,VS2022-088-0219,88,LS2019>VS2022,1:1,0.6
LS2019-088-0220,VS2022-088-0220,88,LS2019>VS2022,1:1,0.6
LS2019-088-0221,VS2022-088-0221,88,LS2019>VS2022,1:1,0.6
LS2019-088-0222,VS2022-088-0222,88,LS2019>VS2022,1:1,0.6
LS2019-088-0223,VS2022-088-0223,88,LS2019>VS2022,1:1,0.6
LS2019-088-0224,VS2022-088-0224,88,LS2019>VS2022,1:1,0.6
LS2019-088-0225,VS2022-088-0225,88,LS2019>VS2022,1:1,0.6
LS2019-088-0226,VS2022-088-0226,88,LS2019>VS2022,1:1,0.6
LS2019-088-0227,VS2022-088-0227,88,LS2019>VS2022,1:1,0.6
LS2019-088-0228,VS2022-088-0228,88,LS2019>VS2022,1:1,0.6
LS2019-088-0229,VS2022-088-0229,88,LS2019>VS2022,1:1,0.6
LS2019-088-0230,VS2022-088-0230,88,LS2019>VS2022,1:1,0.6
LS2019-088-0231,VS2022-088-0231,88,LS2019>VS2022,1:1,0.6
LS2019-088-0232,VS2022-088-0232,88,LS2019>VS2022,1:1,0.6
LS2019-088-0233,VS2022-088-0233,88,LS2019>VS2022,1:1,0.6
LS2019-088-0234,VS2022-088-0234,88,LS2019>VS2022,1:1,0.6
LS2019-088-0235,VS2022-088-0235,88,LS2019>VS2022,1:1,0.6
LS2019-088-0236,VS2022-088-0236,88,LS2019>VS2022,1:1,0.6
LS2019-088-0237,VS2022-088-0237,88,LS2019>VS2022,1:1,0.6
LS2019-088-0238,VS2022-088-0238,88,LS2019>VS2022,1:1,0.6
LS2019-088-0239,VS2022-088-0239,88,LS2019>VS2022,1:1,0.6
LS2019-088-0240,VS2022-088-0240,88,LS2019>VS2022,1:1,0.6
LS2019-088-0241,VS2022-088-0241,88,LS2019>VS2022,1:1,0.6
LS2019-088-0242,VS2022-088-0242,88,LS2019>VS2022,1:1,0.6
LS2019-088-0243,VS2022-088-0243,88,LS2019>VS2022,1:1,0.6
LS2019-088-0244,VS2022-088-0244,88,LS2019>VS2022,1:1,0.6
LS2019-088-0245,VS2022-088-0245,88,LS2019>VS2022,1:1,0.6
LS2019-088-0246,VS2022-088-0246,88,LS2019>VS2022,1:1,0.6
LS2019-088-0247,VS2022-088-0247,88,LS2019>VS2022,1:1,0.6
LS2019-088-0248,VS2022-088-0248,88,LS2019>VS2022,1:1,0.6
LS2019-088-0249,VS2022-088-0249,88,LS2019>VS2022,1:1,0.6
LS2019-088-0250,VS2022-088-0250,88,LS2019>VS2022,1:1,0.6
LS2019-088-0251,VS2022-088-0251,88,LS2019>VS2022,1:1,0.6
LS2019-088-0252,VS2022-088-0252,88,LS2019>VS2022,1:1,0.6
LS2019-088-0253,VS2022-088-0253,88,LS2019>VS2022,1:1,0.6
LS2019-088-0254,VS2022-088-0254,88,LS2019>VS2022,1:1,0.6
LS2019-088-0255,VS2022-088-0255,88,LS2019>VS2022,1:1,0.6
LS2019-088-0256,VS2022-088-0256,88,LS2019>VS2022,1:1,0.6
LS2019-088-0257,VS2022-088-0257,88,LS2019>VS2022,1:1,0.6
LS2019-088-0258,VS2022-088-0258,88,LS2019>VS2022,1:1,0.6
LS2019-088-0259,VS2022-088-0259,88,LS2019>VS2022,1:1,0.6
LS2019-088-0260,VS2022-088-0260,88,LS2019>VS2022,1:1,0.6
LS2019-088-0261,VS2022-088-0261,88,LS2019>VS2022,1:1,0.6
LS2019-088-0262,VS2022-088-0262,88,LS2019>VS2022,1:1,0.6
LS2019-088-0263,VS2022-088-0263,88,LS2019>VS2022,1:1,0.6
LS2019-088-0264,VS2022-088-0264,88,LS2019>VS2022,1:1,0.6
LS2019-088-0265,VS2022-088-0265,88,LS2019>VS2022,1:1,0.6
LS2019-088-0266,VS2022-088-0266,88,LS2019>VS2022,1:1,0.6
LS2019-088-0267,VS2022-088-0267,88,LS2019>VS2022,1:1,0.6
LS2019-088-0268,VS2022-088-0268,88,LS2019>VS2022,1:1,0.6
LS2019-088-0269,VS2022-088-0269,88,LS2019>VS2022,1:1,0.6
LS2019-088-0270,VS2022-088-0270,88,LS2019>VS2022,1:1,0.6
LS2019-088-0271,VS2022-088-0271,88,LS2019>VS2022,1:1,0.6
LS2019-088-0272,VS2022-088-0272,88,LS2019>VS2022,1:1,0.6
LS2019-088-0273,VS2022-088-0273,88,LS2019>VS2022,1:1,0.6
LS2019-088-0274,VS2022-088-0274,88,LS2019>VS2022,1:1,0.6
LS2019-088-0275,VS2022-088-0275,88,LS2019>VS2022,1:1,0.6
LS2019-088-0276,VS2022-088-0276,88,LS2019>VS2022,1:1,0.6
LS2019-088-0277,VS2022-088-0277,88,LS2019>VS2022,1:1,0.6
LS2019-088-0278,VS2022-088-0278,88,LS2019>VS2022,1:1,0.6
LS2019-088-0279,VS2022-088-0279,88,LS2019>VS2022,1:1,0.6
LS2019-088-0280,VS2022-088-0280,88,LS2019>VS2022,1:1,0.6
LS2019-088-0281,VS2022-088-0281,88,LS2019>VS2022,1:1,0.6
LS2019-088-0282,VS2022-088-0282,88,LS2019>VS2022,1:1,0.6
LS2019-088-0283,VS2022-088-0283,88,LS2019>VS2022,1:1,0.6
LS2019-088-0284,VS2022-088-0284,88,LS2019>VS2022,1:1,0.6
LS2019-088-0285,VS2022-088-0285,88,LS2019>VS2022,1:1,0.6
LS2019-088-0286,VS2022-088-0286,88,LS2019>VS2022,1:1,0.6
LS2019-088-0287,VS2022-088-0287,88,LS2019>VS2022,1:1,0.6
LS2019-088-0288,VS2022-088-0288,88,LS2019>VS2022,1:1,0.6
LS2019-088-0289,VS2022-088-0289,88,LS2019>VS2022,1:1,0.6
LS2019-088-0290,VS2022-088-0290,88,LS2019>VS2022,1:1,0.6
LS2019-088-0291,VS2022-088-0291,88,LS2019>VS2022,1:1,0.6
LS2019-088-0292,VS2022-088-0292,88,LS2019>VS2022,1:1,0.6
LS2019-088-0293,VS2022-088-0293,88,LS2019>VS2022,1:1,0.6
LS2019-088-0294,VS2022-088-0294,88,LS2019>VS2022,1:1,0.6
LS2019-088-0295,VS2022-088-0295,88,LS2019>VS2022,1:1,0.6
LS2019-088-0296,VS2022-088-0296,88,LS2019>VS2022,1:1,0.6
LS2019-088-0297,VS2022-088-0297,88,LS2019>VS2022,1:1,0.6
LS2019-088-0298,VS2022-088-0298,88,LS2019>VS2022,1:1,0.6
LS2019-088-0299,VS2022-088-0299,88,LS2019>VS2022,1:1,0.6
LS2019-088-0300,VS2022-088-0300,88,LS2019>VS2022,1:1,0.6
LS2019-088-0301,VS2022-088-0301,88,LS2019>VS2022,1:1,0.6
LS2019-088-0302,VS2022-088-0302,88,LS2019>VS2022,1:1,0.6
LS2019-088-0303,VS2022-088-0303,88,LS2019>VS2022,1:1,0.6
LS2019-088-0304,VS2022-088-0304,88,LS2019>VS2022,1:1,0.6
LS2019-088-0305,VS2022-088-0305,88,LS2019>VS2022,1:1,0.6
LS2019-088-0306,VS2022-088-0306,88,LS2019>VS2022,1:1,0.6
LS2019-088-0307,VS2022-088-0307,88,LS2019>VS2022,1:1,0.6
LS2019-088-0308,VS2022-088-0308,88,LS2019>VS2022,1:1,0.6
LS2019-088-0309,VS2022-088-0309,88,LS2019>VS2022,1:1,0.6
LS2019-088-0310,VS2022-088-0310,88,LS2019>VS2022,1:1,0.6
LS2019-088-0311,VS2022-088-0311,88,LS2019>VS2022,1:1,0.6
LS2019-088-0312,VS2022-088-0312,88,LS2019>VS2022,1:1,0.6
LS2019-088-0313,VS2022-088-0313,88,LS2019>VS2022,1:1,0.6
LS2019-088-0314,VS2022-088-0314,88,LS2019>VS2022,1:1,0.6
LS2019-088-0315,VS2022-088-0315,88,LS2019>VS2022,1:1,0.6
LS2019-088-0316,VS2022-088-0316,88,LS2019>VS2022,1:1,0.6
LS2019-088-0317,VS2022-088-0317,88,LS2019>VS2022,1:1,0.6
LS2019-088-0318,VS2022-088-0318,88,LS2019>VS2022,1:1,0.6
LS2019-088-0319,VS2022-088-0319,88,LS2019>VS2022,1:1,0.6
LS2019-088-0320,VS2022-088-0320,88,LS2019>VS2022,1:1,0.6
LS2019-088-0321,VS2022-088-0321,88,LS2019>VS2022,1:1,0.6
LS2019-088-0322,VS2022-088-0322,88,LS2019>VS2022,1:1,0.6
LS2019-088-0323,VS2022-088-0323,88,LS2019>VS2022,1:1,0.6
LS2019-088-0324,VS2022-088-0324,88,LS2019>VS2022,1:1,0.6
LS2019-088-0325,VS2022-088-0325,88,LS2019>VS2022,1:1,0.6
LS2019-088-0326,VS2022-088-0326,88,LS2019>VS2022,1:1,0.6
LS2019-088-0327,VS2022-088-0327,88,LS2019>VS2022,1:1,0.6
LS2019-088-0328,VS2022-088-0328,88,LS2019>VS2022,1:1,0.6
LS2019-088-0329,VS2022-088-0329,88,LS2019>VS2022,1:1,0.6
LS2019-088-0330,VS2022-088-0330,88,LS2019>VS2022,1:1,0.6
LS2019-088-0331,VS2022-088-0331,88,LS2019>VS2022,1:1,0.6
LS2019-088-0332,VS2022-088-0332,88,LS2019>VS2022,1:1,0.6
LS2019-088-0333,VS2022-088-0333,88,LS2019>VS2022,1:1,0.6
LS2019-088-0334,VS2022-088-0334,88,LS2019>VS2022,1:1,0.6
LS2019-088-0335,VS2022-088-0335,88,LS2019>VS2022,1:1,0.6
LS2019-088-0336,VS2022-088-0336,88,LS2019>VS2022,1:1,0.6
LS2019-088-0337,VS2022-088-0337,88,LS2019>VS2022,1:1,0.6
LS2019-088-0338,VS2022-088-0338,88,LS2019>VS2022,1:1,0.6
LS2019-088-0339,VS2022-088-0339,88,LS2019>VS2022,1:1,0.6
LS2019-088-0340,VS2022-088-0340,88,LS2019>VS2022,1:1,0.6
LS2019-088-0341,VS2022-088-0341,88,LS2019>VS2022,1:1,0.6
LS2019-088-0342,VS2022-088-0342,88,LS2019>VS2022,1:1,0.6
LS2019-088-0343,VS2022-088-0343,88,LS2019>VS2022,1:1,0.6
LS2019-088-0344,VS2022-088-0344,88,LS2019>VS2022,1:1,0.6
LS2019-088-0345,VS2022-088-0345,88,LS2019>VS2022,1:1,0.6
LS2019-088-0346,VS2022-088-0346,88,LS2019>VS2022,1:1,0.6
LS2019-088-0347,VS2022-088-0347,88,LS2019>VS2022,1:1,0.6
LS2019-088-0348,VS2022-088-0348,88,LS2019>VS2022,1:1,0.6
LS2019-088-0349,VS2022-088-0349,88,LS2019>VS2022,1:1,0.6
LS2019-088-0350,VS2022-088-0350,88,LS2019>VS2022,1:1,0.6
LS2019-088-0351,VS2022-088-0351,88,LS2019>VS2022,1:1,0.6
LS2019-088-0352,VS2022-088-0352,88,LS2019>VS2022,1:1,0.6
LS2019-088-0353,VS2022-088-0353,88,LS2019>VS2022,1:1,0.6
LS2019-088-0354,VS2022-088-0354,88,LS2019>VS2022,1:1,0.6
LS2019-088-0355,VS2022-088-0355,88,LS2019>VS2022,1:1,0.6
LS2019-088-0356,VS2022-088-0356,88,LS2019>VS2022,1:1,0.6
LS2019-088-0357,VS2022-088-0357,88,LS2019>VS2022,1:1,0.6
LS2019-088-0358,VS2022-088-0358,88,LS2019>VS2022,1:1,0.6
LS2019-088-0359,VS2022-088-0359,88,LS2019>VS2022,1:1,0.6
LS2019-088-0360,VS2022-088-0360,88,LS2019>VS2022,1:1,0.6
LS2019-088-0361,VS2022-088-0361,88,LS2019>VS2022,1:1,0.6
LS2019-088-0362,VS2022-088-0362,88,LS2019>VS2022,1:1,0.6
LS2019-088-0363,VS2022-088-0363,88,LS2019>VS2022,1:1,0.6
LS2019-088-0364,VS2022-088-0364,88,LS2019>VS2022,1:1,0.6
LS2019-088-0365,VS2022-088-0365,88,LS2019>VS2022,1:1,0.6
LS2019-088-0366,VS2022-088-0366,88,LS2019>VS2022,1:1,0.6
LS2019-088-0367,VS2022-088-0367,88,LS2019>VS2022,1:1,0.6
LS2019-088-0368,VS2022-088-0368,88,LS2019>VS2022,1:1,0.6
LS2019-088-0369,VS2022-088-0369,88,LS2019>VS2022,1:1,0.6
LS2019-088-0370,VS2022-088-0370,88,LS2019>VS2022,1:1,0.6
LS2019-088-0371,VS2022-088-0371,88,LS2019>VS2022,1:1,0.6
LS2019-088-0372,VS2022-088-0372,88,LS2019>VS2022,1:1,0.6
LS2019-088-0373,VS2022-088-0373,88,LS2019>VS2022,1:1,0.6
LS2019-088-0374,VS2022-088-0374,88,LS2019>VS2022,1:1,0.6
LS2019-088-0375,VS2022-088-0375,88,LS2019>VS2022,1:1,0.6
LS2019-088-0376,VS2022-088-0376,88,LS2019>VS2022,1:1,0.6
LS2019-088-0377,VS2022-088-0377,88,LS2019>VS2022,1:1,0.6
LS2019-088-0378,VS2022-088-0378,88,LS2019>VS2022,1:1,0.6
LS2019-088-0379,VS2022-088-0379,88,LS2019>VS2022,1:1,0.6
LS2019-088-0380,VS2022-088-0380,88,LS2019>VS2022,1:1,0.6
LS2019-088-0381,VS2022-088-0381,88,LS2019>VS2022,1:1,0.6
LS2019-088-0382,VS2022-088-0382,88,LS2019>VS2022,1:1,0.6
LS2019-088-0383,VS2022-088-0383,88,LS2019>VS2022,1:1,0.6
LS2019-088-0384,VS2022-088-0384,88,LS2019>VS2022,1:1,0.6
LS2019-088-0385,VS2022-088-0385,88,LS2019>VS2022,1:1,0.6
LS2019-088-0386,VS2022-088-0386,88,LS2019>VS2022,1:1,0.6
LS2019-088-0387,VS2022-088-0387,88,LS2019>VS2022,1:1,0.6
LS2019-088-0388,VS2022-088-0388,88,LS2019>VS2022,1:1,0.6
LS2019-088-0389,VS2022-088-0389,88,LS2019>VS2022,1:1,0.6
LS2019-088-0390,VS2022-088-0390,88,LS2019>VS2022,1:1,0.6
LS2019-088-0391,VS2022-088-0391,88,LS2019>VS2022,1:1,0.6
LS2019-088-0392,VS2022-088-0392,88,LS2019>VS2022,1:1,0.6
LS2019-088-0393,VS2022-088-0393,88,LS2019>VS2022,1:1,0.6
LS2019-088-0394,VS2022-088-0394,88,LS2019>VS2022,1:1,0.6
LS2019-088-0395,VS2022-088-0395,88,LS2019>VS2022,1:1,0.6
LS2019-088-0396,VS2022-088-0396,88,LS2019>VS2022,1:1,0.6
LS2019-088-0397,VS2022-088-0397,88,LS2019>VS2022,1:1,0.6
LS2019-088-0398,VS2022-088-0398,88,LS2019>VS2022,1:1,0.6
LS2019-088-0399,VS2022-088-0399,88,LS2019>VS2022,1:1,0.6
LS2019-088-0400,VS2022-088-0400,88,LS2019>VS2022,1:1,0.6
LS2019-088-0401,VS2022-088-0401,88,LS2019>VS2022,1:1,0.6
LS2019-088-0402,VS2022-088-0402,88,LS2019>VS2022,1:1,0.6
LS2019-088-0403,VS2022-088-0403,88,LS2019>VS2022,1:1,0.6
LS2019-088-0404,VS2022-088-0404,88,LS2019>VS2022,1:1,0.6
LS2019-088-0405,VS2022-088-0405,88,LS2019>VS2022,1:1,0.6
LS2019-088-0406,VS2022-088-0406,88,LS2019>VS2022,1:1,0.6
LS2019-088-0407,VS2022-088-0407,88,LS2019>VS2022,1:1,0.6
LS2019-088-0408,VS2022-088-0408,88,LS2019>VS2022,1:1,0.6
LS2019-088-0409,VS2022-088-0409,88,LS2019>VS2022,1:1,0.6
LS2019-088-0410,VS2022-088-0410,88,LS2019>VS2022,1:1,0.6
LS2019-088-0411,VS2022-088-0411,88,LS2019>VS2022,1:1,0.6
LS2019-088-0412,VS2022-088-0412,88,LS2019>VS2022,1:1,0.6
LS2019-088-0413,VS2022-088-0413,88,LS2019>VS2022,1:1,0.6
LS2019-088-0414,VS2022-088-0414,88,LS2019>VS2022,1:1,0.6
LS2019-088-0415,VS2022-088-0415,88,LS2019>VS2022,1:1,0.6
LS2019-088-0416,VS2022-088-0416,88,LS2019>VS2022,1:1,0.6
LS2019-088-0417,VS2022-088-0417,88,LS2019>VS2022,1:1,0.6
LS2019-088-0418,VS2022-088-0418,88,LS2019>VS2022,1:1,0.6
LS2019-088-0419,VS2022-088-0419,88,LS2019>VS2022,1:1,0.6
LS2019-088-0420,VS2022-088-0420,88,LS2019>VS2022,1:1,0.6
LS2019-088-0421,VS2022-088-0421,88,LS2019>VS2022,1:1,0.6
,VS2022-088-0422,88,LS2019>VS2022,new,0.0
LS2019-089-0001,VS2022-089-0001,89,LS2019>VS2022,1:1,0.6
LS2019-089-0002,VS2022-089-0002,89,LS2019>VS2022,1:1,0.6
LS2019-089-0003,VS2022-089-0003,89,LS2019>VS2022,1:1,0.6
LS2019-089-0004,VS2022-089-0004,89,LS2019>VS2022,1:1,0.6
LS2019-089-0005,VS2022-089-0005,89,LS2019>VS2022,1:1,0.6
LS2019-089-0006,VS2022-089-0006,89,LS2019>VS2022,1:1,0.6
LS2019-089-0007,VS2022-089-0007,89,LS2019>VS2022,1:1,0.6
LS2019-089-0008,VS2022-089-0008,89,LS2019>VS2022,1:1,0.6
LS2019-089-0009,VS2022-089-0009,89,LS2019>VS2022,1:1,0.6
LS2019-089-0010,VS2022-089-0010,89,LS2019>VS2022,1:1,0.6
LS2019-089-0011,VS2022-089-0011,89,LS2019>VS2022,1:1,0.6
LS2019-089-0012,VS2022-089-0012,89,LS2019>VS2022,1:1,0.6
LS2019-089-0013,VS2022-089-0013,89,LS2019>VS2022,1:1,0.6
LS2019-089-0014,VS2022-089-0014,89,LS2019>VS2022,1:1,0.6
LS2019-089-0015,VS2022-089-0015,89,LS2019>VS2022,1:1,0.6
LS2019-089-0016,VS2022-089-0016,89,LS2019>VS2022,1:1,0.6
LS2019-089-0017,VS2022-089-0017,89,LS2019>VS2022,1:1,0.6
LS2019-089-0018,VS2022-089-0018,89,LS2019>VS2022,1:1,0.6
LS2019-089-0019,VS2022-089-0019,89,LS2019>VS2022,1:1,0.6
LS2019-089-0020,VS2022-089-0020,89,LS2019>VS2022,1:1,0.6
LS2019-089-0021,VS2022-089-0021,89,LS2019>VS2022,1:1,0.6
LS2019-089-0022,VS2022-089-0022,89,LS2019>VS2022,1:1,0.6
LS2019-089-0023,VS2022-089-0023,89,LS2019>VS2022,1:1,0.6
LS2019-089-0024,VS2022-089-0024,89,LS2019>VS2022,1:1,0.6
LS2019-089-0025,VS2022-089-0025,89,LS2019>VS2022,1:1,0.6
LS2019-089-0026,VS2022-089-0026,89,LS2019>VS2022,1:1,0.6
LS2019-089-0027,VS2022-089-0027,89,LS2019>VS2022,1:1,0.6
LS2019-089-0028,VS2022-089-0028,89,LS2019>VS2022,1:1,0.6
LS2019-089-0029,VS2022-089-0029,89,LS2019>VS2022,1:1,0.6
LS2019-089-0030,VS2022-089-0030,89,LS2019>VS2022,1:1,0.6
LS2019-089-0031,VS2022-089-0031,89,LS2019>VS2022,1:1,0.6
LS2019-089-0032,VS2022-089-0032,89,LS2019>VS2022,1:1,0.6
LS2019-089-0033,VS2022-089-0033,89,LS2019>VS2022,1:1,0.6
LS2019-089-0034,VS2022-089-0034,89,LS2019>VS2022,1:1,0.6
LS2019-089-0035,VS2022-089-0035,89,LS2019>VS2022,1:1,0.6
LS2019-089-0036,VS2022-089-0036,89,LS2019>VS2022,1:1,0.6
LS2019-089-0037,VS2022-089-0037,89,LS2019>VS2022,1:1,0.6
LS2019-089-0038,VS2022-089-0038,89,LS2019>VS2022,1:1,0.6
LS2019-089-0039,VS2022-089-0039,89,LS2019>VS2022,1:1,0.6
LS2019-089-0040,VS2022-089-0040,89,LS2019>VS2022,1:1,0.6
LS2019-089-0041,VS2022-089-0041,89,LS2019>VS2022,1:1,0.6
LS2019-089-0042,VS2022-089-0042,89,LS2019>VS2022,1:1,0.6
LS2019-089-0043,VS2022-089-0043,89,LS2019>VS2022,1:1,0.6
LS2019-089-0044,VS2022-089-0044,89,LS2019>VS2022,1:1,0.6
LS2019-089-0045,VS2022-089-0045,89,LS2019>VS2022,1:1,0.6
LS2019-089-0046,VS2022-089-0046,89,LS2019>VS2022,1:1,0.6
LS2019-089-0047,VS2022-089-0047,89,LS2019>VS2022,1:1,0.6
LS2019-089-0048,VS2022-089-0048,89,LS2019>VS2022,1:1,0.6
LS2019-089-0049,VS2022-089-0049,89,LS2019>VS2022,1:1,0.6
LS2019-089-0050,VS2022-089-0050,89,LS2019>VS2022,1:1,0.6
LS2019-089-0051,VS2022-089-0051,89,LS2019>VS2022,1:1,0.6
LS2019-089-0052,VS2022-089-0052,89,LS2019>VS2022,1:1,0.6
LS2019-089-0053,VS2022-089-0053,89,LS2019>VS2022,1:1,0.6
LS2019-089-0054,VS2022-089-0054,89,LS2019>VS2022,1:1,0.6
LS2019-089-0055,VS2022-089-0055,89,LS2019>VS2022,1:1,0.6
LS2019-089-0056,VS2022-089-0056,89,LS2019>VS2022,1:1,0.6
LS2019-089-0057,VS2022-089-0057,89,LS2019>VS2022,1:1,0.6
LS2019-089-0058,VS2022-089-0058,89,LS2019>VS2022,1:1,0.6
LS2019-089-0059,VS2022-089-0059,89,LS2019>VS2022,1:1,0.6
LS2019-089-0060,VS2022-089-0060,89,LS2019>VS2022,1:1,0.6
LS2019-089-0061,VS2022-089-0061,89,LS2019>VS2022,1:1,0.6
LS2019-089-0062,VS2022-089-0062,89,LS2019>VS2022,1:1,0.6
LS2019-089-0063,VS2022-089-0063,89,LS2019>VS2022,1:1,0.6
LS2019-089-0064,VS2022-089-0064,89,LS2019>VS2022,1:1,0.6
LS2019-089-0065,VS2022-089-0065,89,LS2019>VS2022,1:1,0.6
LS2019-089-0066,VS2022-089-0066,89,LS2019>VS2022,1:1,0.6
LS2019-089-0067,VS2022-089-0067,89,LS2019>VS2022,1:1,0.6
LS2019-089-0068,VS2022-089-0068,89,LS2019>VS2022,1:1,0.6
LS2019-089-0069,VS2022-089-0069,89,LS2019>VS2022,1:1,0.6
LS2019-089-0070,VS2022-089-0070,89,LS2019>VS2022,1:1,0.6
LS2019-089-0071,VS2022-089-0071,89,LS2019>VS2022,1:1,0.6
LS2019-089-0072,VS2022-089-0072,89,LS2019>VS2022,1:1,0.6
LS2019-089-0073,VS2022-089-0073,89,LS2019>VS2022,1:1,0.6
LS2019-089-0074,VS2022-089-0074,89,LS2019>VS2022,1:1,0.6
LS2019-089-0075,VS2022-089-0075,89,LS2019>VS2022,1:1,0.6
LS2019-089-0076,VS2022-089-0076,89,LS2019>VS2022,1:1,0.6
LS2019-089-0077,VS2022-089-0077,89,LS2019>VS2022,1:1,0.6
LS2019-089-0078,VS2022-089-0078,89,LS2019>VS2022,1:1,0.6
LS2019-089-0079,VS2022-089-0079,89,LS2019>VS2022,1:1,0.6
LS2019-089-0080,VS2022-089-0080,89,LS2019>VS2022,1:1,0.6
LS2019-089-0081,VS2022-089-0081,89,LS2019>VS2022,1:1,0.6
LS2019-089-0082,VS2022-089-0082,89,LS2019>VS2022,1:1,0.6
LS2019-089-0083,VS2022-089-0083,89,LS2019>VS2022,1:1,0.6
LS2019-089-0084,VS2022-089-0084,89,LS2019>VS2022,1:1,0.6
LS2019-089-0085,VS2022-089-0085,89,LS2019>VS2022,1:1,0.6
LS2019-089-0086,VS2022-089-0086,89,LS2019>VS2022,1:1,0.6
LS2019-089-0087,VS2022-089-0087,89,LS2019>VS2022,1:1,0.6
LS2019-089-0088,VS2022-089-0088,89,LS2019>VS2022,1:1,0.6
LS2019-089-0089,VS2022-089-0089,89,LS2019>VS2022,1:1,0.6
LS2019-089-0090,VS2022-089-0090,89,LS2019>VS2022,1:1,0.6
LS2019-089-0091,VS2022-089-0091,89,LS2019>VS2022,1:1,0.6
LS2019-089-0092,VS2022-089-0092,89,LS2019>VS2022,1:1,0.6
LS2019-089-0093,VS2022-089-0093,89,LS2019>VS2022,1:1,0.6
LS2019-089-0094,VS2022-089-0094,89,LS2019>VS2022,1:1,0.6
LS2019-089-0095,VS2022-089-0095,89,LS2019>VS2022,1:1,0.6
LS2019-089-0096,VS2022-089-0096,89,LS2019>VS2022,1:1,0.6
LS2019-089-0097,VS2022-089-0097,89,LS2019>VS2022,1:1,0.6
LS2019-089-0098,VS2022-089-0098,89,LS2019>VS2022,1:1,0.6
LS2019-089-0099,VS2022-089-0099,89,LS2019>VS2022,1:1,0.6
LS2019-089-0100,VS2022-089-0100,89,LS2019>VS2022,1:1,0.6
LS2019-089-0101,VS2022-089-0101,89,LS2019>VS2022,1:1,0.6
LS2019-089-0102,VS2022-089-0102,89,LS2019>VS2022,1:1,0.6
LS2019-089-0103,VS2022-089-0103,89,LS2019>VS2022,1:1,0.6
LS2019-089-0104,VS2022-089-0104,89,LS2019>VS2022,1:1,0.6
LS2019-089-0105,VS2022-089-0105,89,LS2019>VS2022,1:1,0.6
LS2019-089-0106,VS2022-089-0106,89,LS2019>VS2022,1:1,0.6
LS2019-089-0107,VS2022-089-0107,89,LS2019>VS2022,1:1,0.6
LS2019-089-0108,VS2022-089-0108,89,LS2019>VS2022,1:1,0.6
LS2019-089-0109,VS2022-089-0109,89,LS2019>VS2022,1:1,0.6
LS2019-089-0110,VS2022-089-0110,89,LS2019>VS2022,1:1,0.6
LS2019-089-0111,VS2022-089-0111,89,LS2019>VS2022,1:1,0.6
LS2019-089-0112,VS2022-089-0112,89,LS2019>VS2022,1:1,0.6
LS2019-089-0113,VS2022-089-0113,89,LS2019>VS2022,1:1,0.6
LS2019-089-0114,VS2022-089-0114,89,LS2019>VS2022,1:1,0.6
LS2019-089-0115,VS2022-089-0115,89,LS2019>VS2022,1:1,0.6
LS2019-089-0116,VS2022-089-0116,89,LS2019>VS2022,1:1,0.6
LS2019-089-0117,VS2022-089-0117,89,LS2019>VS2022,1:1,0.6
LS2019-089-0118,VS2022-089-0118,89,LS2019>VS2022,1:1,0.6
LS2019-089-0119,VS2022-089-0119,89,LS2019>VS2022,1:1,0.6
LS2019-089-0120,VS2022-089-0120,89,LS2019>VS2022,1:1,0.6
LS2019-089-0121,VS2022-089-0121,89,LS2019>VS2022,1:1,0.6
LS2019-089-0122,VS2022-089-0122,89,LS2019>VS2022,1:1,0.6
LS2019-089-0123,VS2022-089-0123,89,LS2019>VS2022,1:1,0.6
LS2019-089-0124,VS2022-089-0124,89,LS2019>VS2022,1:1,0.6
LS2019-089-0125,VS2022-089-0125,89,LS2019>VS2022,1:1,0.6
LS2019-089-0126,VS2022-089-0126,89,LS2019>VS2022,1:1,0.6
LS2019-089-0127,VS2022-089-0127,89,LS2019>VS2022,1:1,0.6
LS2019-089-0128,VS2022-089-0128,89,LS2019>VS2022,1:1,0.6
LS2019-089-0129,VS2022-089-0129,89,LS2019>VS2022,1:1,0.6
LS2019-089-0130,VS2022-089-0130,89,LS2019>VS2022,1:1,0.6
LS2019-089-0131,VS2022-089-0131,89,LS2019>VS2022,1:1,0.6
LS2019-089-0132,VS2022-089-0132,89,LS2019>VS2022,1:1,0.6
LS2019-089-0133,VS2022-089-0133,89,LS2019>VS2022,1:1,0.6
LS2019-089-0134,VS2022-089-0134,89,LS2019>VS2022,1:1,0.6
LS2019-089-0135,VS2022-089-0135,89,LS2019>VS2022,1:1,0.6
LS2019-089-0136,VS2022-089-0136,89,LS2019>VS2022,1:1,0.6
LS2019-089-0137,VS2022-089-0137,89,LS2019>VS2022,1:1,0.6
LS2019-089-0138,VS2022-089-0138,89,LS2019>VS2022,1:1,0.6
LS2019-089-0139,VS2022-089-0139,89,LS2019>VS2022,1:1,0.6
LS2019-089-0140,VS2022-089-0140,89,LS2019>VS2022,1:1,0.6
LS2019-089-0141,VS2022-089-0141,89,LS2019>VS2022,1:1,0.6
LS2019-089-0142,VS2022-089-0142,89,LS2019>VS2022,1:1,0.6
LS2019-089-0143,VS2022-089-0143,89,LS2019>VS2022,1:1,0.6
LS2019-089-0144,VS2022-089-0144,89,LS2019>VS2022,1:1,0.6
LS2019-089-0145,VS2022-089-0145,89,LS2019>VS2022,1:1,0.6
LS2019-089-0146,VS2022-089-0146,89,LS2019>VS2022,1:1,0.6
LS2019-089-0147,VS2022-089-0147,89,LS2019>VS2022,1:1,0.6
LS2019-089-0148,VS2022-089-0148,89,LS2019>VS2022,1:1,0.6
LS2019-089-0149,VS2022-089-0149,89,LS2019>VS2022,1:1,0.6
LS2019-089-0150,VS2022-089-0150,89,LS2019>VS2022,1:1,0.6
LS2019-089-0151,VS2022-089-0151,89,LS2019>VS2022,1:1,0.6
LS2019-089-0152,VS2022-089-0152,89,LS2019>VS2022,1:1,0.6
LS2019-089-0153,VS2022-089-0153,89,LS2019>VS2022,1:1,0.6
LS2019-089-0154,VS2022-089-0154,89,LS2019>VS2022,1:1,0.6
LS2019-089-0155,VS2022-089-0155,89,LS2019>VS2022,1:1,0.6
LS2019-089-0156,VS2022-089-0156,89,LS2019>VS2022,1:1,0.6
LS2019-089-0157,VS2022-089-0157,89,LS2019>VS2022,1:1,0.6
LS2019-089-0158,VS2022-089-0158,89,LS2019>VS2022,1:1,0.6
LS2019-089-0159,VS2022-089-0159,89,LS2019>VS2022,1:1,0.6
LS2019-089-0160,VS2022-089-0160,89,LS2019>VS2022,1:1,0.6
LS2019-089-0161,VS2022-089-0161,89,LS2019>VS2022,1:1,0.6
LS2019-089-0162,VS2022-089-0162,89,LS2019>VS2022,1:1,0.6
LS2019-089-0163,VS2022-089-0163,89,LS2019>VS2022,1:1,0.6
LS2019-089-0164,VS2022-089-0164,89,LS2019>VS2022,1:1,0.6
LS2019-089-0165,VS2022-089-0165,89,LS2019>VS2022,1:1,0.6
LS2019-089-0166,VS2022-089-0166,89,LS2019>VS2022,1:1,0.6
LS2019-089-0167,VS2022-089-0167,89,LS2019>VS2022,1:1,0.6
LS2019-089-0168,VS2022-089-0168,89,LS2019>VS2022,1:1,0.6
LS2019-089-0169,VS2022-089-0169,89,LS2019>VS2022,1:1,0.6
LS2019-089-0170,VS2022-089-0170,89,LS2019>VS2022,1:1,0.6
LS2019-089-0171,VS2022-089-0171,89,LS2019>VS2022,1:1,0.6
LS2019-089-0172,VS2022-089-0172,89,LS2019>VS2022,1:1,0.6
LS2019-089-0173,VS2022-089-0173,89,LS2019>VS2022,1:1,0.6
LS2019-089-0174,VS2022-089-0174,89,LS2019>VS2022,1:1,0.6
LS2019-089-0175,VS2022-089-0175,89,LS2019>VS2022,1:1,0.6
LS2019-089-0176,VS2022-089-0176,89,LS2019>VS2022,1:1,0.6
LS2019-089-0177,VS2022-089-0177,89,LS2019>VS2022,1:1,0.6
LS2019-089-0178,VS2022-089-0178,89,LS2019>VS2022,1:1,0.6
LS2019-089-0179,VS2022-089-0179,89,LS2019>VS2022,1:1,0.6
LS2019-089-0180,VS2022-089-0180,89,LS2019>VS2022,1:1,0.6
LS2019-089-0181,VS2022-089-0181,89,LS2019>VS2022,1:1,0.6
LS2019-089-0182,VS2022-089-0182,89,LS2019>VS2022,1:1,0.6
LS2019-089-0183,VS2022-089-0183,89,LS2019>VS2022,1:1,0.6
LS2019-089-0184,VS2022-089-0184,89,LS2019>VS2022,1:1,0.6
LS2019-089-0185,VS2022-089-0185,89,LS2019>VS2022,1:1,0.6
LS2019-089-0186,VS2022-089-0186,89,LS2019>VS2022,1:1,0.6
LS2019-089-0187,VS2022-089-0187,89,LS2019>VS2022,1:1,0.6
LS2019-089-0188,VS2022-089-0188,89,LS2019>VS2022,1:1,0.6
LS2019-089-0189,VS2022-089-0189,89,LS2019>VS2022,1:1,0.6
LS2019-089-0190,VS2022-089-0190,89,LS2019>VS2022,1:1,0.6
LS2019-089-0191,VS2022-089-0191,89,LS2019>VS2022,1:1,0.6
LS2019-089-0192,VS2022-089-0192,89,LS2019>VS2022,1:1,0.6
LS2019-089-0193,VS2022-089-0193,89,LS2019>VS2022,1:1,0.6
LS2019-089-0194,VS2022-089-0194,89,LS2019>VS2022,1:1,0.6
LS2019-089-0195,VS2022-089-0195,89,LS2019>VS2022,1:1,0.6
LS2019-089-0196,VS2022-089-0196,89,LS2019>VS2022,1:1,0.6
LS2019-089-0197,VS2022-089-0197,89,LS2019>VS2022,1:1,0.6
LS2019-089-0198,VS2022-089-0198,89,LS2019>VS2022,1:1,0.6
LS2019-089-0199,VS2022-089-0199,89,LS2019>VS2022,1:1,0.6
LS2019-089-0200,VS2022-089-0200,89,LS2019>VS2022,1:1,0.6
LS2019-089-0201,VS2022-089-0201,89,LS2019>VS2022,1:1,0.6
LS2019-089-0202,VS2022-089-0202,89,LS2019>VS2022,1:1,0.6
LS2019-089-0203,VS2022-089-0203,89,LS2019>VS2022,1:1,0.6
LS2019-089-0204,VS2022-089-0204,89,LS2019>VS2022,1:1,0.6
LS2019-089-0205,VS2022-089-0205,89,LS2019>VS2022,1:1,0.6
LS2019-089-0206,VS2022-089-0206,89,LS2019>VS2022,1:1,0.6
LS2019-089-0207,VS2022-089-0207,89,LS2019>VS2022,1:1,0.6
LS2019-089-0208,VS2022-089-0208,89,LS2019>VS2022,1:1,0.6
LS2019-089-0209,VS2022-089-0209,89,LS2019>VS2022,1:1,0.6
LS2019-089-0210,VS2022-089-0210,89,LS2019>VS2022,1:1,0.6
LS2019-089-0211,VS2022-089-0211,89,LS2019>VS2022,1:1,0.6
LS2019-089-0212,VS2022-089-0212,89,LS2019>VS2022,1:1,0.6
LS2019-089-0213,VS2022-089-0213,89,LS2019>VS2022,1:1,0.6
LS2019-089-0214,VS2022-089-0214,89,LS2019>VS2022,1:1,0.6
LS2019-089-0215,VS2022-089-0215,89,LS2019>VS2022,1:1,0.6
LS2019-089-0216,VS2022-089-0216,89,LS2019>VS2022,1:1,0.6
LS2019-089-0217,VS2022-089-0217,89,LS2019>VS2022,1:1,0.6
LS2019-089-0218,VS2022-089-0218,89,LS2019>VS2022,1:1,0.6
LS2019-089-0219,VS2022-089-0219,89,LS2019>VS2022,1:1,0.6
LS2019-089-0220,VS2022-089-0220,89,LS2019>VS2022,1:1,0.6
LS2019-089-0221,VS2022-089-0221,89,LS2019>VS2022,1:1,0.6
LS2019-089-0222,VS2022-089-0222,89,LS2019>VS2022,1:1,0.6
LS2019-089-0223,VS2022-089-0223,89,LS2019>VS2022,1:1,0.6
LS2019-089-0224,VS2022-089-0224,89,LS2019>VS2022,1:1,0.6
LS2019-089-0225,VS2022-089-0225,89,LS2019>VS2022,1:1,0.6
LS2019-089-0226,VS2022-089-0226,89,LS2019>VS2022,1:1,0.6
LS2019-089-0227,VS2022-089-0227,89,LS2019>VS2022,1:1,0.6
LS2019-089-0228,VS2022-089-0228,89,LS2019>VS2022,1:1,0.6
LS2019-089-0229,VS2022-089-0229,89,LS2019>VS2022,1:1,0.6
LS2019-089-0230,VS2022-089-0230,89,LS2019>VS2022,1:1,0.6
LS2019-089-0231,VS2022-089-0231,89,LS2019>VS2022,1:1,0.6
LS2019-089-0232,VS2022-089-0232,89,LS2019>VS2022,1:1,0.6
LS2019-089-0233,VS2022-089-0233,89,LS2019>VS2022,1:1,0.6
LS2019-089-0234,VS2022-089-0234,89,LS2019>VS2022,1:1,0.6
LS2019-089-0235,VS2022-089-0235,89,LS2019>VS2022,1:1,0.6
LS2019-089-0236,VS2022-089-0236,89,LS2019>VS2022,1:1,0.6
LS2019-089-0237,VS2022-089-0237,89,LS2019>VS2022,1:1,0.6
LS2019-089-0238,VS2022-089-0238,89,LS2019>VS2022,1:1,0.6
LS2019-089-0239,VS2022-089-0239,89,LS2019>VS2022,1:1,0.6
LS2019-089-0240,VS2022-089-0240,89,LS2019>VS2022,1:1,0.6
LS2019-089-0241,VS2022-089-0241,89,LS2019>VS2022,1:1,0.6
LS2019-089-0242,VS2022-089-0242,89,LS2019>VS2022,1:1,0.6
LS2019-089-0243,VS2022-089-0243,89,LS2019>VS2022,1:1,0.6
LS2019-089-0244,VS2022-089-0244,89,LS2019>VS2022,1:1,0.6
LS2019-089-0245,VS2022-089-0245,89,LS2019>VS2022,1:1,0.6
LS2019-089-0246,VS2022-089-0246,89,LS2019>VS2022,1:1,0.6
LS2019-089-0247,VS2022-089-0247,89,LS2019>VS2022,1:1,0.6
LS2019-089-0248,VS2022-089-0248,89,LS2019>VS2022,1:1,0.6
LS2019-089-0249,VS2022-089-0249,89,LS2019>VS2022,1:1,0.6
LS2019-089-0250,VS2022-089-0250,89,LS2019>VS2022,1:1,0.6
LS2019-089-0251,VS2022-089-0251,89,LS2019>VS2022,1:1,0.6
LS2019-089-0252,VS2022-089-0252,89,LS2019>VS2022,1:1,0.6
LS2019-089-0253,VS2022-089-0253,89,LS2019>VS2022,1:1,0.6
LS2019-089-0254,VS2022-089-0254,89,LS2019>VS2022,1:1,0.6
LS2019-089-0255,VS2022-089-0255,89,LS2019>VS2022,1:1,0.6
LS2019-089-0256,VS2022-089-0256,89,LS2019>VS2022,1:1,0.6
LS2019-089-0257,VS2022-089-0257,89,LS2019>VS2022,1:1,0.6
LS2019-089-0258,VS2022-089-0258,89,LS2019>VS2022,1:1,0.6
LS2019-089-0259,VS2022-089-0259,89,LS2019>VS2022,1:1,0.6
LS2019-089-0260,VS2022-089-0260,89,LS2019>VS2022,1:1,0.6
LS2019-089-0261,VS2022-089-0261,89,LS2019>VS2022,1:1,0.6
LS2019-089-0262,VS2022-089-0262,89,LS2019>VS2022,1:1,0.6
LS2019-089-0263,VS2022-089-0263,89,LS2019>VS2022,1:1,0.6
LS2019-089-0264,VS2022-089-0264,89,LS2019>VS2022,1:1,0.6
LS2019-089-0265,VS2022-089-0265,89,LS2019>VS2022,1:1,0.6
LS2019-089-0266,VS2022-089-0266,89,LS2019>VS2022,1:1,0.6
LS2019-089-0267,VS2022-089-0267,89,LS2019>VS2022,1:1,0.6
LS2019-089-0268,VS2022-089-0268,89,LS2019>VS2022,1:1,0.6
LS2019-089-0269,VS2022-089-0269,89,LS2019>VS2022,1:1,0.6
LS2019-089-0270,VS2022-089-0270,89,LS2019>VS2022,1:1,0.6
LS2019-089-0271,VS2022-089-0271,89,LS2019>VS2022,1:1,0.6
LS2019-089-0272,VS2022-089-0272,89,LS2019>VS2022,1:1,0.6
LS2019-089-0273,VS2022-089-0273,89,LS2019>VS2022,1:1,0.6
LS2019-089-0274,VS2022-089-0274,89,LS2019>VS2022,1:1,0.6
LS2019-089-0275,VS2022-089-0275,89,LS2019>VS2022,1:1,0.6
LS2019-089-0276,VS2022-089-0276,89,LS2019>VS2022,1:1,0.6
LS2019-089-0277,VS2022-089-0277,89,LS2019>VS2022,1:1,0.6
LS2019-089-0278,VS2022-089-0278,89,LS2019>VS2022,1:1,0.6
LS2019-089-0279,VS2022-089-0279,89,LS2019>VS2022,1:1,0.6
LS2019-089-0280,VS2022-089-0280,89,LS2019>VS2022,1:1,0.6
LS2019-089-0281,VS2022-089-0281,89,LS2019>VS2022,1:1,0.6
LS2019-089-0282,VS2022-089-0282,89,LS2019>VS2022,1:1,0.6
LS2019-089-0283,VS2022-089-0283,89,LS2019>VS2022,1:1,0.6
LS2019-089-0284,VS2022-089-0284,89,LS2019>VS2022,1:1,0.6
LS2019-089-0285,VS2022-089-0285,89,LS2019>VS2022,1:1,0.6
LS2019-089-0286,VS2022-089-0286,89,LS2019>VS2022,1:1,0.6
LS2019-089-0287,VS2022-089-0287,89,LS2019>VS2022,1:1,0.6
LS2019-089-0288,VS2022-089-0288,89,LS2019>VS2022,1:1,0.6
LS2019-089-0289,VS2022-089-0289,89,LS2019>VS2022,1:1,0.6
LS2019-089-0290,VS2022-089-0290,89,LS2019>VS2022,1:1,0.6
LS2019-089-0291,VS2022-089-0291,89,LS2019>VS2022,1:1,0.6
LS2019-089-0292,VS2022-089-0292,89,LS2019>VS2022,1:1,0.6
LS2019-089-0293,VS2022-089-0293,89,LS2019>VS2022,1:1,0.6
LS2019-089-0294,VS2022-089-0294,89,LS2019>VS2022,1:1,0.6
LS2019-089-0295,VS2022-089-0295,89,LS2019>VS2022,1:1,0.6
LS2019-089-0296,VS2022-089-0296,89,LS2019>VS2022,1:1,0.6
LS2019-089-0297,VS2022-089-0297,89,LS2019>VS2022,1:1,0.6
LS2019-089-0298,VS2022-089-0298,89,LS2019>VS2022,1:1,0.6
LS2019-089-0299,VS2022-089-0299,89,LS2019>VS2022,1:1,0.6
LS2019-089-0300,VS2022-089-0300,89,LS2019>VS2022,1:1,0.6
LS2019-089-0301,VS2022-089-0301,89,LS2019>VS2022,1:1,0.6
LS2019-089-0302,VS2022-089-0302,89,LS2019>VS2022,1:1,0.6
LS2019-089-0303,VS2022-089-0303,89,LS2019>VS2022,1:1,0.6
LS2019-089-0304,VS2022-089-0304,89,LS2019>VS2022,1:1,0.6
LS2019-089-0305,VS2022-089-0305,89,LS2019>VS2022,1:1,0.6
LS2019-089-0306,VS2022-089-0306,89,LS2019>VS2022,1:1,0.6
LS2019-089-0307,VS2022-089-0307,89,LS2019>VS2022,1:1,0.6
LS2019-089-0308,VS2022-089-0308,89,LS2019>VS2022,1:1,0.6
LS2019-089-0309,VS2022-089-0309,89,LS2019>VS2022,1:1,0.6
LS2019-089-0310,VS2022-089-0310,89,LS2019>VS2022,1:1,0.6
LS2019-089-0311,VS2022-089-0311,89,LS2019>VS2022,1:1,0.6
LS2019-089-0312,VS2022-089-0312,89,LS2019>VS2022,1:1,0.6
LS2019-089-0313,VS2022-089-0313,89,LS2019>VS2022,1:1,0.6
LS2019-089-0314,VS2022-089-0314,89,LS2019>VS2022,1:1,0.6
LS2019-089-0315,VS2022-089-0315,89,LS2019>VS2022,1:1,0.6
LS2019-089-0316,VS2022-089-0316,89,LS2019>VS2022,1:1,0.6
LS2019-089-0317,VS2022-089-0317,89,LS2019>VS2022,1:1,0.6
LS2019-089-0318,VS2022-089-0318,89,LS2019>VS2022,1:1,0.6
LS2019-089-0319,VS2022-089-0319,89,LS2019>VS2022,1:1,0.6
LS2019-089-0320,VS2022-089-0320,89,LS2019>VS2022,1:1,0.6
LS2019-089-0321,VS2022-089-0321,89,LS2019>VS2022,1:1,0.6
LS2019-089-0322,VS2022-089-0322,89,LS2019>VS2022,1:1,0.6
LS2019-089-0323,VS2022-089-0323,89,LS2019>VS2022,1:1,0.6
LS2019-089-0324,VS2022-089-0324,89,LS2019>VS2022,1:1,0.6
LS2019-089-0325,VS2022-089-0325,89,LS2019>VS2022,1:1,0.6
LS2019-089-0326,VS2022-089-0326,89,LS2019>VS2022,1:1,0.6
LS2019-089-0327,VS2022-089-0327,89,LS2019>VS2022,1:1,0.6
LS2019-089-0328,VS2022-089-0328,89,LS2019>VS2022,1:1,0.6
LS2019-089-0329,VS2022-089-0329,89,LS2019>VS2022,1:1,0.6
LS2019-089-0330,VS2022-089-0330,89,LS2019>VS2022,1:1,0.6
LS2019-089-0331,VS2022-089-0331,89,LS2019>VS2022,1:1,0.6
LS2019-089-0332,VS2022-089-0332,89,LS2019>VS2022,1:1,0.6
LS2019-089-0333,VS2022-089-0333,89,LS2019>VS2022,1:1,0.6
LS2019-089-0334,VS2022-089-0334,89,LS2019>VS2022,1:1,0.6
LS2019-089-0335,VS2022-089-0335,89,LS2019>VS2022,1:1,0.6
LS2019-089-0336,VS2022-089-0336,89,LS2019>VS2022,1:1,0.6
LS2019-089-0337,VS2022-089-0337,89,LS2019>VS2022,1:1,0.6
LS2019-089-0338,VS2022-089-0338,89,LS2019>VS2022,1:1,0.6
LS2019-089-0339,VS2022-089-0339,89,LS2019>VS2022,1:1,0.6
LS2019-089-0340,VS2022-089-0340,89,LS2019>VS2022,1:1,0.6
LS2019-089-0341,VS2022-089-0341,89,LS2019>VS2022,1:1,0.6
LS2019-089-0342,VS2022-089-0342,89,LS2019>VS2022,1:1,0.6
LS2019-089-0343,VS2022-089-0343,89,LS2019>VS2022,1:1,0.6
LS2019-089-0344,VS2022-089-0344,89,LS2019>VS2022,1:1,0.6
LS2019-089-0345,VS2022-089-0345,89,LS2019>VS2022,1:1,0.6
LS2019-089-0346,VS2022-089-0346,89,LS2019>VS2022,1:1,0.6
LS2019-089-0347,VS2022-089-0347,89,LS2019>VS2022,1:1,0.6
LS2019-089-0348,VS2022-089-0348,89,LS2019>VS2022,1:1,0.6
LS2019-089-0349,VS2022-089-0349,89,LS2019>VS2022,1:1,0.6
LS2019-089-0350,VS2022-089-0350,89,LS2019>VS2022,1:1,0.6
LS2019-089-0351,VS2022-089-0351,89,LS2019>VS2022,1:1,0.6
LS2019-089-0352,VS2022-089-0352,89,LS2019>VS2022,1:1,0.6
LS2019-089-0353,VS2022-089-0353,89,LS2019>VS2022,1:1,0.6
LS2019-089-0354,VS2022-089-0354,89,LS2019>VS2022,1:1,0.6
LS2019-089-0355,VS2022-089-0355,89,LS2019>VS2022,1:1,0.6
LS2019-089-0356,VS2022-089-0356,89,LS2019>VS2022,1:1,0.6
LS2019-089-0357,VS2022-089-0357,89,LS2019>VS2022,1:1,0.6
LS2019-089-0358,VS2022-089-0358,89,LS2019>VS2022,1:1,0.6
LS2019-089-0359,VS2022-089-0359,89,LS2019>VS2022,1:1,0.6
LS2019-089-0360,VS2022-089-0360,89,LS2019>VS2022,1:1,0.6
LS2019-089-0361,VS2022-089-0361,89,LS2019>VS2022,1:1,0.6
LS2019-089-0362,VS2022-089-0362,89,LS2019>VS2022,1:1,0.6
LS2019-089-0363,VS2022-089-0363,89,LS2019>VS2022,1:1,0.6
LS2019-089-0364,VS2022-089-0364,89,LS2019>VS2022,1:1,0.6
LS2019-089-0365,VS2022-089-0365,89,LS2019>VS2022,1:1,0.6
LS2019-089-0366,VS2022-089-0366,89,LS2019>VS2022,1:1,0.6
LS2019-089-0367,VS2022-089-0367,89,LS2019>VS2022,1:1,0.6
LS2019-089-0368,VS2022-089-0368,89,LS2019>VS2022,1:1,0.6
LS2019-089-0369,VS2022-089-0369,89,LS2019>VS2022,1:1,0.6
LS2019-089-0370,VS2022-089-0370,89,LS2019>VS2022,1:1,0.6
LS2019-089-0371,VS2022-089-0371,89,LS2019>VS2022,1:1,0.6
LS2019-089-0372,VS2022-089-0372,89,LS2019>VS2022,1:1,0.6
LS2019-089-0373,VS2022-089-0373,89,LS2019>VS2022,1:1,0.6
LS2019-089-0374,VS2022-089-0374,89,LS2019>VS2022,1:1,0.6
LS2019-089-0375,VS2022-089-0375,89,LS2019>VS2022,1:1,0.6
LS2019-089-0376,VS2022-089-0376,89,LS2019>VS2022,1:1,0.6
LS2019-089-0377,VS2022-089-0377,89,LS2019>VS2022,1:1,0.6
LS2019-089-0378,VS2022-089-0378,89,LS2019>VS2022,1:1,0.6
LS2019-089-0379,VS2022-089-0379,89,LS2019>VS2022,1:1,0.6
LS2019-089-0380,VS2022-089-0380,89,LS2019>VS2022,1:1,0.6
LS2019-089-0381,VS2022-089-0381,89,LS2019>VS2022,1:1,0.6
LS2019-089-0382,VS2022-089-0382,89,LS2019>VS2022,1:1,0.6
LS2019-089-0383,VS2022-089-0383,89,LS2019>VS2022,1:1,0.6
LS2019-089-0384,VS2022-089-0384,89,LS2019>VS2022,1:1,0.6
LS2019-089-0385,VS2022-089-0385,89,LS2019>VS2022,1:1,0.6
LS2019-089-0386,VS2022-089-0386,89,LS2019>VS2022,1:1,0.6
LS2019-089-0387,VS2022-089-0387,89,LS2019>VS2022,1:1,0.6
LS2019-089-0388,VS2022-089-0388,89,LS2019>VS2022,1:1,0.6
LS2019-089-0389,VS2022-089-0389,89,LS2019>VS2022,1:1,0.6
LS2019-089-0390,VS2022-089-0390,89,LS2019>VS2022,1:1,0.6
LS2019-089-0391,VS2022-089-0391,89,LS2019>VS2022,1:1,0.6
LS2019-089-0392,VS2022-089-0392,89,LS2019>VS2022,1:1,0.6
LS2019-089-0393,VS2022-089-0393,89,LS2019>VS2022,1:1,0.6
LS2019-089-0394,VS2022-089-0394,89,LS2019>VS2022,1:1,0.6
LS2019-089-0395,VS2022-089-0395,89,LS2019>VS2022,1:1,0.6
LS2019-089-0396,VS2022-089-0396,89,LS2019>VS2022,1:1,0.6
LS2019-089-0397,VS2022-089-0397,89,LS2019>VS2022,1:1,0.6
LS2019-089-0398,VS2022-089-0398,89,LS2019>VS2022,1:1,0.6
LS2019-089-0399,VS2022-089-0399,89,LS2019>VS2022,1:1,0.6
LS2019-089-0400,VS2022-089-0400,89,LS2019>VS2022,1:1,0.6
LS2019-089-0401,VS2022-089-0401,89,LS2019>VS2022,1:1,0.6
LS2019-089-0402,VS2022-089-0402,89,LS2019>VS2022,1:1,0.6
LS2019-089-0403,VS2022-089-0403,89,LS2019>VS2022,1:1,0.6
LS2019-089-0404,VS2022-089-0404,89,LS2019>VS2022,1:1,0.6
LS2019-089-0405,VS2022-089-0405,89,LS2019>VS2022,1:1,0.6
LS2019-089-0406,VS2022-089-0406,89,LS2019>VS2022,1:1,0.6
LS2019-089-0407,VS2022-089-0407,89,LS2019>VS2022,1:1,0.6
LS2019-089-0408,VS2022-089-0408,89,LS2019>VS2022,1:1,0.6
LS2019-089-0409,VS2022-089-0409,89,LS2019>VS2022,1:1,0.6
LS2019-089-0410,VS2022-089-0410,89,LS2019>VS2022,1:1,0.6
LS2019-089-0411,VS2022-089-0411,89,LS2019>VS2022,1:1,0.6
LS2019-089-0412,VS2022-089-0412,89,LS2019>VS2022,1:1,0.6
LS2019-089-0413,VS2022-089-0413,89,LS2019>VS2022,1:1,0.6
LS2019-089-0414,VS2022-089-0414,89,LS2019>VS2022,1:1,0.6
LS2019-089-0415,VS2022-089-0415,89,LS2019>VS2022,1:1,0.6
LS2019-089-0416,VS2022-089-0416,89,LS2019>VS2022,1:1,0.6
LS2019-089-0417,VS2022-089-0417,89,LS2019>VS2022,1:1,0.6
LS2019-089-0418,VS2022-089-0418,89,LS2019>VS2022,1:1,0.6
LS2019-089-0419,VS2022-089-0419,89,LS2019>VS2022,1:1,0.6
LS2019-089-0420,VS2022-089-0420,89,LS2019>VS2022,1:1,0.6
LS2019-089-0421,VS2022-089-0421,89,LS2019>VS2022,1:1,0.6
LS2019-089-0422,VS2022-089-0422,89,LS2019>VS2022,1:1,0.6
LS2019-089-0423,VS2022-089-0423,89,LS2019>VS2022,1:1,0.6
LS2019-089-0424,VS2022-089-0424,89,LS2019>VS2022,1:1,0.6
LS2019-089-0425,VS2022-089-0425,89,LS2019>VS2022,1:1,0.6
LS2019-089-0426,VS2022-089-0426,89,LS2019>VS2022,1:1,0.6
LS2019-089-0427,VS2022-089-0427,89,LS2019>VS2022,1:1,0.6
LS2019-089-0428,VS2022-089-0428,89,LS2019>VS2022,1:1,0.6
LS2019-089-0429,VS2022-089-0429,89,LS2019>VS2022,1:1,0.6
LS2019-089-0430,VS2022-089-0430,89,LS2019>VS2022,1:1,0.6
LS2019-089-0431,VS2022-089-0431,89,LS2019>VS2022,1:1,0.6
LS2019-089-0432,VS2022-089-0432,89,LS2019>VS2022,1:1,0.6
LS2019-089-0433,VS2022-089-0433,89,LS2019>VS2022,1:1,0.6
LS2019-089-0434,VS2022-089-0434,89,LS2019>VS2022,1:1,0.6
LS2019-089-0435,VS2022-089-0435,89,LS2019>VS2022,1:1,0.6
LS2019-089-0436,VS2022-089-0436,89,LS2019>VS2022,1:1,0.6
LS2019-089-0437,VS2022-089-0437,89,LS2019>VS2022,1:1,0.6
LS2019-089-0438,VS2022-089-0438,89,LS2019>VS2022,1:1,0.6
,VS2022-089-0439,89,LS2019>VS2022,new,0.0
,VS2022-089-0440,89,LS2019>VS2022,new,0.0
,VS2022-089-0441,89,LS2019>VS2022,new,0.0
,VS2022-089-0442,89,LS2019>VS2022,new,0.0
LS2019-090-0001,VS2022-090-0001,90,LS2019>VS2022,1:1,0.6
LS2019-090-0002,VS2022-090-0002,90,LS2019>VS2022,1:1,0.6
LS2019-090-0003,VS2022-090-0003,90,LS2019>VS2022,1:1,0.6
LS2019-090-0004,VS2022-090-0004,90,LS2019>VS2022,1:1,0.6
LS2019-090-0005,VS2022-090-0005,90,LS2019>VS2022,1:1,0.6
LS2019-090-0006,VS2022-090-0006,90,LS2019>VS2022,1:1,0.6
LS2019-090-0007,VS2022-090-0007,90,LS2019>VS2022,1:1,0.6
LS2019-090-0008,VS2022-090-0008,90,LS2019>VS2022,1:1,0.6
LS2019-090-0009,VS2022-090-0009,90,LS2019>VS2022,1:1,0.6
LS2019-090-0010,VS2022-090-0010,90,LS2019>VS2022,1:1,0.6
LS2019-090-0011,VS2022-090-0011,90,LS2019>VS2022,1:1,0.6
LS2019-090-0012,VS2022-090-0012,90,LS2019>VS2022,1:1,0.6
LS2019-090-0013,VS2022-090-0013,90,LS2019>VS2022,1:1,0.6
LS2019-090-0014,VS2022-090-0014,90,LS2019>VS2022,1:1,0.6
LS2019-090-0015,VS2022-090-0015,90,LS2019>VS2022,1:1,0.6
LS2019-090-0016,VS2022-090-0016,90,LS2019>VS2022,1:1,0.6
LS2019-090-0017,VS2022-090-0017,90,LS2019>VS2022,1:1,0.6
LS2019-090-0018,VS2022-090-0018,90,LS2019>VS2022,1:1,0.6
LS2019-090-0019,VS2022-090-0019,90,LS2019>VS2022,1:1,0.6
LS2019-090-0020,VS2022-090-0020,90,LS2019>VS2022,1:1,0.6
LS2019-090-0021,VS2022-090-0021,90,LS2019>VS2022,1:1,0.6
LS2019-090-0022,VS2022-090-0022,90,LS2019>VS2022,1:1,0.6
LS2019-090-0023,VS2022-090-0023,90,LS2019>VS2022,1:1,0.6
LS2019-090-0024,VS2022-090-0024,90,LS2019>VS2022,1:1,0.6
LS2019-090-0025,VS2022-090-0025,90,LS2019>VS2022,1:1,0.6
LS2019-090-0026,VS2022-090-0026,90,LS2019>VS2022,1:1,0.6
LS2019-090-0027,VS2022-090-0027,90,LS2019>VS2022,1:1,0.6
LS2019-090-0028,VS2022-090-0028,90,LS2019>VS2022,1:1,0.6
LS2019-090-0029,VS2022-090-0029,90,LS2019>VS2022,1:1,0.6
LS2019-090-0030,VS2022-090-0030,90,LS2019>VS2022,1:1,0.6
LS2019-090-0031,VS2022-090-0031,90,LS2019>VS2022,1:1,0.6
LS2019-090-0032,VS2022-090-0032,90,LS2019>VS2022,1:1,0.6
LS2019-090-0033,VS2022-090-0033,90,LS2019>VS2022,1:1,0.6
LS2019-090-0034,VS2022-090-0034,90,LS2019>VS2022,1:1,0.6
LS2019-090-0035,VS2022-090-0035,90,LS2019>VS2022,1:1,0.6
LS2019-090-0036,VS2022-090-0036,90,LS2019>VS2022,1:1,0.6
LS2019-090-0037,VS2022-090-0037,90,LS2019>VS2022,1:1,0.6
LS2019-090-0038,VS2022-090-0038,90,LS2019>VS2022,1:1,0.6
LS2019-090-0039,VS2022-090-0039,90,LS2019>VS2022,1:1,0.6
LS2019-090-0040,VS2022-090-0040,90,LS2019>VS2022,1:1,0.6
LS2019-090-0041,VS2022-090-0041,90,LS2019>VS2022,1:1,0.6
LS2019-090-0042,VS2022-090-0042,90,LS2019>VS2022,1:1,0.6
LS2019-090-0043,VS2022-090-0043,90,LS2019>VS2022,1:1,0.6
LS2019-090-0044,VS2022-090-0044,90,LS2019>VS2022,1:1,0.6
LS2019-090-0045,VS2022-090-0045,90,LS2019>VS2022,1:1,0.6
LS2019-090-0046,VS2022-090-0046,90,LS2019>VS2022,1:1,0.6
LS2019-090-0047,VS2022-090-0047,90,LS2019>VS2022,1:1,0.6
LS2019-090-0048,VS2022-090-0048,90,LS2019>VS2022,1:1,0.6
LS2019-090-0049,VS2022-090-0049,90,LS2019>VS2022,1:1,0.6
LS2019-090-0050,VS2022-090-0050,90,LS2019>VS2022,1:1,0.6
LS2019-090-0051,VS2022-090-0051,90,LS2019>VS2022,1:1,0.6
LS2019-090-0052,VS2022-090-0052,90,LS2019>VS2022,1:1,0.6
LS2019-090-0053,VS2022-090-0053,90,LS2019>VS2022,1:1,0.6
LS2019-090-0054,VS2022-090-0054,90,LS2019>VS2022,1:1,0.6
LS2019-090-0055,VS2022-090-0055,90,LS2019>VS2022,1:1,0.6
LS2019-090-0056,VS2022-090-0056,90,LS2019>VS2022,1:1,0.6
LS2019-090-0057,VS2022-090-0057,90,LS2019>VS2022,1:1,0.6
LS2019-090-0058,VS2022-090-0058,90,LS2019>VS2022,1:1,0.6
LS2019-090-0059,VS2022-090-0059,90,LS2019>VS2022,1:1,0.6
LS2019-090-0060,VS2022-090-0060,90,LS2019>VS2022,1:1,0.6
LS2019-090-0061,VS2022-090-0061,90,LS2019>VS2022,1:1,0.6
LS2019-090-0062,VS2022-090-0062,90,LS2019>VS2022,1:1,0.6
LS2019-090-0063,VS2022-090-0063,90,LS2019>VS2022,1:1,0.6
LS2019-090-0064,VS2022-090-0064,90,LS2019>VS2022,1:1,0.6
LS2019-090-0065,VS2022-090-0065,90,LS2019>VS2022,1:1,0.6
LS2019-090-0066,VS2022-090-0066,90,LS2019>VS2022,1:1,0.6
LS2019-090-0067,VS2022-090-0067,90,LS2019>VS2022,1:1,0.6
LS2019-090-0068,VS2022-090-0068,90,LS2019>VS2022,1:1,0.6
LS2019-090-0069,VS2022-090-0069,90,LS2019>VS2022,1:1,0.6
LS2019-090-0070,VS2022-090-0070,90,LS2019>VS2022,1:1,0.6
LS2019-090-0071,VS2022-090-0071,90,LS2019>VS2022,1:1,0.6
LS2019-090-0072,VS2022-090-0072,90,LS2019>VS2022,1:1,0.6
LS2019-090-0073,VS2022-090-0073,90,LS2019>VS2022,1:1,0.6
LS2019-090-0074,VS2022-090-0074,90,LS2019>VS2022,1:1,0.6
LS2019-090-0075,VS2022-090-0075,90,LS2019>VS2022,1:1,0.6
LS2019-090-0076,VS2022-090-0076,90,LS2019>VS2022,1:1,0.6
LS2019-090-0077,VS2022-090-0077,90,LS2019>VS2022,1:1,0.6
LS2019-090-0078,VS2022-090-0078,90,LS2019>VS2022,1:1,0.6
LS2019-090-0079,VS2022-090-0079,90,LS2019>VS2022,1:1,0.6
LS2019-090-0080,VS2022-090-0080,90,LS2019>VS2022,1:1,0.6
LS2019-090-0081,VS2022-090-0081,90,LS2019>VS2022,1:1,0.6
LS2019-090-0082,VS2022-090-0082,90,LS2019>VS2022,1:1,0.6
LS2019-090-0083,VS2022-090-0083,90,LS2019>VS2022,1:1,0.6
LS2019-090-0084,VS2022-090-0084,90,LS2019>VS2022,1:1,0.6
LS2019-090-0085,VS2022-090-0085,90,LS2019>VS2022,1:1,0.6
LS2019-090-0086,VS2022-090-0086,90,LS2019>VS2022,1:1,0.6
LS2019-090-0087,VS2022-090-0087,90,LS2019>VS2022,1:1,0.6
LS2019-090-0088,VS2022-090-0088,90,LS2019>VS2022,1:1,0.6
LS2019-090-0089,VS2022-090-0089,90,LS2019>VS2022,1:1,0.6
LS2019-090-0090,VS2022-090-0090,90,LS2019>VS2022,1:1,0.6
LS2019-090-0091,VS2022-090-0091,90,LS2019>VS2022,1:1,0.6
LS2019-090-0092,VS2022-090-0092,90,LS2019>VS2022,1:1,0.6
LS2019-090-0093,VS2022-090-0093,90,LS2019>VS2022,1:1,0.6
LS2019-090-0094,VS2022-090-0094,90,LS2019>VS2022,1:1,0.6
LS2019-090-0095,VS2022-090-0095,90,LS2019>VS2022,1:1,0.6
LS2019-090-0096,VS2022-090-0096,90,LS2019>VS2022,1:1,0.6
LS2019-090-0097,VS2022-090-0097,90,LS2019>VS2022,1:1,0.6
LS2019-090-0098,VS2022-090-0098,90,LS2019>VS2022,1:1,0.6
LS2019-090-0099,VS2022-090-0099,90,LS2019>VS2022,1:1,0.6
LS2019-090-0100,VS2022-090-0100,90,LS2019>VS2022,1:1,0.6
LS2019-090-0101,VS2022-090-0101,90,LS2019>VS2022,1:1,0.6
LS2019-090-0102,VS2022-090-0102,90,LS2019>VS2022,1:1,0.6
LS2019-090-0103,VS2022-090-0103,90,LS2019>VS2022,1:1,0.6
LS2019-090-0104,VS2022-090-0104,90,LS2019>VS2022,1:1,0.6
LS2019-090-0105,VS2022-090-0105,90,LS2019>VS2022,1:1,0.6
LS2019-090-0106,VS2022-090-0106,90,LS2019>VS2022,1:1,0.6
LS2019-090-0107,VS2022-090-0107,90,LS2019>VS2022,1:1,0.6
LS2019-090-0108,VS2022-090-0108,90,LS2019>VS2022,1:1,0.6
LS2019-090-0109,VS2022-090-0109,90,LS2019>VS2022,1:1,0.6
LS2019-090-0110,VS2022-090-0110,90,LS2019>VS2022,1:1,0.6
LS2019-090-0111,VS2022-090-0111,90,LS2019>VS2022,1:1,0.6
LS2019-090-0112,VS2022-090-0112,90,LS2019>VS2022,1:1,0.6
LS2019-090-0113,VS2022-090-0113,90,LS2019>VS2022,1:1,0.6
LS2019-090-0114,VS2022-090-0114,90,LS2019>VS2022,1:1,0.6
LS2019-090-0115,VS2022-090-0115,90,LS2019>VS2022,1:1,0.6
LS2019-090-0116,VS2022-090-0116,90,LS2019>VS2022,1:1,0.6
LS2019-090-0117,VS2022-090-0117,90,LS2019>VS2022,1:1,0.6
LS2019-090-0118,VS2022-090-0118,90,LS2019>VS2022,1:1,0.6
LS2019-090-0119,VS2022-090-0119,90,LS2019>VS2022,1:1,0.6
LS2019-090-0120,VS2022-090-0120,90,LS2019>VS2022,1:1,0.6
LS2019-090-0121,VS2022-090-0121,90,LS2019>VS2022,1:1,0.6
LS2019-090-0122,VS2022-090-0122,90,LS2019>VS2022,1:1,0.6
LS2019-090-0123,VS2022-090-0123,90,LS2019>VS2022,1:1,0.6
LS2019-090-0124,VS2022-090-0124,90,LS2019>VS2022,1:1,0.6
LS2019-090-0125,VS2022-090-0125,90,LS2019>VS2022,1:1,0.6
LS2019-090-0126,VS2022-090-0126,90,LS2019>VS2022,1:1,0.6
LS2019-090-0127,VS2022-090-0127,90,LS2019>VS2022,1:1,0.6
LS2019-090-0128,VS2022-090-0128,90,LS2019>VS2022,1:1,0.6
LS2019-090-0129,VS2022-090-0129,90,LS2019>VS2022,1:1,0.6
LS2019-090-0130,VS2022-090-0130,90,LS2019>VS2022,1:1,0.6
LS2019-090-0131,VS2022-090-0131,90,LS2019>VS2022,1:1,0.6
LS2019-090-0132,VS2022-090-0132,90,LS2019>VS2022,1:1,0.6
LS2019-090-0133,VS2022-090-0133,90,LS2019>VS2022,1:1,0.6
LS2019-090-0134,VS2022-090-0134,90,LS2019>VS2022,1:1,0.6
LS2019-090-0135,VS2022-090-0135,90,LS2019>VS2022,1:1,0.6
LS2019-090-0136,VS2022-090-0136,90,LS2019>VS2022,1:1,0.6
LS2019-090-0137,VS2022-090-0137,90,LS2019>VS2022,1:1,0.6
LS2019-090-0138,VS2022-090-0138,90,LS2019>VS2022,1:1,0.6
LS2019-090-0139,VS2022-090-0139,90,LS2019>VS2022,1:1,0.6
LS2019-090-0140,VS2022-090-0140,90,LS2019>VS2022,1:1,0.6
LS2019-090-0141,VS2022-090-0141,90,LS2019>VS2022,1:1,0.6
LS2019-090-0142,VS2022-090-0142,90,LS2019>VS2022,1:1,0.6
LS2019-090-0143,VS2022-090-0143,90,LS2019>VS2022,1:1,0.6
LS2019-090-0144,VS2022-090-0144,90,LS2019>VS2022,1:1,0.6
LS2019-090-0145,VS2022-090-0145,90,LS2019>VS2022,1:1,0.6
LS2019-090-0146,VS2022-090-0146,90,LS2019>VS2022,1:1,0.6
LS2019-090-0147,VS2022-090-0147,90,LS2019>VS2022,1:1,0.6
LS2019-090-0148,VS2022-090-0148,90,LS2019>VS2022,1:1,0.6
LS2019-090-0149,VS2022-090-0149,90,LS2019>VS2022,1:1,0.6
LS2019-090-0150,VS2022-090-0150,90,LS2019>VS2022,1:1,0.6
LS2019-090-0151,VS2022-090-0151,90,LS2019>VS2022,1:1,0.6
LS2019-090-0152,VS2022-090-0152,90,LS2019>VS2022,1:1,0.6
LS2019-090-0153,VS2022-090-0153,90,LS2019>VS2022,1:1,0.6
LS2019-090-0154,VS2022-090-0154,90,LS2019>VS2022,1:1,0.6
LS2019-090-0155,VS2022-090-0155,90,LS2019>VS2022,1:1,0.6
LS2019-090-0156,VS2022-090-0156,90,LS2019>VS2022,1:1,0.6
LS2019-090-0157,VS2022-090-0157,90,LS2019>VS2022,1:1,0.6
LS2019-090-0158,VS2022-090-0158,90,LS2019>VS2022,1:1,0.6
LS2019-090-0159,VS2022-090-0159,90,LS2019>VS2022,1:1,0.6
LS2019-090-0160,VS2022-090-0160,90,LS2019>VS2022,1:1,0.6
LS2019-090-0161,VS2022-090-0161,90,LS2019>VS2022,1:1,0.6
LS2019-090-0162,VS2022-090-0162,90,LS2019>VS2022,1:1,0.6
LS2019-090-0163,VS2022-090-0163,90,LS2019>VS2022,1:1,0.6
LS2019-090-0164,VS2022-090-0164,90,LS2019>VS2022,1:1,0.6
LS2019-090-0165,VS2022-090-0165,90,LS2019>VS2022,1:1,0.6
LS2019-090-0166,VS2022-090-0166,90,LS2019>VS2022,1:1,0.6
LS2019-090-0167,VS2022-090-0167,90,LS2019>VS2022,1:1,0.6
LS2019-090-0168,VS2022-090-0168,90,LS2019>VS2022,1:1,0.6
LS2019-090-0169,VS2022-090-0169,90,LS2019>VS2022,1:1,0.6
LS2019-090-0170,VS2022-090-0170,90,LS2019>VS2022,1:1,0.6
LS2019-090-0171,VS2022-090-0171,90,LS2019>VS2022,1:1,0.6
LS2019-090-0172,VS2022-090-0172,90,LS2019>VS2022,1:1,0.6
LS2019-090-0173,VS2022-090-0173,90,LS2019>VS2022,1:1,0.6
LS2019-090-0174,VS2022-090-0174,90,LS2019>VS2022,1:1,0.6
LS2019-090-0175,VS2022-090-0175,90,LS2019>VS2022,1:1,0.6
LS2019-090-0176,VS2022-090-0176,90,LS2019>VS2022,1:1,0.6
LS2019-090-0177,VS2022-090-0177,90,LS2019>VS2022,1:1,0.6
LS2019-090-0178,VS2022-090-0178,90,LS2019>VS2022,1:1,0.6
LS2019-090-0179,VS2022-090-0179,90,LS2019>VS2022,1:1,0.6
LS2019-090-0180,VS2022-090-0180,90,LS2019>VS2022,1:1,0.6
LS2019-090-0181,VS2022-090-0181,90,LS2019>VS2022,1:1,0.6
LS2019-090-0182,VS2022-090-0182,90,LS2019>VS2022,1:1,0.6
LS2019-090-0183,VS2022-090-0183,90,LS2019>VS2022,1:1,0.6
LS2019-090-0184,VS2022-090-0184,90,LS2019>VS2022,1:1,0.6
LS2019-090-0185,VS2022-090-0185,90,LS2019>VS2022,1:1,0.6
LS2019-090-0186,VS2022-090-0186,90,LS2019>VS2022,1:1,0.6
LS2019-090-0187,VS2022-090-0187,90,LS2019>VS2022,1:1,0.6
LS2019-090-0188,VS2022-090-0188,90,LS2019>VS2022,1:1,0.6
LS2019-090-0189,VS2022-090-0189,90,LS2019>VS2022,1:1,0.6
LS2019-090-0190,VS2022-090-0190,90,LS2019>VS2022,1:1,0.6
LS2019-090-0191,VS2022-090-0191,90,LS2019>VS2022,1:1,0.6
LS2019-090-0192,VS2022-090-0192,90,LS2019>VS2022,1:1,0.6
LS2019-090-0193,VS2022-090-0193,90,LS2019>VS2022,1:1,0.6
LS2019-090-0194,VS2022-090-0194,90,LS2019>VS2022,1:1,0.6
LS2019-090-0195,VS2022-090-0195,90,LS2019>VS2022,1:1,0.6
LS2019-090-0196,VS2022-090-0196,90,LS2019>VS2022,1:1,0.6
LS2019-090-0197,VS2022-090-0197,90,LS2019>VS2022,1:1,0.6
LS2019-090-0198,VS2022-090-0198,90,LS2019>VS2022,1:1,0.6
LS2019-090-0199,VS2022-090-0199,90,LS2019>VS2022,1:1,0.6
LS2019-090-0200,VS2022-090-0200,90,LS2019>VS2022,1:1,0.6
LS2019-090-0201,VS2022-090-0201,90,LS2019>VS2022,1:1,0.6
LS2019-090-0202,VS2022-090-0202,90,LS2019>VS2022,1:1,0.6
LS2019-090-0203,VS2022-090-0203,90,LS2019>VS2022,1:1,0.6
LS2019-090-0204,VS2022-090-0204,90,LS2019>VS2022,1:1,0.6
LS2019-090-0205,VS2022-090-0205,90,LS2019>VS2022,1:1,0.6
LS2019-090-0206,VS2022-090-0206,90,LS2019>VS2022,1:1,0.6
LS2019-090-0207,VS2022-090-0207,90,LS2019>VS2022,1:1,0.6
LS2019-090-0208,VS2022-090-0208,90,LS2019>VS2022,1:1,0.6
LS2019-090-0209,VS2022-090-0209,90,LS2019>VS2022,1:1,0.6
LS2019-090-0210,VS2022-090-0210,90,LS2019>VS2022,1:1,0.6
LS2019-090-0211,VS2022-090-0211,90,LS2019>VS2022,1:1,0.6
LS2019-090-0212,VS2022-090-0212,90,LS2019>VS2022,1:1,0.6
LS2019-090-0213,VS2022-090-0213,90,LS2019>VS2022,1:1,0.6
LS2019-090-0214,VS2022-090-0214,90,LS2019>VS2022,1:1,0.6
LS2019-090-0215,VS2022-090-0215,90,LS2019>VS2022,1:1,0.6
LS2019-090-0216,VS2022-090-0216,90,LS2019>VS2022,1:1,0.6
LS2019-090-0217,VS2022-090-0217,90,LS2019>VS2022,1:1,0.6
LS2019-090-0218,VS2022-090-0218,90,LS2019>VS2022,1:1,0.6
LS2019-090-0219,VS2022-090-0219,90,LS2019>VS2022,1:1,0.6
LS2019-090-0220,VS2022-090-0220,90,LS2019>VS2022,1:1,0.6
LS2019-090-0221,VS2022-090-0221,90,LS2019>VS2022,1:1,0.6
LS2019-090-0222,VS2022-090-0222,90,LS2019>VS2022,1:1,0.6
LS2019-090-0223,VS2022-090-0223,90,LS2019>VS2022,1:1,0.6
LS2019-090-0224,VS2022-090-0224,90,LS2019>VS2022,1:1,0.6
LS2019-090-0225,VS2022-090-0225,90,LS2019>VS2022,1:1,0.6
LS2019-090-0226,VS2022-090-0226,90,LS2019>VS2022,1:1,0.6
LS2019-090-0227,VS2022-090-0227,90,LS2019>VS2022,1:1,0.6
LS2019-090-0228,VS2022-090-0228,90,LS2019>VS2022,1:1,0.6
LS2019-090-0229,VS2022-090-0229,90,LS2019>VS2022,1:1,0.6
LS2019-090-0230,VS2022-090-0230,90,LS2019>VS2022,1:1,0.6
LS2019-090-0231,VS2022-090-0231,90,LS2019>VS2022,1:1,0.6
LS2019-090-0232,VS2022-090-0232,90,LS2019>VS2022,1:1,0.6
LS2019-090-0233,VS2022-090-0233,90,LS2019>VS2022,1:1,0.6
LS2019-090-0234,VS2022-090-0234,90,LS2019>VS2022,1:1,0.6
LS2019-090-0235,VS2022-090-0235,90,LS2019>VS2022,1:1,0.6
LS2019-090-0236,VS2022-090-0236,90,LS2019>VS2022,1:1,0.6
LS2019-090-0237,VS2022-090-0237,90,LS2019>VS2022,1:1,0.6
LS2019-090-0238,VS2022-090-0238,90,LS2019>VS2022,1:1,0.6
LS2019-090-0239,VS2022-090-0239,90,LS2019>VS2022,1:1,0.6
LS2019-090-0240,VS2022-090-0240,90,LS2019>VS2022,1:1,0.6
LS2019-090-0241,VS2022-090-0241,90,LS2019>VS2022,1:1,0.6
LS2019-090-0242,VS2022-090-0242,90,LS2019>VS2022,1:1,0.6
LS2019-090-0243,VS2022-090-0243,90,LS2019>VS2022,1:1,0.6
LS2019-090-0244,VS2022-090-0244,90,LS2019>VS2022,1:1,0.6
LS2019-090-0245,VS2022-090-0245,90,LS2019>VS2022,1:1,0.6
LS2019-090-0246,VS2022-090-0246,90,LS2019>VS2022,1:1,0.6
LS2019-090-0247,VS2022-090-0247,90,LS2019>VS2022,1:1,0.6
LS2019-090-0248,VS2022-090-0248,90,LS2019>VS2022,1:1,0.6
LS2019-090-0249,VS2022-090-0249,90,LS2019>VS2022,1:1,0.6
LS2019-090-0250,VS2022-090-0250,90,LS2019>VS2022,1:1,0.6
LS2019-090-0251,VS2022-090-0251,90,LS2019>VS2022,1:1,0.6
LS2019-090-0252,VS2022-090-0252,90,LS2019>VS2022,1:1,0.6
LS2019-090-0253,VS2022-090-0253,90,LS2019>VS2022,1:1,0.6
LS2019-090-0254,VS2022-090-0254,90,LS2019>VS2022,1:1,0.6
LS2019-090-0255,VS2022-090-0255,90,LS2019>VS2022,1:1,0.6
LS2019-090-0256,VS2022-090-0256,90,LS2019>VS2022,1:1,0.6
LS2019-090-0257,VS2022-090-0257,90,LS2019>VS2022,1:1,0.6
LS2019-090-0258,VS2022-090-0258,90,LS2019>VS2022,1:1,0.6
LS2019-090-0259,VS2022-090-0259,90,LS2019>VS2022,1:1,0.6
LS2019-090-0260,VS2022-090-0260,90,LS2019>VS2022,1:1,0.6
LS2019-090-0261,VS2022-090-0261,90,LS2019>VS2022,1:1,0.6
LS2019-090-0262,VS2022-090-0262,90,LS2019>VS2022,1:1,0.6
LS2019-090-0263,VS2022-090-0263,90,LS2019>VS2022,1:1,0.6
LS2019-090-0264,VS2022-090-0264,90,LS2019>VS2022,1:1,0.6
LS2019-090-0265,VS2022-090-0265,90,LS2019>VS2022,1:1,0.6
LS2019-090-0266,VS2022-090-0266,90,LS2019>VS2022,1:1,0.6
LS2019-090-0267,VS2022-090-0267,90,LS2019>VS2022,1:1,0.6
LS2019-090-0268,VS2022-090-0268,90,LS2019>VS2022,1:1,0.6
LS2019-090-0269,VS2022-090-0269,90,LS2019>VS2022,1:1,0.6
LS2019-090-0270,VS2022-090-0270,90,LS2019>VS2022,1:1,0.6
LS2019-090-0271,VS2022-090-0271,90,LS2019>VS2022,1:1,0.6
LS2019-090-0272,VS2022-090-0272,90,LS2019>VS2022,1:1,0.6
LS2019-090-0273,VS2022-090-0273,90,LS2019>VS2022,1:1,0.6
LS2019-090-0274,VS2022-090-0274,90,LS2019>VS2022,1:1,0.6
LS2019-090-0275,VS2022-090-0275,90,LS2019>VS2022,1:1,0.6
LS2019-090-0276,VS2022-090-0276,90,LS2019>VS2022,1:1,0.6
LS2019-090-0277,VS2022-090-0277,90,LS2019>VS2022,1:1,0.6
LS2019-090-0278,VS2022-090-0278,90,LS2019>VS2022,1:1,0.6
LS2019-090-0279,VS2022-090-0279,90,LS2019>VS2022,1:1,0.6
LS2019-090-0280,VS2022-090-0280,90,LS2019>VS2022,1:1,0.6
LS2019-090-0281,VS2022-090-0281,90,LS2019>VS2022,1:1,0.6
LS2019-090-0282,VS2022-090-0282,90,LS2019>VS2022,1:1,0.6
LS2019-090-0283,VS2022-090-0283,90,LS2019>VS2022,1:1,0.6
LS2019-090-0284,VS2022-090-0284,90,LS2019>VS2022,1:1,0.6
LS2019-090-0285,VS2022-090-0285,90,LS2019>VS2022,1:1,0.6
LS2019-090-0286,VS2022-090-0286,90,LS2019>VS2022,1:1,0.6
LS2019-090-0287,VS2022-090-0287,90,LS2019>VS2022,1:1,0.6
LS2019-090-0288,VS2022-090-0288,90,LS2019>VS2022,1:1,0.6
LS2019-090-0289,VS2022-090-0289,90,LS2019>VS2022,1:1,0.6
LS2019-090-0290,VS2022-090-0290,90,LS2019>VS2022,1:1,0.6
LS2019-090-0291,VS2022-090-0291,90,LS2019>VS2022,1:1,0.6
LS2019-090-0292,VS2022-090-0292,90,LS2019>VS2022,1:1,0.6
LS2019-090-0293,VS2022-090-0293,90,LS2019>VS2022,1:1,0.6
LS2019-090-0294,VS2022-090-0294,90,LS2019>VS2022,1:1,0.6
LS2019-090-0295,VS2022-090-0295,90,LS2019>VS2022,1:1,0.6
LS2019-090-0296,VS2022-090-0296,90,LS2019>VS2022,1:1,0.6
LS2019-090-0297,VS2022-090-0297,90,LS2019>VS2022,1:1,0.6
LS2019-090-0298,VS2022-090-0298,90,LS2019>VS2022,1:1,0.6
LS2019-090-0299,VS2022-090-0299,90,LS2019>VS2022,1:1,0.6
LS2019-090-0300,VS2022-090-0300,90,LS2019>VS2022,1:1,0.6
LS2019-090-0301,VS2022-090-0301,90,LS2019>VS2022,1:1,0.6
LS2019-090-0302,VS2022-090-0302,90,LS2019>VS2022,1:1,0.6
LS2019-090-0303,VS2022-090-0303,90,LS2019>VS2022,1:1,0.6
LS2019-090-0304,VS2022-090-0304,90,LS2019>VS2022,1:1,0.6
LS2019-090-0305,VS2022-090-0305,90,LS2019>VS2022,1:1,0.6
LS2019-090-0306,VS2022-090-0306,90,LS2019>VS2022,1:1,0.6
LS2019-090-0307,VS2022-090-0307,90,LS2019>VS2022,1:1,0.6
LS2019-090-0308,VS2022-090-0308,90,LS2019>VS2022,1:1,0.6
LS2019-090-0309,VS2022-090-0309,90,LS2019>VS2022,1:1,0.6
LS2019-090-0310,VS2022-090-0310,90,LS2019>VS2022,1:1,0.6
LS2019-090-0311,VS2022-090-0311,90,LS2019>VS2022,1:1,0.6
LS2019-090-0312,VS2022-090-0312,90,LS2019>VS2022,1:1,0.6
LS2019-090-0313,VS2022-090-0313,90,LS2019>VS2022,1:1,0.6
LS2019-090-0314,VS2022-090-0314,90,LS2019>VS2022,1:1,0.6
LS2019-090-0315,VS2022-090-0315,90,LS2019>VS2022,1:1,0.6
LS2019-090-0316,VS2022-090-0316,90,LS2019>VS2022,1:1,0.6
LS2019-090-0317,VS2022-090-0317,90,LS2019>VS2022,1:1,0.6
LS2019-090-0318,VS2022-090-0318,90,LS2019>VS2022,1:1,0.6
LS2019-090-0319,VS2022-090-0319,90,LS2019>VS2022,1:1,0.6
LS2019-090-0320,VS2022-090-0320,90,LS2019>VS2022,1:1,0.6
LS2019-090-0321,VS2022-090-0321,90,LS2019>VS2022,1:1,0.6
LS2019-090-0322,VS2022-090-0322,90,LS2019>VS2022,1:1,0.6
LS2019-090-0323,VS2022-090-0323,90,LS2019>VS2022,1:1,0.6
LS2019-090-0324,VS2022-090-0324,90,LS2019>VS2022,1:1,0.6
LS2019-090-0325,VS2022-090-0325,90,LS2019>VS2022,1:1,0.6
LS2019-090-0326,VS2022-090-0326,90,LS2019>VS2022,1:1,0.6
LS2019-090-0327,VS2022-090-0327,90,LS2019>VS2022,1:1,0.6
LS2019-090-0328,VS2022-090-0328,90,LS2019>VS2022,1:1,0.6
LS2019-090-0329,VS2022-090-0329,90,LS2019>VS2022,1:1,0.6
LS2019-090-0330,VS2022-090-0330,90,LS2019>VS2022,1:1,0.6
LS2019-090-0331,VS2022-090-0331,90,LS2019>VS2022,1:1,0.6
LS2019-090-0332,VS2022-090-0332,90,LS2019>VS2022,1:1,0.6
LS2019-090-0333,VS2022-090-0333,90,LS2019>VS2022,1:1,0.6
LS2019-090-0334,VS2022-090-0334,90,LS2019>VS2022,1:1,0.6
LS2019-090-0335,VS2022-090-0335,90,LS2019>VS2022,1:1,0.6
LS2019-090-0336,VS2022-090-0336,90,LS2019>VS2022,1:1,0.6
LS2019-090-0337,VS2022-090-0337,90,LS2019>VS2022,1:1,0.6
LS2019-090-0338,VS2022-090-0338,90,LS2019>VS2022,1:1,0.6
LS2019-090-0339,VS2022-090-0339,90,LS2019>VS2022,1:1,0.6
LS2019-090-0340,VS2022-090-0340,90,LS2019>VS2022,1:1,0.6
LS2019-090-0341,VS2022-090-0341,90,LS2019>VS2022,1:1,0.6
LS2019-090-0342,VS2022-090-0342,90,LS2019>VS2022,1:1,0.6
LS2019-090-0343,VS2022-090-0343,90,LS2019>VS2022,1:1,0.6
LS2019-090-0344,VS2022-090-0344,90,LS2019>VS2022,1:1,0.6
LS2019-090-0345,VS2022-090-0345,90,LS2019>VS2022,1:1,0.6
LS2019-090-0346,VS2022-090-0346,90,LS2019>VS2022,1:1,0.6
LS2019-090-0347,VS2022-090-0347,90,LS2019>VS2022,1:1,0.6
LS2019-090-0348,VS2022-090-0348,90,LS2019>VS2022,1:1,0.6
LS2019-090-0349,VS2022-090-0349,90,LS2019>VS2022,1:1,0.6
LS2019-090-0350,VS2022-090-0350,90,LS2019>VS2022,1:1,0.6
LS2019-090-0351,VS2022-090-0351,90,LS2019>VS2022,1:1,0.6
LS2019-090-0352,VS2022-090-0352,90,LS2019>VS2022,1:1,0.6
LS2019-090-0353,VS2022-090-0353,90,LS2019>VS2022,1:1,0.6
LS2019-090-0354,VS2022-090-0354,90,LS2019>VS2022,1:1,0.6
LS2019-090-0355,VS2022-090-0355,90,LS2019>VS2022,1:1,0.6
LS2019-090-0356,VS2022-090-0356,90,LS2019>VS2022,1:1,0.6
LS2019-090-0357,VS2022-090-0357,90,LS2019>VS2022,1:1,0.6
LS2019-090-0358,VS2022-090-0358,90,LS2019>VS2022,1:1,0.6
LS2019-090-0359,VS2022-090-0359,90,LS2019>VS2022,1:1,0.6
LS2019-090-0360,VS2022-090-0360,90,LS2019>VS2022,1:1,0.6
LS2019-090-0361,VS2022-090-0361,90,LS2019>VS2022,1:1,0.6
LS2019-090-0362,VS2022-090-0362,90,LS2019>VS2022,1:1,0.6
LS2019-090-0363,VS2022-090-0363,90,LS2019>VS2022,1:1,0.6
LS2019-090-0364,VS2022-090-0364,90,LS2019>VS2022,1:1,0.6
LS2019-090-0365,VS2022-090-0365,90,LS2019>VS2022,1:1,0.6
LS2019-090-0366,VS2022-090-0366,90,LS2019>VS2022,1:1,0.6
LS2019-090-0367,VS2022-090-0367,90,LS2019>VS2022,1:1,0.6
LS2019-090-0368,VS2022-090-0368,90,LS2019>VS2022,1:1,0.6
LS2019-090-0369,VS2022-090-0369,90,LS2019>VS2022,1:1,0.6
LS2019-090-0370,VS2022-090-0370,90,LS2019>VS2022,1:1,0.6
LS2019-090-0371,VS2022-090-0371,90,LS2019>VS2022,1:1,0.6
LS2019-090-0372,VS2022-090-0372,90,LS2019>VS2022,1:1,0.6
LS2019-090-0373,VS2022-090-0373,90,LS2019>VS2022,1:1,0.6
LS2019-090-0374,VS2022-090-0374,90,LS2019>VS2022,1:1,0.6
LS2019-090-0375,VS2022-090-0375,90,LS2019>VS2022,1:1,0.6
LS2019-090-0376,VS2022-090-0376,90,LS2019>VS2022,1:1,0.6
LS2019-090-0377,VS2022-090-0377,90,LS2019>VS2022,1:1,0.6
LS2019-090-0378,VS2022-090-0378,90,LS2019>VS2022,1:1,0.6
LS2019-090-0379,VS2022-090-0379,90,LS2019>VS2022,1:1,0.6
LS2019-090-0380,VS2022-090-0380,90,LS2019>VS2022,1:1,0.6
LS2019-090-0381,VS2022-090-0381,90,LS2019>VS2022,1:1,0.6
LS2019-090-0382,VS2022-090-0382,90,LS2019>VS2022,1:1,0.6
LS2019-090-0383,VS2022-090-0383,90,LS2019>VS2022,1:1,0.6
LS2019-090-0384,VS2022-090-0384,90,LS2019>VS2022,1:1,0.6
LS2019-090-0385,VS2022-090-0385,90,LS2019>VS2022,1:1,0.6
LS2019-090-0386,VS2022-090-0386,90,LS2019>VS2022,1:1,0.6
LS2019-090-0387,VS2022-090-0387,90,LS2019>VS2022,1:1,0.6
LS2019-090-0388,VS2022-090-0388,90,LS2019>VS2022,1:1,0.6
LS2019-090-0389,VS2022-090-0389,90,LS2019>VS2022,1:1,0.6
LS2019-090-0390,VS2022-090-0390,90,LS2019>VS2022,1:1,0.6
LS2019-090-0391,VS2022-090-0391,90,LS2019>VS2022,1:1,0.6
LS2019-090-0392,VS2022-090-0392,90,LS2019>VS2022,1:1,0.6
LS2019-090-0393,VS2022-090-0393,90,LS2019>VS2022,1:1,0.6
LS2019-090-0394,VS2022-090-0394,90,LS2019>VS2022,1:1,0.6
LS2019-090-0395,VS2022-090-0395,90,LS2019>VS2022,1:1,0.6
LS2019-090-0396,VS2022-090-0396,90,LS2019>VS2022,1:1,0.6
LS2019-090-0397,VS2022-090-0397,90,LS2019>VS2022,1:1,0.6
LS2019-090-0398,VS2022-090-0398,90,LS2019>VS2022,1:1,0.6
LS2019-090-0399,VS2022-090-0399,90,LS2019>VS2022,1:1,0.6
LS2019-090-0400,VS2022-090-0400,90,LS2019>VS2022,1:1,0.6
LS2019-090-0401,VS2022-090-0401,90,LS2019>VS2022,1:1,0.6
LS2019-090-0402,VS2022-090-0402,90,LS2019>VS2022,1:1,0.6
LS2019-090-0403,VS2022-090-0403,90,LS2019>VS2022,1:1,0.6
LS2019-090-0404,VS2022-090-0404,90,LS2019>VS2022,1:1,0.6
LS2019-090-0405,VS2022-090-0405,90,LS2019>VS2022,1:1,0.6
LS2019-090-0406,VS2022-090-0406,90,LS2019>VS2022,1:1,0.6
LS2019-090-0407,VS2022-090-0407,90,LS2019>VS2022,1:1,0.6
LS2019-090-0408,VS2022-090-0408,90,LS2019>VS2022,1:1,0.6
LS2019-090-0409,VS2022-090-0409,90,LS2019>VS2022,1:1,0.6
LS2019-090-0410,VS2022-090-0410,90,LS2019>VS2022,1:1,0.6
LS2019-090-0411,VS2022-090-0411,90,LS2019>VS2022,1:1,0.6
LS2019-090-0412,VS2022-090-0412,90,LS2019>VS2022,1:1,0.6
LS2019-090-0413,VS2022-090-0413,90,LS2019>VS2022,1:1,0.6
LS2019-090-0414,VS2022-090-0414,90,LS2019>VS2022,1:1,0.6
LS2019-090-0415,VS2022-090-0415,90,LS2019>VS2022,1:1,0.6
LS2019-090-0416,VS2022-090-0416,90,LS2019>VS2022,1:1,0.6
LS2019-090-0417,VS2022-090-0417,90,LS2019>VS2022,1:1,0.6
LS2019-090-0418,VS2022-090-0418,90,LS2019>VS2022,1:1,0.6
LS2019-090-0419,VS2022-090-0419,90,LS2019>VS2022,1:1,0.6
LS2019-090-0420,VS2022-090-0420,90,LS2019>VS2022,1:1,0.6
LS2019-090-0421,VS2022-090-0421,90,LS2019>VS2022,1:1,0.6
LS2019-090-0422,VS2022-090-0422,90,LS2019>VS2022,1:1,0.6
LS2019-090-0423,VS2022-090-0423,90,LS2019>VS2022,1:1,0.6
LS2019-090-0424,VS2022-090-0424,90,LS2019>VS2022,1:1,0.6
LS2019-090-0425,VS2022-090-0425,90,LS2019>VS2022,1:1,0.6
LS2019-090-0426,VS2022-090-0426,90,LS2019>VS2022,1:1,0.6
LS2019-090-0427,VS2022-090-0427,90,LS2019>VS2022,1:1,0.6
LS2019-090-0428,VS2022-090-0428,90,LS2019>VS2022,1:1,0.6
LS2019-090-0429,VS2022-090-0429,90,LS2019>VS2022,1:1,0.6
LS2019-090-0430,VS2022-090-0430,90,LS2019>VS2022,1:1,0.6
LS2019-090-0431,VS2022-090-0431,90,LS2019>VS2022,1:1,0.6
LS2019-090-0432,VS2022-090-0432,90,LS2019>VS2022,1:1,0.6
LS2019-090-0433,VS2022-090-0433,90,LS2019>VS2022,1:1,0.6
LS2019-090-0434,VS2022-090-0434,90,LS2019>VS2022,1:1,0.6
LS2019-090-0435,VS2022-090-0435,90,LS2019>VS2022,1:1,0.6
LS2019-090-0436,VS2022-090-0436,90,LS2019>VS2022,1:1,0.6
LS2019-090-0437,VS2022-090-0437,90,LS2019>VS2022,1:1,0.6
LS2019-090-0438,VS2022-090-0438,90,LS2019>VS2022,1:1,0.6
LS2019-090-0439,VS2022-090-0439,90,LS2019>VS2022,1:1,0.6
LS2019-090-0440,VS2022-090-0440,90,LS2019>VS2022,1:1,0.6
LS2019-090-0441,VS2022-090-0441,90,LS2019>VS2022,1:1,0.6
LS2019-090-0442,VS2022-090-0442,90,LS2019>VS2022,1:1,0.6
LS2019-090-0443,VS2022-090-0443,90,LS2019>VS2022,1:1,0.6
LS2019-090-0444,VS2022-090-0444,90,LS2019>VS2022,1:1,0.6
LS2019-090-0445,VS2022-090-0445,90,LS2019>VS2022,1:1,0.6
LS2019-090-0446,VS2022-090-0446,90,LS2019>VS2022,1:1,0.6
LS2019-090-0447,VS2022-090-0447,90,LS2019>VS2022,1:1,0.6
LS2019-090-0448,VS2022-090-0448,90,LS2019>VS2022,1:1,0.6
LS2019-090-0449,VS2022-090-0449,90,LS2019>VS2022,1:1,0.6
LS2019-090-0450,VS2022-090-0450,90,LS2019>VS2022,1:1,0.6
LS2019-090-0451,VS2022-090-0451,90,LS2019>VS2022,1:1,0.6
LS2019-090-0452,VS2022-090-0452,90,LS2019>VS2022,1:1,0.6
LS2019-090-0453,VS2022-090-0453,90,LS2019>VS2022,1:1,0.6
LS2019-090-0454,VS2022-090-0454,90,LS2019>VS2022,1:1,0.6
LS2019-090-0455,VS2022-090-0455,90,LS2019>VS2022,1:1,0.6
LS2019-090-0456,VS2022-090-0456,90,LS2019>VS2022,1:1,0.6
LS2019-090-0457,VS2022-090-0457,90,LS2019>VS2022,1:1,0.6
LS2019-090-0458,VS2022-090-0458,90,LS2019>VS2022,1:1,0.6
LS2019-090-0459,VS2022-090-0459,90,LS2019>VS2022,1:1,0.6
LS2019-090-0460,VS2022-090-0460,90,LS2019>VS2022,1:1,0.6
LS2019-090-0461,VS2022-090-0461,90,LS2019>VS2022,1:1,0.6
,VS2022-090-0462,90,LS2019>VS2022,new,0.0
,VS2022-090-0463,90,LS2019>VS2022,new,0.0
,VS2022-090-0464,90,LS2019>VS2022,new,0.0
,VS2022-090-0465,90,LS2019>VS2022,new,0.0
,VS2022-090-0466,90,LS2019>VS2022,new,0.0
,VS2022-090-0467,90,LS2019>VS2022,new,0.0
,VS2022-090-0468,90,LS2019>VS2022,new,0.0
LS2019-091-0001,VS2022-091-0001,91,LS2019>VS2022,1:1,0.6
LS2019-091-0002,VS2022-091-0002,91,LS2019>VS2022,1:1,0.6
LS2019-091-0003,VS2022-091-0003,91,LS2019>VS2022,1:1,0.6
LS2019-091-0004,VS2022-091-0004,91,LS2019>VS2022,1:1,0.6
LS2019-091-0005,VS2022-091-0005,91,LS2019>VS2022,1:1,0.6
LS2019-091-0006,VS2022-091-0006,91,LS2019>VS2022,1:1,0.6
LS2019-091-0007,VS2022-091-0007,91,LS2019>VS2022,1:1,0.6
LS2019-091-0008,VS2022-091-0008,91,LS2019>VS2022,1:1,0.6
LS2019-091-0009,VS2022-091-0009,91,LS2019>VS2022,1:1,0.6
LS2019-091-0010,VS2022-091-0010,91,LS2019>VS2022,1:1,0.6
LS2019-091-0011,VS2022-091-0011,91,LS2019>VS2022,1:1,0.6
LS2019-091-0012,VS2022-091-0012,91,LS2019>VS2022,1:1,0.85
LS2019-091-0013,VS2022-091-0013,91,LS2019>VS2022,1:1,0.6
LS2019-091-0014,VS2022-091-0014,91,LS2019>VS2022,1:1,0.6
LS2019-091-0015,VS2022-091-0015,91,LS2019>VS2022,1:1,0.6
LS2019-091-0016,VS2022-091-0016,91,LS2019>VS2022,1:1,0.6
LS2019-091-0017,VS2022-091-0017,91,LS2019>VS2022,1:1,0.6
LS2019-091-0018,VS2022-091-0018,91,LS2019>VS2022,1:1,0.6
LS2019-091-0019,VS2022-091-0019,91,LS2019>VS2022,1:1,0.6
LS2019-091-0020,VS2022-091-0020,91,LS2019>VS2022,1:1,0.6
LS2019-091-0021,VS2022-091-0021,91,LS2019>VS2022,1:1,0.6
LS2019-091-0022,VS2022-091-0022,91,LS2019>VS2022,1:1,0.6
LS2019-091-0023,VS2022-091-0023,91,LS2019>VS2022,1:1,0.6
LS2019-091-0024,VS2022-091-0024,91,LS2019>VS2022,1:1,0.6
LS2019-091-0025,VS2022-091-0025,91,LS2019>VS2022,1:1,0.6
LS2019-091-0026,VS2022-091-0026,91,LS2019>VS2022,1:1,0.6
LS2019-091-0027,VS2022-091-0027,91,LS2019>VS2022,1:1,0.6
LS2019-091-0028,VS2022-091-0028,91,LS2019>VS2022,1:1,0.6
LS2019-091-0029,VS2022-091-0029,91,LS2019>VS2022,1:1,0.6
LS2019-091-0030,VS2022-091-0030,91,LS2019>VS2022,1:1,0.6
LS2019-091-0031,VS2022-091-0031,91,LS2019>VS2022,1:1,0.6
LS2019-091-0032,VS2022-091-0032,91,LS2019>VS2022,1:1,0.6
LS2019-091-0033,VS2022-091-0033,91,LS2019>VS2022,1:1,0.6
LS2019-091-0034,VS2022-091-0034,91,LS2019>VS2022,1:1,0.6
LS2019-091-0035,VS2022-091-0035,91,LS2019>VS2022,1:1,0.6
LS2019-091-0036,VS2022-091-0036,91,LS2019>VS2022,1:1,0.6
LS2019-091-0037,VS2022-091-0037,91,LS2019>VS2022,1:1,0.6
LS2019-091-0038,VS2022-091-0038,91,LS2019>VS2022,1:1,0.6
LS2019-091-0039,VS2022-091-0039,91,LS2019>VS2022,1:1,0.6
LS2019-091-0040,VS2022-091-0040,91,LS2019>VS2022,1:1,0.6
LS2019-091-0041,VS2022-091-0041,91,LS2019>VS2022,1:1,0.6
LS2019-091-0042,VS2022-091-0042,91,LS2019>VS2022,1:1,0.6
LS2019-091-0043,VS2022-091-0043,91,LS2019>VS2022,1:1,0.6
LS2019-091-0044,VS2022-091-0044,91,LS2019>VS2022,1:1,0.6
LS2019-091-0045,VS2022-091-0045,91,LS2019>VS2022,1:1,0.6
LS2019-091-0046,VS2022-091-0046,91,LS2019>VS2022,1:1,0.6
LS2019-091-0047,VS2022-091-0047,91,LS2019>VS2022,1:1,0.6
LS2019-091-0048,VS2022-091-0048,91,LS2019>VS2022,1:1,0.6
LS2019-091-0049,VS2022-091-0049,91,LS2019>VS2022,1:1,0.6
LS2019-091-0050,VS2022-091-0050,91,LS2019>VS2022,1:1,0.6
LS2019-091-0051,VS2022-091-0051,91,LS2019>VS2022,1:1,0.6
LS2019-091-0052,VS2022-091-0052,91,LS2019>VS2022,1:1,0.6
LS2019-091-0053,VS2022-091-0053,91,LS2019>VS2022,1:1,0.6
LS2019-091-0054,VS2022-091-0054,91,LS2019>VS2022,1:1,0.6
LS2019-091-0055,VS2022-091-0055,91,LS2019>VS2022,1:1,0.6
LS2019-091-0056,VS2022-091-0056,91,LS2019>VS2022,1:1,0.6
LS2019-091-0057,VS2022-091-0057,91,LS2019>VS2022,1:1,0.6
LS2019-091-0058,VS2022-091-0058,91,LS2019>VS2022,1:1,0.6
LS2019-091-0059,VS2022-091-0059,91,LS2019>VS2022,1:1,0.6
LS2019-091-0060,VS2022-091-0060,91,LS2019>VS2022,1:1,0.6
LS2019-091-0061,VS2022-091-0061,91,LS2019>VS2022,1:1,0.6
LS2019-091-0062,VS2022-091-0062,91,LS2019>VS2022,1:1,0.6
LS2019-091-0063,VS2022-091-0063,91,LS2019>VS2022,1:1,0.6
LS2019-091-0064,VS2022-091-0064,91,LS2019>VS2022,1:1,0.6
LS2019-091-0065,VS2022-091-0065,91,LS2019>VS2022,1:1,0.6
LS2019-091-0066,VS2022-091-0066,91,LS2019>VS2022,1:1,0.6
LS2019-091-0067,VS2022-091-0067,91,LS2019>VS2022,1:1,0.6
LS2019-091-0068,VS2022-091-0068,91,LS2019>VS2022,1:1,0.6
LS2019-091-0069,VS2022-091-0069,91,LS2019>VS2022,1:1,0.6
LS2019-091-0070,VS2022-091-0070,91,LS2019>VS2022,1:1,0.6
LS2019-091-0071,VS2022-091-0071,91,LS2019>VS2022,1:1,0.6
LS2019-091-0072,VS2022-091-0072,91,LS2019>VS2022,1:1,0.6
LS2019-091-0073,VS2022-091-0073,91,LS2019>VS2022,1:1,0.6
LS2019-091-0074,VS2022-091-0074,91,LS2019>VS2022,1:1,0.6
LS2019-091-0075,VS2022-091-0075,91,LS2019>VS2022,1:1,0.6
LS2019-091-0076,VS2022-091-0076,91,LS2019>VS2022,1:1,0.6
LS2019-091-0077,VS2022-091-0077,91,LS2019>VS2022,1:1,0.6
LS2019-091-0078,VS2022-091-0078,91,LS2019>VS2022,1:1,0.6
LS2019-091-0079,VS2022-091-0079,91,LS2019>VS2022,1:1,0.6
LS2019-091-0080,VS2022-091-0080,91,LS2019>VS2022,1:1,0.6
LS2019-091-0081,VS2022-091-0081,91,LS2019>VS2022,1:1,0.6
LS2019-091-0082,VS2022-091-0082,91,LS2019>VS2022,1:1,0.6
LS2019-091-0083,VS2022-091-0083,91,LS2019>VS2022,1:1,0.6
LS2019-091-0084,VS2022-091-0084,91,LS2019>VS2022,1:1,0.6
LS2019-091-0085,VS2022-091-0085,91,LS2019>VS2022,1:1,0.6
LS2019-091-0086,VS2022-091-0086,91,LS2019>VS2022,1:1,0.6
LS2019-091-0087,VS2022-091-0087,91,LS2019>VS2022,1:1,0.6
LS2019-091-0088,VS2022-091-0088,91,LS2019>VS2022,1:1,0.6
LS2019-091-0089,VS2022-091-0089,91,LS2019>VS2022,1:1,0.6
LS2019-091-0090,VS2022-091-0090,91,LS2019>VS2022,1:1,0.6
LS2019-091-0091,VS2022-091-0091,91,LS2019>VS2022,1:1,0.6
LS2019-091-0092,VS2022-091-0092,91,LS2019>VS2022,1:1,0.6
LS2019-091-0093,VS2022-091-0093,91,LS2019>VS2022,1:1,0.6
LS2019-091-0094,VS2022-091-0094,91,LS2019>VS2022,1:1,0.6
LS2019-091-0095,VS2022-091-0095,91,LS2019>VS2022,1:1,0.6
LS2019-091-0096,VS2022-091-0096,91,LS2019>VS2022,1:1,0.6
LS2019-091-0097,VS2022-091-0097,91,LS2019>VS2022,1:1,0.6
LS2019-091-0098,VS2022-091-0098,91,LS2019>VS2022,1:1,0.6
LS2019-091-0099,VS2022-091-0099,91,LS2019>VS2022,1:1,0.6
LS2019-091-0100,VS2022-091-0100,91,LS2019>VS2022,1:1,0.6
LS2019-091-0101,VS2022-091-0101,91,LS2019>VS2022,1:1,0.6
LS2019-091-0102,VS2022-091-0102,91,LS2019>VS2022,1:1,0.6
LS2019-091-0103,VS2022-091-0103,91,LS2019>VS2022,1:1,0.6
LS2019-091-0104,VS2022-091-0104,91,LS2019>VS2022,1:1,0.6
LS2019-091-0105,VS2022-091-0105,91,LS2019>VS2022,1:1,0.6
LS2019-091-0106,VS2022-091-0106,91,LS2019>VS2022,1:1,0.6
LS2019-091-0107,VS2022-091-0107,91,LS2019>VS2022,1:1,0.6
LS2019-091-0108,VS2022-091-0108,91,LS2019>VS2022,1:1,0.6
LS2019-091-0109,VS2022-091-0109,91,LS2019>VS2022,1:1,0.6
LS2019-091-0110,VS2022-091-0110,91,LS2019>VS2022,1:1,0.6
LS2019-091-0111,VS2022-091-0111,91,LS2019>VS2022,1:1,0.6
LS2019-091-0112,VS2022-091-0112,91,LS2019>VS2022,1:1,0.6
LS2019-091-0113,VS2022-091-0113,91,LS2019>VS2022,1:1,0.6
LS2019-091-0114,VS2022-091-0114,91,LS2019>VS2022,1:1,0.6
LS2019-091-0115,VS2022-091-0115,91,LS2019>VS2022,1:1,0.6
LS2019-091-0116,VS2022-091-0116,91,LS2019>VS2022,1:1,0.6
LS2019-091-0117,VS2022-091-0117,91,LS2019>VS2022,1:1,0.6
LS2019-091-0118,VS2022-091-0118,91,LS2019>VS2022,1:1,0.6
LS2019-091-0119,VS2022-091-0119,91,LS2019>VS2022,1:1,0.6
LS2019-091-0120,VS2022-091-0120,91,LS2019>VS2022,1:1,0.6
LS2019-091-0121,VS2022-091-0121,91,LS2019>VS2022,1:1,0.6
LS2019-091-0122,VS2022-091-0122,91,LS2019>VS2022,1:1,0.6
LS2019-091-0123,VS2022-091-0123,91,LS2019>VS2022,1:1,0.6
LS2019-091-0124,VS2022-091-0124,91,LS2019>VS2022,1:1,0.6
LS2019-091-0125,VS2022-091-0125,91,LS2019>VS2022,1:1,0.6
LS2019-091-0126,VS2022-091-0126,91,LS2019>VS2022,1:1,0.6
LS2019-091-0127,VS2022-091-0127,91,LS2019>VS2022,1:1,0.6
LS2019-091-0128,VS2022-091-0128,91,LS2019>VS2022,1:1,0.6
LS2019-091-0129,VS2022-091-0129,91,LS2019>VS2022,1:1,0.6
LS2019-091-0130,VS2022-091-0130,91,LS2019>VS2022,1:1,0.6
LS2019-091-0131,VS2022-091-0131,91,LS2019>VS2022,1:1,0.6
LS2019-091-0132,VS2022-091-0132,91,LS2019>VS2022,1:1,0.6
LS2019-091-0133,VS2022-091-0133,91,LS2019>VS2022,1:1,0.6
LS2019-091-0134,VS2022-091-0134,91,LS2019>VS2022,1:1,0.6
LS2019-091-0135,VS2022-091-0135,91,LS2019>VS2022,1:1,0.6
LS2019-091-0136,VS2022-091-0136,91,LS2019>VS2022,1:1,0.6
LS2019-091-0137,VS2022-091-0137,91,LS2019>VS2022,1:1,0.6
LS2019-091-0138,VS2022-091-0138,91,LS2019>VS2022,1:1,0.6
LS2019-091-0139,VS2022-091-0139,91,LS2019>VS2022,1:1,0.6
LS2019-091-0140,VS2022-091-0140,91,LS2019>VS2022,1:1,0.6
LS2019-091-0141,VS2022-091-0141,91,LS2019>VS2022,1:1,0.6
LS2019-091-0142,VS2022-091-0142,91,LS2019>VS2022,1:1,0.6
LS2019-091-0143,VS2022-091-0143,91,LS2019>VS2022,1:1,0.6
LS2019-091-0144,VS2022-091-0144,91,LS2019>VS2022,1:1,0.6
LS2019-091-0145,VS2022-091-0145,91,LS2019>VS2022,1:1,0.6
LS2019-091-0146,VS2022-091-0146,91,LS2019>VS2022,1:1,0.6
LS2019-091-0147,VS2022-091-0147,91,LS2019>VS2022,1:1,0.6
LS2019-091-0148,VS2022-091-0148,91,LS2019>VS2022,1:1,0.6
LS2019-091-0149,VS2022-091-0149,91,LS2019>VS2022,1:1,0.6
LS2019-091-0150,VS2022-091-0150,91,LS2019>VS2022,1:1,0.6
LS2019-091-0151,VS2022-091-0151,91,LS2019>VS2022,1:1,0.6
LS2019-091-0152,VS2022-091-0152,91,LS2019>VS2022,1:1,0.6
LS2019-091-0153,VS2022-091-0153,91,LS2019>VS2022,1:1,0.6
LS2019-091-0154,VS2022-091-0154,91,LS2019>VS2022,1:1,0.6
LS2019-091-0155,VS2022-091-0155,91,LS2019>VS2022,1:1,0.6
LS2019-091-0156,VS2022-091-0156,91,LS2019>VS2022,1:1,0.6
LS2019-091-0157,VS2022-091-0157,91,LS2019>VS2022,1:1,0.6
LS2019-091-0158,VS2022-091-0158,91,LS2019>VS2022,1:1,0.6
LS2019-091-0159,VS2022-091-0159,91,LS2019>VS2022,1:1,0.6
LS2019-091-0160,VS2022-091-0160,91,LS2019>VS2022,1:1,0.6
LS2019-091-0161,VS2022-091-0161,91,LS2019>VS2022,1:1,0.6
LS2019-091-0162,VS2022-091-0162,91,LS2019>VS2022,1:1,0.6
LS2019-091-0163,VS2022-091-0163,91,LS2019>VS2022,1:1,0.6
LS2019-091-0164,VS2022-091-0164,91,LS2019>VS2022,1:1,0.6
LS2019-091-0165,VS2022-091-0165,91,LS2019>VS2022,1:1,0.6
LS2019-091-0166,VS2022-091-0166,91,LS2019>VS2022,1:1,0.6
LS2019-091-0167,VS2022-091-0167,91,LS2019>VS2022,1:1,0.6
LS2019-091-0168,VS2022-091-0168,91,LS2019>VS2022,1:1,0.6
LS2019-091-0169,VS2022-091-0169,91,LS2019>VS2022,1:1,0.6
LS2019-091-0170,VS2022-091-0170,91,LS2019>VS2022,1:1,0.6
LS2019-091-0171,VS2022-091-0171,91,LS2019>VS2022,1:1,0.6
LS2019-091-0172,VS2022-091-0172,91,LS2019>VS2022,1:1,0.6
LS2019-091-0173,VS2022-091-0173,91,LS2019>VS2022,1:1,0.6
LS2019-091-0174,VS2022-091-0174,91,LS2019>VS2022,1:1,0.6
LS2019-091-0175,VS2022-091-0175,91,LS2019>VS2022,1:1,0.6
LS2019-091-0176,VS2022-091-0176,91,LS2019>VS2022,1:1,0.6
LS2019-091-0177,VS2022-091-0177,91,LS2019>VS2022,1:1,0.6
LS2019-091-0178,VS2022-091-0178,91,LS2019>VS2022,1:1,0.6
LS2019-091-0179,VS2022-091-0179,91,LS2019>VS2022,1:1,0.6
LS2019-091-0180,VS2022-091-0180,91,LS2019>VS2022,1:1,0.6
LS2019-091-0181,VS2022-091-0181,91,LS2019>VS2022,1:1,0.6
LS2019-091-0182,VS2022-091-0182,91,LS2019>VS2022,1:1,0.6
LS2019-091-0183,VS2022-091-0183,91,LS2019>VS2022,1:1,0.6
LS2019-091-0184,VS2022-091-0184,91,LS2019>VS2022,1:1,0.6
LS2019-091-0185,VS2022-091-0185,91,LS2019>VS2022,1:1,0.6
LS2019-091-0186,VS2022-091-0186,91,LS2019>VS2022,1:1,0.6
LS2019-091-0187,VS2022-091-0187,91,LS2019>VS2022,1:1,0.6
LS2019-091-0188,VS2022-091-0188,91,LS2019>VS2022,1:1,0.6
LS2019-091-0189,VS2022-091-0189,91,LS2019>VS2022,1:1,0.6
LS2019-091-0190,VS2022-091-0190,91,LS2019>VS2022,1:1,0.6
LS2019-091-0191,VS2022-091-0191,91,LS2019>VS2022,1:1,0.6
LS2019-091-0192,VS2022-091-0192,91,LS2019>VS2022,1:1,0.6
LS2019-091-0193,VS2022-091-0193,91,LS2019>VS2022,1:1,0.6
LS2019-091-0194,VS2022-091-0194,91,LS2019>VS2022,1:1,0.6
LS2019-091-0195,VS2022-091-0195,91,LS2019>VS2022,1:1,0.6
LS2019-091-0196,VS2022-091-0196,91,LS2019>VS2022,1:1,0.6
LS2019-091-0197,VS2022-091-0197,91,LS2019>VS2022,1:1,0.6
LS2019-091-0198,VS2022-091-0198,91,LS2019>VS2022,1:1,0.6
LS2019-091-0199,VS2022-091-0199,91,LS2019>VS2022,1:1,0.6
LS2019-091-0200,VS2022-091-0200,91,LS2019>VS2022,1:1,0.6
LS2019-091-0201,VS2022-091-0201,91,LS2019>VS2022,1:1,0.6
LS2019-091-0202,VS2022-091-0202,91,LS2019>VS2022,1:1,0.6
LS2019-091-0203,VS2022-091-0203,91,LS2019>VS2022,1:1,0.6
LS2019-091-0204,VS2022-091-0204,91,LS2019>VS2022,1:1,0.6
LS2019-091-0205,VS2022-091-0205,91,LS2019>VS2022,1:1,0.6
LS2019-091-0206,VS2022-091-0206,91,LS2019>VS2022,1:1,0.6
LS2019-091-0207,VS2022-091-0207,91,LS2019>VS2022,1:1,0.6
LS2019-091-0208,VS2022-091-0208,91,LS2019>VS2022,1:1,0.6
LS2019-091-0209,VS2022-091-0209,91,LS2019>VS2022,1:1,0.6
LS2019-091-0210,VS2022-091-0210,91,LS2019>VS2022,1:1,0.6
LS2019-091-0211,VS2022-091-0211,91,LS2019>VS2022,1:1,0.6
LS2019-091-0212,VS2022-091-0212,91,LS2019>VS2022,1:1,0.6
LS2019-091-0213,VS2022-091-0213,91,LS2019>VS2022,1:1,0.6
LS2019-091-0214,VS2022-091-0214,91,LS2019>VS2022,1:1,0.6
LS2019-091-0215,VS2022-091-0215,91,LS2019>VS2022,1:1,0.6
LS2019-091-0216,VS2022-091-0216,91,LS2019>VS2022,1:1,0.6
LS2019-091-0217,VS2022-091-0217,91,LS2019>VS2022,1:1,0.6
LS2019-091-0218,VS2022-091-0218,91,LS2019>VS2022,1:1,0.6
LS2019-091-0219,VS2022-091-0219,91,LS2019>VS2022,1:1,0.6
LS2019-091-0220,VS2022-091-0220,91,LS2019>VS2022,1:1,0.6
LS2019-091-0221,VS2022-091-0221,91,LS2019>VS2022,1:1,0.6
LS2019-091-0222,VS2022-091-0222,91,LS2019>VS2022,1:1,0.6
LS2019-091-0223,VS2022-091-0223,91,LS2019>VS2022,1:1,0.6
LS2019-091-0224,VS2022-091-0224,91,LS2019>VS2022,1:1,0.6
LS2019-091-0225,VS2022-091-0225,91,LS2019>VS2022,1:1,0.6
LS2019-091-0226,VS2022-091-0226,91,LS2019>VS2022,1:1,0.6
LS2019-091-0227,VS2022-091-0227,91,LS2019>VS2022,1:1,0.6
LS2019-091-0228,VS2022-091-0228,91,LS2019>VS2022,1:1,0.6
LS2019-091-0229,VS2022-091-0229,91,LS2019>VS2022,1:1,0.6
LS2019-091-0230,VS2022-091-0230,91,LS2019>VS2022,1:1,0.6
LS2019-091-0231,VS2022-091-0231,91,LS2019>VS2022,1:1,0.6
LS2019-091-0232,VS2022-091-0232,91,LS2019>VS2022,1:1,0.6
LS2019-091-0233,VS2022-091-0233,91,LS2019>VS2022,1:1,0.6
LS2019-091-0234,VS2022-091-0234,91,LS2019>VS2022,1:1,0.6
LS2019-091-0235,VS2022-091-0235,91,LS2019>VS2022,1:1,0.6
LS2019-091-0236,VS2022-091-0236,91,LS2019>VS2022,1:1,0.6
LS2019-091-0237,VS2022-091-0237,91,LS2019>VS2022,1:1,0.6
LS2019-091-0238,VS2022-091-0238,91,LS2019>VS2022,1:1,0.6
LS2019-091-0239,VS2022-091-0239,91,LS2019>VS2022,1:1,0.6
LS2019-091-0240,VS2022-091-0240,91,LS2019>VS2022,1:1,0.6
LS2019-091-0241,VS2022-091-0241,91,LS2019>VS2022,1:1,0.6
LS2019-091-0242,VS2022-091-0242,91,LS2019>VS2022,1:1,0.6
LS2019-091-0243,VS2022-091-0243,91,LS2019>VS2022,1:1,0.6
LS2019-091-0244,VS2022-091-0244,91,LS2019>VS2022,1:1,0.6
LS2019-091-0245,VS2022-091-0245,91,LS2019>VS2022,1:1,0.6
LS2019-091-0246,VS2022-091-0246,91,LS2019>VS2022,1:1,0.6
LS2019-091-0247,VS2022-091-0247,91,LS2019>VS2022,1:1,0.6
LS2019-091-0248,VS2022-091-0248,91,LS2019>VS2022,1:1,0.6
LS2019-091-0249,VS2022-091-0249,91,LS2019>VS2022,1:1,0.6
LS2019-091-0250,VS2022-091-0250,91,LS2019>VS2022,1:1,0.6
LS2019-091-0251,VS2022-091-0251,91,LS2019>VS2022,1:1,0.6
LS2019-091-0252,VS2022-091-0252,91,LS2019>VS2022,1:1,0.6
LS2019-091-0253,VS2022-091-0253,91,LS2019>VS2022,1:1,0.6
LS2019-091-0254,VS2022-091-0254,91,LS2019>VS2022,1:1,0.6
LS2019-091-0255,VS2022-091-0255,91,LS2019>VS2022,1:1,0.6
LS2019-091-0256,VS2022-091-0256,91,LS2019>VS2022,1:1,0.6
LS2019-091-0257,VS2022-091-0257,91,LS2019>VS2022,1:1,0.6
LS2019-091-0258,VS2022-091-0258,91,LS2019>VS2022,1:1,0.6
LS2019-091-0259,VS2022-091-0259,91,LS2019>VS2022,1:1,0.6
LS2019-091-0260,VS2022-091-0260,91,LS2019>VS2022,1:1,0.6
LS2019-091-0261,VS2022-091-0261,91,LS2019>VS2022,1:1,0.6
LS2019-091-0262,VS2022-091-0262,91,LS2019>VS2022,1:1,0.6
LS2019-091-0263,VS2022-091-0263,91,LS2019>VS2022,1:1,0.6
LS2019-091-0264,VS2022-091-0264,91,LS2019>VS2022,1:1,0.6
LS2019-091-0265,VS2022-091-0265,91,LS2019>VS2022,1:1,0.6
LS2019-091-0266,VS2022-091-0266,91,LS2019>VS2022,1:1,0.6
LS2019-091-0267,VS2022-091-0267,91,LS2019>VS2022,1:1,0.6
LS2019-091-0268,VS2022-091-0268,91,LS2019>VS2022,1:1,0.6
LS2019-091-0269,VS2022-091-0269,91,LS2019>VS2022,1:1,0.6
LS2019-091-0270,VS2022-091-0270,91,LS2019>VS2022,1:1,0.6
LS2019-091-0271,VS2022-091-0271,91,LS2019>VS2022,1:1,0.6
LS2019-091-0272,VS2022-091-0272,91,LS2019>VS2022,1:1,0.6
LS2019-091-0273,VS2022-091-0273,91,LS2019>VS2022,1:1,0.6
LS2019-091-0274,VS2022-091-0274,91,LS2019>VS2022,1:1,0.6
LS2019-091-0275,VS2022-091-0275,91,LS2019>VS2022,1:1,0.6
LS2019-091-0276,VS2022-091-0276,91,LS2019>VS2022,1:1,0.6
LS2019-091-0277,VS2022-091-0277,91,LS2019>VS2022,1:1,0.6
LS2019-091-0278,VS2022-091-0278,91,LS2019>VS2022,1:1,0.6
LS2019-091-0279,VS2022-091-0279,91,LS2019>VS2022,1:1,0.6
LS2019-091-0280,VS2022-091-0280,91,LS2019>VS2022,1:1,0.6
LS2019-091-0281,VS2022-091-0281,91,LS2019>VS2022,1:1,0.6
LS2019-091-0282,VS2022-091-0282,91,LS2019>VS2022,1:1,0.6
LS2019-091-0283,VS2022-091-0283,91,LS2019>VS2022,1:1,0.6
LS2019-091-0284,VS2022-091-0284,91,LS2019>VS2022,1:1,0.6
LS2019-091-0285,VS2022-091-0285,91,LS2019>VS2022,1:1,0.6
LS2019-091-0286,VS2022-091-0286,91,LS2019>VS2022,1:1,0.6
LS2019-091-0287,VS2022-091-0287,91,LS2019>VS2022,1:1,0.6
LS2019-091-0288,VS2022-091-0288,91,LS2019>VS2022,1:1,0.6
LS2019-091-0289,VS2022-091-0289,91,LS2019>VS2022,1:1,0.6
LS2019-091-0290,VS2022-091-0290,91,LS2019>VS2022,1:1,0.6
LS2019-091-0291,VS2022-091-0291,91,LS2019>VS2022,1:1,0.6
LS2019-091-0292,VS2022-091-0292,91,LS2019>VS2022,1:1,0.6
LS2019-091-0293,VS2022-091-0293,91,LS2019>VS2022,1:1,0.6
LS2019-091-0294,VS2022-091-0294,91,LS2019>VS2022,1:1,0.6
LS2019-091-0295,VS2022-091-0295,91,LS2019>VS2022,1:1,0.6
LS2019-091-0296,VS2022-091-0296,91,LS2019>VS2022,1:1,0.6
LS2019-091-0297,VS2022-091-0297,91,LS2019>VS2022,1:1,0.6
LS2019-091-0298,VS2022-091-0298,91,LS2019>VS2022,1:1,0.6
LS2019-091-0299,VS2022-091-0299,91,LS2019>VS2022,1:1,0.6
LS2019-091-0300,VS2022-091-0300,91,LS2019>VS2022,1:1,0.6
LS2019-091-0301,VS2022-091-0301,91,LS2019>VS2022,1:1,0.6
LS2019-091-0302,VS2022-091-0302,91,LS2019>VS2022,1:1,0.6
LS2019-091-0303,VS2022-091-0303,91,LS2019>VS2022,1:1,0.6
LS2019-091-0304,VS2022-091-0304,91,LS2019>VS2022,1:1,0.6
LS2019-091-0305,VS2022-091-0305,91,LS2019>VS2022,1:1,0.6
LS2019-091-0306,VS2022-091-0306,91,LS2019>VS2022,1:1,0.6
LS2019-091-0307,VS2022-091-0307,91,LS2019>VS2022,1:1,0.6
LS2019-091-0308,VS2022-091-0308,91,LS2019>VS2022,1:1,0.6
LS2019-091-0309,VS2022-091-0309,91,LS2019>VS2022,1:1,0.6
LS2019-091-0310,VS2022-091-0310,91,LS2019>VS2022,1:1,0.6
LS2019-091-0311,VS2022-091-0311,91,LS2019>VS2022,1:1,0.6
LS2019-091-0312,VS2022-091-0312,91,LS2019>VS2022,1:1,0.6
LS2019-091-0313,VS2022-091-0313,91,LS2019>VS2022,1:1,0.6
LS2019-091-0314,VS2022-091-0314,91,LS2019>VS2022,1:1,0.6
LS2019-091-0315,VS2022-091-0315,91,LS2019>VS2022,1:1,0.6
LS2019-091-0316,VS2022-091-0316,91,LS2019>VS2022,1:1,0.6
LS2019-091-0317,VS2022-091-0317,91,LS2019>VS2022,1:1,0.6
LS2019-091-0318,VS2022-091-0318,91,LS2019>VS2022,1:1,0.6
LS2019-091-0319,VS2022-091-0319,91,LS2019>VS2022,1:1,0.6
LS2019-091-0320,VS2022-091-0320,91,LS2019>VS2022,1:1,0.6
LS2019-091-0321,VS2022-091-0321,91,LS2019>VS2022,1:1,0.6
LS2019-091-0322,VS2022-091-0322,91,LS2019>VS2022,1:1,0.6
LS2019-091-0323,VS2022-091-0323,91,LS2019>VS2022,1:1,0.6
LS2019-091-0324,VS2022-091-0324,91,LS2019>VS2022,1:1,0.6
LS2019-091-0325,VS2022-091-0325,91,LS2019>VS2022,1:1,0.6
LS2019-091-0326,VS2022-091-0326,91,LS2019>VS2022,1:1,0.6
LS2019-091-0327,VS2022-091-0327,91,LS2019>VS2022,1:1,0.6
LS2019-091-0328,VS2022-091-0328,91,LS2019>VS2022,1:1,0.6
LS2019-091-0329,VS2022-091-0329,91,LS2019>VS2022,1:1,0.6
LS2019-091-0330,VS2022-091-0330,91,LS2019>VS2022,1:1,0.6
LS2019-091-0331,VS2022-091-0331,91,LS2019>VS2022,1:1,0.6
LS2019-091-0332,VS2022-091-0332,91,LS2019>VS2022,1:1,0.6
LS2019-091-0333,VS2022-091-0333,91,LS2019>VS2022,1:1,0.6
LS2019-091-0334,VS2022-091-0334,91,LS2019>VS2022,1:1,0.6
LS2019-091-0335,VS2022-091-0335,91,LS2019>VS2022,1:1,0.6
LS2019-091-0336,VS2022-091-0336,91,LS2019>VS2022,1:1,0.6
LS2019-091-0337,VS2022-091-0337,91,LS2019>VS2022,1:1,0.6
LS2019-091-0338,VS2022-091-0338,91,LS2019>VS2022,1:1,0.6
LS2019-091-0339,VS2022-091-0339,91,LS2019>VS2022,1:1,0.6
LS2019-091-0340,VS2022-091-0340,91,LS2019>VS2022,1:1,0.6
LS2019-091-0341,VS2022-091-0341,91,LS2019>VS2022,1:1,0.6
LS2019-091-0342,VS2022-091-0342,91,LS2019>VS2022,1:1,0.6
LS2019-091-0343,VS2022-091-0343,91,LS2019>VS2022,1:1,0.6
LS2019-091-0344,VS2022-091-0344,91,LS2019>VS2022,1:1,0.6
LS2019-091-0345,VS2022-091-0345,91,LS2019>VS2022,1:1,0.6
LS2019-091-0346,VS2022-091-0346,91,LS2019>VS2022,1:1,0.6
LS2019-091-0347,VS2022-091-0347,91,LS2019>VS2022,1:1,0.6
LS2019-091-0348,VS2022-091-0348,91,LS2019>VS2022,1:1,0.6
LS2019-091-0349,VS2022-091-0349,91,LS2019>VS2022,1:1,0.6
LS2019-091-0350,VS2022-091-0350,91,LS2019>VS2022,1:1,0.6
LS2019-091-0351,VS2022-091-0351,91,LS2019>VS2022,1:1,0.6
LS2019-091-0352,VS2022-091-0352,91,LS2019>VS2022,1:1,0.6
LS2019-091-0353,VS2022-091-0353,91,LS2019>VS2022,1:1,0.6
LS2019-091-0354,VS2022-091-0354,91,LS2019>VS2022,1:1,0.6
LS2019-091-0355,VS2022-091-0355,91,LS2019>VS2022,1:1,0.6
LS2019-091-0356,VS2022-091-0356,91,LS2019>VS2022,1:1,0.6
LS2019-091-0357,VS2022-091-0357,91,LS2019>VS2022,1:1,0.6
LS2019-091-0358,VS2022-091-0358,91,LS2019>VS2022,1:1,0.6
LS2019-091-0359,VS2022-091-0359,91,LS2019>VS2022,1:1,0.6
LS2019-091-0360,VS2022-091-0360,91,LS2019>VS2022,1:1,0.6
LS2019-091-0361,VS2022-091-0361,91,LS2019>VS2022,1:1,0.6
LS2019-091-0362,VS2022-091-0362,91,LS2019>VS2022,1:1,0.6
LS2019-091-0363,VS2022-091-0363,91,LS2019>VS2022,1:1,0.6
LS2019-091-0364,VS2022-091-0364,91,LS2019>VS2022,1:1,0.6
LS2019-091-0365,VS2022-091-0365,91,LS2019>VS2022,1:1,0.6
LS2019-091-0366,VS2022-091-0366,91,LS2019>VS2022,1:1,0.6
LS2019-091-0367,VS2022-091-0367,91,LS2019>VS2022,1:1,0.6
LS2019-091-0368,VS2022-091-0368,91,LS2019>VS2022,1:1,0.6
LS2019-091-0369,VS2022-091-0369,91,LS2019>VS2022,1:1,0.6
LS2019-091-0370,VS2022-091-0370,91,LS2019>VS2022,1:1,0.6
LS2019-091-0371,VS2022-091-0371,91,LS2019>VS2022,1:1,0.85
LS2019-091-0372,VS2022-091-0372,91,LS2019>VS2022,1:1,0.6
LS2019-091-0373,VS2022-091-0373,91,LS2019>VS2022,1:1,0.6
LS2019-091-0374,VS2022-091-0374,91,LS2019>VS2022,1:1,0.6
LS2019-091-0375,VS2022-091-0375,91,LS2019>VS2022,1:1,0.6
LS2019-091-0376,VS2022-091-0376,91,LS2019>VS2022,1:1,0.6
LS2019-091-0377,VS2022-091-0377,91,LS2019>VS2022,1:1,0.6
LS2019-091-0378,VS2022-091-0378,91,LS2019>VS2022,1:1,0.6
LS2019-091-0379,VS2022-091-0379,91,LS2019>VS2022,1:1,0.6
LS2019-091-0380,VS2022-091-0380,91,LS2019>VS2022,1:1,0.6
LS2019-091-0381,VS2022-091-0381,91,LS2019>VS2022,1:1,0.6
LS2019-091-0382,VS2022-091-0382,91,LS2019>VS2022,1:1,0.6
LS2019-091-0383,VS2022-091-0383,91,LS2019>VS2022,1:1,0.6
LS2019-091-0384,VS2022-091-0384,91,LS2019>VS2022,1:1,0.6
LS2019-091-0385,VS2022-091-0385,91,LS2019>VS2022,1:1,0.6
LS2019-091-0386,VS2022-091-0386,91,LS2019>VS2022,1:1,0.6
LS2019-091-0387,VS2022-091-0387,91,LS2019>VS2022,1:1,0.6
LS2019-091-0388,VS2022-091-0388,91,LS2019>VS2022,1:1,0.6
LS2019-091-0389,VS2022-091-0389,91,LS2019>VS2022,1:1,0.6
LS2019-091-0390,VS2022-091-0390,91,LS2019>VS2022,1:1,0.6
LS2019-091-0391,VS2022-091-0391,91,LS2019>VS2022,1:1,0.6
LS2019-091-0392,VS2022-091-0392,91,LS2019>VS2022,1:1,0.6
LS2019-091-0393,VS2022-091-0393,91,LS2019>VS2022,1:1,0.6
LS2019-091-0394,VS2022-091-0394,91,LS2019>VS2022,1:1,0.6
LS2019-091-0395,VS2022-091-0395,91,LS2019>VS2022,1:1,0.6
LS2019-091-0396,VS2022-091-0396,91,LS2019>VS2022,1:1,0.6
LS2019-091-0397,VS2022-091-0397,91,LS2019>VS2022,1:1,0.6
LS2019-091-0398,VS2022-091-0398,91,LS2019>VS2022,1:1,0.6
LS2019-091-0399,VS2022-091-0399,91,LS2019>VS2022,1:1,0.6
LS2019-091-0400,VS2022-091-0400,91,LS2019>VS2022,1:1,0.6
LS2019-091-0401,VS2022-091-0401,91,LS2019>VS2022,1:1,0.6
LS2019-091-0402,VS2022-091-0402,91,LS2019>VS2022,1:1,0.6
LS2019-091-0403,VS2022-091-0403,91,LS2019>VS2022,1:1,0.6
LS2019-091-0404,VS2022-091-0404,91,LS2019>VS2022,1:1,0.6
,VS2022-091-0405,91,LS2019>VS2022,new,0.0
,VS2022-091-0406,91,LS2019>VS2022,new,0.0
,VS2022-091-0407,91,LS2019>VS2022,new,0.0
,VS2022-091-0408,91,LS2019>VS2022,new,0.0
,VS2022-091-0409,91,LS2019>VS2022,new,0.0
,VS2022-091-0410,91,LS2019>VS2022,new,0.0
,VS2022-091-0411,91,LS2019>VS2022,new,0.0
,VS2022-091-0412,91,LS2019>VS2022,new,0.0
,VS2022-091-0413,91,LS2019>VS2022,new,0.0
,VS2022-091-0414,91,LS2019>VS2022,new,0.0
,VS2022-091-0415,91,LS2019>VS2022,new,0.0
,VS2022-091-0416,91,LS2019>VS2022,new,0.0
,VS2022-091-0417,91,LS2019>VS2022,new,0.0
,VS2022-091-0418,91,LS2019>VS2022,new,0.0
,VS2022-091-0419,91,LS2019>VS2022,new,0.0
,VS2022-091-0420,91,LS2019>VS2022,new,0.0
,VS2022-091-0421,91,LS2019>VS2022,new,0.0
,VS2022-091-0422,91,LS2019>VS2022,new,0.0
,VS2022-091-0423,91,LS2019>VS2022,new,0.0
,VS2022-091-0424,91,LS2019>VS2022,new,0.0
,VS2022-091-0425,91,LS2019>VS2022,new,0.0
,VS2022-091-0426,91,LS2019>VS2022,new,0.0
,VS2022-091-0427,91,LS2019>VS2022,new,0.0
,VS2022-091-0428,91,LS2019>VS2022,new,0.0
,VS2022-092-0001,92,LS2019>VS2022,new,0.0
LS2019-092-0002,VS2022-092-0002,92,LS2019>VS2022,1:1,0.95
LS2019-092-0003,VS2022-092-0003,92,LS2019>VS2022,1:1,0.95
LS2019-092-0004,VS2022-092-0004,92,LS2019>VS2022,1:1,0.95
LS2019-092-0005,VS2022-092-0005,92,LS2019>VS2022,1:1,0.95
LS2019-092-0006,VS2022-092-0006,92,LS2019>VS2022,1:1,0.95
LS2019-092-0007,VS2022-092-0007,92,LS2019>VS2022,1:1,0.95
LS2019-092-0008,VS2022-092-0008,92,LS2019>VS2022,1:1,0.95
LS2019-092-0009,VS2022-092-0009,92,LS2019>VS2022,1:1,0.95
LS2019-092-0010,VS2022-092-0010,92,LS2019>VS2022,1:1,0.95
LS2019-092-0011,VS2022-092-0011,92,LS2019>VS2022,1:1,0.95
LS2019-092-0012,VS2022-092-0012,92,LS2019>VS2022,1:1,0.95
LS2019-092-0013,VS2022-092-0013,92,LS2019>VS2022,1:1,0.95
LS2019-092-0014,VS2022-092-0014,92,LS2019>VS2022,1:1,0.95
LS2019-092-0015,VS2022-092-0015,92,LS2019>VS2022,1:1,0.95
LS2019-092-0016,VS2022-092-0016,92,LS2019>VS2022,1:1,0.95
LS2019-092-0017,VS2022-092-0017,92,LS2019>VS2022,1:1,0.95
LS2019-092-0018,VS2022-092-0018,92,LS2019>VS2022,1:1,0.95
LS2019-092-0019,VS2022-092-0019,92,LS2019>VS2022,1:1,0.95
LS2019-092-0020,VS2022-092-0020,92,LS2019>VS2022,1:1,0.95
LS2019-092-0021,VS2022-092-0021,92,LS2019>VS2022,1:1,0.95
LS2019-092-0022,VS2022-092-0022,92,LS2019>VS2022,1:1,0.95
LS2019-092-0023,VS2022-092-0023,92,LS2019>VS2022,1:1,0.95
LS2019-092-0024,VS2022-092-0024,92,LS2019>VS2022,1:1,0.95
LS2019-092-0025,VS2022-092-0025,92,LS2019>VS2022,1:1,0.95
LS2019-092-0026,VS2022-092-0026,92,LS2019>VS2022,1:1,0.95
LS2019-092-0027,VS2022-092-0027,92,LS2019>VS2022,1:1,0.85
LS2019-092-0028,VS2022-092-0028,92,LS2019>VS2022,1:1,0.95
LS2019-092-0029,VS2022-092-0029,92,LS2019>VS2022,1:1,0.85
LS2019-092-0030,VS2022-092-0030,92,LS2019>VS2022,1:1,0.95
LS2019-092-0031,VS2022-092-0031,92,LS2019>VS2022,1:1,0.85
LS2019-092-0032,VS2022-092-0032,92,LS2019>VS2022,1:1,0.85
LS2019-092-0033,VS2022-092-0033,92,LS2019>VS2022,1:1,0.85
LS2019-092-0034,VS2022-092-0034,92,LS2019>VS2022,1:1,0.95
LS2019-092-0035,VS2022-092-0035,92,LS2019>VS2022,1:1,0.95
LS2019-092-0036,VS2022-092-0036,92,LS2019>VS2022,1:1,0.95
LS2019-092-0037,VS2022-092-0037,92,LS2019>VS2022,1:1,0.95
LS2019-092-0038,VS2022-092-0038,92,LS2019>VS2022,1:1,0.95
LS2019-092-0039,VS2022-092-0039,92,LS2019>VS2022,1:1,0.85
LS2019-092-0040,VS2022-092-0040,92,LS2019>VS2022,1:1,0.95
LS2019-092-0041,VS2022-092-0041,92,LS2019>VS2022,1:1,0.95
LS2019-092-0042,VS2022-092-0042,92,LS2019>VS2022,1:1,0.85
LS2019-092-0043,VS2022-092-0043,92,LS2019>VS2022,1:1,0.95
LS2019-092-0044,VS2022-092-0044,92,LS2019>VS2022,1:1,0.95
LS2019-092-0045,VS2022-092-0045,92,LS2019>VS2022,1:1,0.95
LS2019-092-0046,VS2022-092-0046,92,LS2019>VS2022,1:1,0.95
LS2019-092-0047,VS2022-092-0047,92,LS2019>VS2022,1:1,0.95
LS2019-092-0048,VS2022-092-0048,92,LS2019>VS2022,1:1,0.95
LS2019-092-0049,VS2022-092-0049,92,LS2019>VS2022,1:1,0.95
LS2019-092-0050,VS2022-092-0050,92,LS2019>VS2022,1:1,0.95
LS2019-092-0051,VS2022-092-0051,92,LS2019>VS2022,1:1,0.95
LS2019-092-0052,VS2022-092-0052,92,LS2019>VS2022,1:1,0.95
LS2019-092-0053,VS2022-092-0053,92,LS2019>VS2022,1:1,0.85
LS2019-092-0054,VS2022-092-0054,92,LS2019>VS2022,1:1,0.85
LS2019-092-0055,VS2022-092-0055,92,LS2019>VS2022,1:1,0.6
LS2019-092-0056,VS2022-092-0056,92,LS2019>VS2022,1:1,0.95
LS2019-092-0057,VS2022-092-0057,92,LS2019>VS2022,1:1,0.95
LS2019-092-0058,VS2022-092-0058,92,LS2019>VS2022,1:1,0.95
LS2019-092-0059,VS2022-092-0059,92,LS2019>VS2022,1:1,0.95
LS2019-092-0060,VS2022-092-0060,92,LS2019>VS2022,1:1,0.95
LS2019-092-0061,VS2022-092-0061,92,LS2019>VS2022,1:1,0.95
LS2019-092-0062,VS2022-092-0062,92,LS2019>VS2022,1:1,0.95
LS2019-092-0063,VS2022-092-0063,92,LS2019>VS2022,1:1,0.95
LS2019-092-0064,VS2022-092-0064,92,LS2019>VS2022,1:1,0.95
LS2019-092-0065,VS2022-092-0065,92,LS2019>VS2022,1:1,0.95
LS2019-092-0066,VS2022-092-0066,92,LS2019>VS2022,1:1,0.85
LS2019-092-0067,VS2022-092-0067,92,LS2019>VS2022,1:1,0.95
LS2019-092-0068,VS2022-092-0068,92,LS2019>VS2022,1:1,0.85
LS2019-092-0069,VS2022-092-0069,92,LS2019>VS2022,1:1,0.95
LS2019-092-0070,VS2022-092-0070,92,LS2019>VS2022,1:1,0.95
LS2019-092-0071,VS2022-092-0071,92,LS2019>VS2022,1:1,0.95
LS2019-092-0072,VS2022-092-0072,92,LS2019>VS2022,1:1,0.95
LS2019-092-0073,VS2022-092-0073,92,LS2019>VS2022,1:1,0.95
LS2019-092-0074,VS2022-092-0074,92,LS2019>VS2022,1:1,0.95
LS2019-092-0075,VS2022-092-0075,92,LS2019>VS2022,1:1,0.95
LS2019-092-0076,VS2022-092-0076,92,LS2019>VS2022,1:1,0.95
LS2019-092-0077,VS2022-092-0077,92,LS2019>VS2022,1:1,0.95
LS2019-092-0078,VS2022-092-0078,92,LS2019>VS2022,1:1,0.95
LS2019-092-0079,VS2022-092-0079,92,LS2019>VS2022,1:1,0.85
LS2019-092-0080,VS2022-092-0080,92,LS2019>VS2022,1:1,0.85
LS2019-092-0081,VS2022-092-0081,92,LS2019>VS2022,1:1,0.95
LS2019-092-0082,VS2022-092-0082,92,LS2019>VS2022,1:1,0.85
LS2019-092-0083,VS2022-092-0083,92,LS2019>VS2022,1:1,0.85
LS2019-092-0084,VS2022-092-0084,92,LS2019>VS2022,1:1,0.95
LS2019-092-0085,VS2022-092-0085,92,LS2019>VS2022,1:1,0.95
LS2019-092-0086,VS2022-092-0086,92,LS2019>VS2022,1:1,0.85
LS2019-092-0087,VS2022-092-0087,92,LS2019>VS2022,1:1,0.85
LS2019-092-0088,VS2022-092-0088,92,LS2019>VS2022,1:1,0.95
LS2019-092-0089,VS2022-092-0089,92,LS2019>VS2022,1:1,0.95
LS2019-092-0090,VS2022-092-0090,92,LS2019>VS2022,1:1,0.85
LS2019-092-0091,VS2022-092-0091,92,LS2019>VS2022,1:1,0.85
LS2019-092-0092,VS2022-092-0092,92,LS2019>VS2022,1:1,0.95
LS2019-092-0093,VS2022-092-0093,92,LS2019>VS2022,1:1,0.95
LS2019-092-0094,VS2022-092-0094,92,LS2019>VS2022,1:1,0.95
LS2019-092-0095,VS2022-092-0095,92,LS2019>VS2022,1:1,0.85
LS2019-092-0096,VS2022-092-0096,92,LS2019>VS2022,1:1,0.95
LS2019-092-0097,VS2022-092-0097,92,LS2019>VS2022,1:1,0.95
LS2019-092-0098,VS2022-092-0098,92,LS2019>VS2022,1:1,0.95
LS2019-092-0099,VS2022-092-0099,92,LS2019>VS2022,1:1,0.85
LS2019-092-0100,VS2022-092-0100,92,LS2019>VS2022,1:1,0.95
LS2019-092-0101,VS2022-092-0101,92,LS2019>VS2022,1:1,0.85
LS2019-092-0102,VS2022-092-0102,92,LS2019>VS2022,1:1,0.95
LS2019-092-0103,VS2022-092-0103,92,LS2019>VS2022,1:1,0.95
LS2019-092-0104,VS2022-092-0104,92,LS2019>VS2022,1:1,0.85
LS2019-092-0105,VS2022-092-0105,92,LS2019>VS2022,1:1,0.85
LS2019-092-0106,VS2022-092-0106,92,LS2019>VS2022,1:1,0.85
LS2019-092-0107,VS2022-092-0107,92,LS2019>VS2022,1:1,0.95
LS2019-092-0108,VS2022-092-0108,92,LS2019>VS2022,1:1,0.85
LS2019-092-0109,VS2022-092-0109,92,LS2019>VS2022,1:1,0.85
LS2019-092-0110,VS2022-092-0110,92,LS2019>VS2022,1:1,0.85
LS2019-092-0111,VS2022-092-0111,92,LS2019>VS2022,1:1,0.85
LS2019-092-0112,VS2022-092-0112,92,LS2019>VS2022,1:1,0.85
LS2019-092-0113,VS2022-092-0113,92,LS2019>VS2022,1:1,0.85
LS2019-092-0114,VS2022-092-0114,92,LS2019>VS2022,1:1,0.95
LS2019-092-0115,VS2022-092-0115,92,LS2019>VS2022,1:1,0.95
LS2019-092-0116,VS2022-092-0116,92,LS2019>VS2022,1:1,0.85
LS2019-092-0117,VS2022-092-0117,92,LS2019>VS2022,1:1,0.85
LS2019-092-0118,VS2022-092-0118,92,LS2019>VS2022,1:1,0.95
LS2019-092-0119,VS2022-092-0119,92,LS2019>VS2022,1:1,0.95
LS2019-092-0120,VS2022-092-0120,92,LS2019>VS2022,1:1,0.85
LS2019-092-0121,VS2022-092-0121,92,LS2019>VS2022,1:1,0.85
LS2019-092-0122,VS2022-092-0122,92,LS2019>VS2022,1:1,0.95
LS2019-092-0123,VS2022-092-0123,92,LS2019>VS2022,1:1,0.95
LS2019-092-0124,VS2022-092-0124,92,LS2019>VS2022,1:1,0.85
LS2019-092-0125,VS2022-092-0125,92,LS2019>VS2022,1:1,0.85
LS2019-092-0126,VS2022-092-0126,92,LS2019>VS2022,1:1,0.85
LS2019-092-0127,VS2022-092-0127,92,LS2019>VS2022,1:1,0.85
LS2019-092-0128,VS2022-092-0128,92,LS2019>VS2022,1:1,0.95
LS2019-092-0129,VS2022-092-0129,92,LS2019>VS2022,1:1,0.95
LS2019-092-0130,VS2022-092-0130,92,LS2019>VS2022,1:1,0.85
LS2019-092-0131,VS2022-092-0131,92,LS2019>VS2022,1:1,0.95
LS2019-092-0132,VS2022-092-0132,92,LS2019>VS2022,1:1,0.85
LS2019-092-0133,VS2022-092-0133,92,LS2019>VS2022,1:1,0.95
LS2019-092-0134,VS2022-092-0134,92,LS2019>VS2022,1:1,0.95
LS2019-092-0135,VS2022-092-0135,92,LS2019>VS2022,1:1,0.85
LS2019-092-0136,VS2022-092-0136,92,LS2019>VS2022,1:1,0.95
LS2019-092-0137,VS2022-092-0137,92,LS2019>VS2022,1:1,0.85
LS2019-092-0138,VS2022-092-0138,92,LS2019>VS2022,1:1,0.95
LS2019-092-0139,VS2022-092-0139,92,LS2019>VS2022,1:1,0.95
LS2019-092-0140,VS2022-092-0140,92,LS2019>VS2022,1:1,0.85
LS2019-092-0141,VS2022-092-0141,92,LS2019>VS2022,1:1,0.85
LS2019-092-0142,VS2022-092-0142,92,LS2019>VS2022,1:1,0.85
LS2019-092-0143,VS2022-092-0143,92,LS2019>VS2022,1:1,0.85
LS2019-092-0144,VS2022-092-0144,92,LS2019>VS2022,1:1,0.85
LS2019-092-0145,VS2022-092-0145,92,LS2019>VS2022,1:1,0.95
LS2019-092-0146,VS2022-092-0146,92,LS2019>VS2022,1:1,0.85
LS2019-092-0147,VS2022-092-0147,92,LS2019>VS2022,1:1,0.85
LS2019-092-0148,VS2022-092-0148,92,LS2019>VS2022,1:1,0.85
LS2019-092-0149,VS2022-092-0149,92,LS2019>VS2022,1:1,0.85
LS2019-092-0150,VS2022-092-0150,92,LS2019>VS2022,1:1,0.6
LS2019-092-0151,VS2022-092-0151,92,LS2019>VS2022,1:1,0.95
LS2019-092-0152,VS2022-092-0152,92,LS2019>VS2022,1:1,0.95
LS2019-092-0153,VS2022-092-0153,92,LS2019>VS2022,1:1,0.85
LS2019-092-0154,VS2022-092-0154,92,LS2019>VS2022,1:1,0.85
LS2019-092-0155,VS2022-092-0155,92,LS2019>VS2022,1:1,0.85
LS2019-092-0156,VS2022-092-0156,92,LS2019>VS2022,1:1,0.85
LS2019-092-0157,VS2022-092-0157,92,LS2019>VS2022,1:1,0.85
LS2019-092-0158,VS2022-092-0158,92,LS2019>VS2022,1:1,0.85
LS2019-092-0159,VS2022-092-0159,92,LS2019>VS2022,1:1,0.85
LS2019-092-0160,VS2022-092-0160,92,LS2019>VS2022,1:1,0.85
LS2019-092-0161,VS2022-092-0161,92,LS2019>VS2022,1:1,0.85
LS2019-092-0162,VS2022-092-0162,92,LS2019>VS2022,1:1,0.6
LS2019-092-0163,VS2022-092-0163,92,LS2019>VS2022,1:1,0.95
LS2019-092-0164,VS2022-092-0164,92,LS2019>VS2022,1:1,0.95
LS2019-092-0165,VS2022-092-0165,92,LS2019>VS2022,1:1,0.95
LS2019-092-0166,VS2022-092-0166,92,LS2019>VS2022,1:1,0.95
LS2019-092-0167,VS2022-092-0167,92,LS2019>VS2022,1:1,0.95
LS2019-092-0168,VS2022-092-0168,92,LS2019>VS2022,1:1,0.95
LS2019-092-0169,VS2022-092-0169,92,LS2019>VS2022,1:1,0.95
LS2019-092-0170,VS2022-092-0170,92,LS2019>VS2022,1:1,0.85
LS2019-092-0171,VS2022-092-0171,92,LS2019>VS2022,1:1,0.95
LS2019-092-0172,VS2022-092-0172,92,LS2019>VS2022,1:1,0.95
LS2019-092-0173,VS2022-092-0173,92,LS2019>VS2022,1:1,0.95
LS2019-092-0174,VS2022-092-0174,92,LS2019>VS2022,1:1,0.95
LS2019-092-0175,VS2022-092-0175,92,LS2019>VS2022,1:1,0.85
LS2019-092-0176,VS2022-092-0176,92,LS2019>VS2022,1:1,0.85
LS2019-092-0177,VS2022-092-0177,92,LS2019>VS2022,1:1,0.95
LS2019-092-0178,VS2022-092-0178,92,LS2019>VS2022,1:1,0.95
LS2019-092-0179,VS2022-092-0179,92,LS2019>VS2022,1:1,0.85
LS2019-092-0180,VS2022-092-0180,92,LS2019>VS2022,1:1,0.95
LS2019-092-0181,VS2022-092-0181,92,LS2019>VS2022,1:1,0.85
LS2019-092-0182,VS2022-092-0182,92,LS2019>VS2022,1:1,0.95
LS2019-092-0183,VS2022-092-0183,92,LS2019>VS2022,1:1,0.95
LS2019-092-0184,VS2022-092-0184,92,LS2019>VS2022,1:1,0.95
LS2019-092-0185,VS2022-092-0185,92,LS2019>VS2022,1:1,0.95
LS2019-092-0186,VS2022-092-0186,92,LS2019>VS2022,1:1,0.95
LS2019-092-0187,VS2022-092-0187,92,LS2019>VS2022,1:1,0.95
LS2019-092-0188,VS2022-092-0188,92,LS2019>VS2022,1:1,0.95
LS2019-092-0189,VS2022-092-0189,92,LS2019>VS2022,1:1,0.95
LS2019-092-0190,VS2022-092-0190,92,LS2019>VS2022,1:1,0.85
LS2019-092-0191,VS2022-092-0191,92,LS2019>VS2022,1:1,0.95
LS2019-092-0192,VS2022-092-0192,92,LS2019>VS2022,1:1,0.95
LS2019-092-0193,VS2022-092-0193,92,LS2019>VS2022,1:1,0.95
LS2019-092-0194,VS2022-092-0194,92,LS2019>VS2022,1:1,0.85
LS2019-092-0195,VS2022-092-0195,92,LS2019>VS2022,1:1,0.85
LS2019-092-0196,VS2022-092-0196,92,LS2019>VS2022,1:1,0.95
LS2019-092-0197,VS2022-092-0197,92,LS2019>VS2022,1:1,0.85
LS2019-092-0198,VS2022-092-0198,92,LS2019>VS2022,1:1,0.85
LS2019-092-0199,VS2022-092-0199,92,LS2019>VS2022,1:1,0.85
LS2019-092-0200,VS2022-092-0200,92,LS2019>VS2022,1:1,0.95
LS2019-092-0201,VS2022-092-0201,92,LS2019>VS2022,1:1,0.95
LS2019-092-0202,VS2022-092-0202,92,LS2019>VS2022,1:1,0.95
LS2019-092-0203,VS2022-092-0203,92,LS2019>VS2022,1:1,0.85
LS2019-092-0204,VS2022-092-0204,92,LS2019>VS2022,1:1,0.95
LS2019-092-0205,VS2022-092-0205,92,LS2019>VS2022,1:1,0.95
LS2019-092-0206,VS2022-092-0206,92,LS2019>VS2022,1:1,0.95
LS2019-092-0207,VS2022-092-0207,92,LS2019>VS2022,1:1,0.95
LS2019-092-0208,VS2022-092-0208,92,LS2019>VS2022,1:1,0.95
LS2019-092-0209,VS2022-092-0209,92,LS2019>VS2022,1:1,0.95
LS2019-092-0210,VS2022-092-0210,92,LS2019>VS2022,1:1,0.85
LS2019-092-0211,VS2022-092-0211,92,LS2019>VS2022,1:1,0.85
LS2019-092-0212,VS2022-092-0212,92,LS2019>VS2022,1:1,0.95
LS2019-092-0213,VS2022-092-0213,92,LS2019>VS2022,1:1,0.95
LS2019-092-0214,VS2022-092-0214,92,LS2019>VS2022,1:1,0.85
LS2019-092-0215,VS2022-092-0215,92,LS2019>VS2022,1:1,0.85
LS2019-092-0216,VS2022-092-0216,92,LS2019>VS2022,1:1,0.95
LS2019-092-0217,VS2022-092-0217,92,LS2019>VS2022,1:1,0.95
LS2019-092-0218,VS2022-092-0218,92,LS2019>VS2022,1:1,0.85
LS2019-092-0219,VS2022-092-0219,92,LS2019>VS2022,1:1,0.85
LS2019-092-0220,VS2022-092-0220,92,LS2019>VS2022,1:1,0.85
LS2019-092-0221,VS2022-092-0221,92,LS2019>VS2022,1:1,0.85
LS2019-092-0222,VS2022-092-0222,92,LS2019>VS2022,1:1,0.85
LS2019-092-0223,VS2022-092-0223,92,LS2019>VS2022,1:1,0.95
LS2019-092-0224,VS2022-092-0224,92,LS2019>VS2022,1:1,0.85
LS2019-092-0225,VS2022-092-0225,92,LS2019>VS2022,1:1,0.85
LS2019-092-0226,VS2022-092-0226,92,LS2019>VS2022,1:1,0.85
LS2019-092-0227,VS2022-092-0227,92,LS2019>VS2022,1:1,0.85
LS2019-092-0228,VS2022-092-0228,92,LS2019>VS2022,1:1,0.85
LS2019-092-0229,VS2022-092-0229,92,LS2019>VS2022,1:1,0.95
LS2019-092-0230,VS2022-092-0230,92,LS2019>VS2022,1:1,0.95
LS2019-092-0231,VS2022-092-0231,92,LS2019>VS2022,1:1,0.95
LS2019-092-0232,VS2022-092-0232,92,LS2019>VS2022,1:1,0.95
LS2019-092-0233,VS2022-092-0233,92,LS2019>VS2022,1:1,0.95
LS2019-092-0234,VS2022-092-0234,92,LS2019>VS2022,1:1,0.85
LS2019-092-0235,VS2022-092-0235,92,LS2019>VS2022,1:1,0.85
LS2019-092-0236,VS2022-092-0236,92,LS2019>VS2022,1:1,0.85
LS2019-092-0237,VS2022-092-0237,92,LS2019>VS2022,1:1,0.95
LS2019-092-0238,VS2022-092-0238,92,LS2019>VS2022,1:1,0.95
LS2019-092-0239,VS2022-092-0239,92,LS2019>VS2022,1:1,0.85
LS2019-092-0240,VS2022-092-0240,92,LS2019>VS2022,1:1,0.6
LS2019-092-0241,VS2022-092-0241,92,LS2019>VS2022,1:1,0.85
LS2019-092-0242,VS2022-092-0242,92,LS2019>VS2022,1:1,0.85
LS2019-092-0243,VS2022-092-0243,92,LS2019>VS2022,1:1,0.95
LS2019-092-0244,VS2022-092-0244,92,LS2019>VS2022,1:1,0.95
LS2019-092-0245,VS2022-092-0245,92,LS2019>VS2022,1:1,0.85
LS2019-092-0246,VS2022-092-0246,92,LS2019>VS2022,1:1,0.85
LS2019-092-0247,VS2022-092-0247,92,LS2019>VS2022,1:1,0.85
LS2019-092-0248,VS2022-092-0248,92,LS2019>VS2022,1:1,0.85
LS2019-092-0249,VS2022-092-0249,92,LS2019>VS2022,1:1,0.95
LS2019-092-0250,VS2022-092-0250,92,LS2019>VS2022,1:1,0.95
LS2019-092-0251,VS2022-092-0251,92,LS2019>VS2022,1:1,0.85
LS2019-092-0252,VS2022-092-0252,92,LS2019>VS2022,1:1,0.95
LS2019-092-0253,VS2022-092-0253,92,LS2019>VS2022,1:1,0.95
LS2019-092-0254,VS2022-092-0254,92,LS2019>VS2022,1:1,0.85
LS2019-092-0255,VS2022-092-0255,92,LS2019>VS2022,1:1,0.85
LS2019-092-0256,VS2022-092-0256,92,LS2019>VS2022,1:1,0.95
LS2019-092-0257,VS2022-092-0257,92,LS2019>VS2022,1:1,0.85
LS2019-092-0258,VS2022-092-0258,92,LS2019>VS2022,1:1,0.85
LS2019-092-0259,VS2022-092-0259,92,LS2019>VS2022,1:1,0.85
LS2019-092-0260,VS2022-092-0260,92,LS2019>VS2022,1:1,0.95
LS2019-092-0261,VS2022-092-0261,92,LS2019>VS2022,1:1,0.85
LS2019-092-0262,VS2022-092-0262,92,LS2019>VS2022,1:1,0.85
LS2019-092-0263,VS2022-092-0263,92,LS2019>VS2022,1:1,0.85
LS2019-092-0264,VS2022-092-0264,92,LS2019>VS2022,1:1,0.85
LS2019-092-0265,VS2022-092-0265,92,LS2019>VS2022,1:1,0.85
LS2019-092-0266,VS2022-092-0266,92,LS2019>VS2022,1:1,0.85
LS2019-092-0267,VS2022-092-0267,92,LS2019>VS2022,1:1,0.95
LS2019-092-0268,VS2022-092-0268,92,LS2019>VS2022,1:1,0.95
LS2019-092-0269,VS2022-092-0269,92,LS2019>VS2022,1:1,0.95
LS2019-092-0270,VS2022-092-0270,92,LS2019>VS2022,1:1,0.95
LS2019-092-0271,VS2022-092-0271,92,LS2019>VS2022,1:1,0.95
LS2019-092-0272,VS2022-092-0272,92,LS2019>VS2022,1:1,0.95
LS2019-092-0273,VS2022-092-0273,92,LS2019>VS2022,1:1,0.85
LS2019-092-0274,VS2022-092-0274,92,LS2019>VS2022,1:1,0.95
LS2019-092-0275,VS2022-092-0275,92,LS2019>VS2022,1:1,0.95
LS2019-092-0276,VS2022-092-0276,92,LS2019>VS2022,1:1,0.95
LS2019-092-0277,VS2022-092-0277,92,LS2019>VS2022,1:1,0.95
LS2019-092-0278,VS2022-092-0278,92,LS2019>VS2022,1:1,0.95
LS2019-092-0279,VS2022-092-0279,92,LS2019>VS2022,1:1,0.95
LS2019-092-0280,VS2022-092-0280,92,LS2019>VS2022,1:1,0.95
LS2019-092-0281,VS2022-092-0281,92,LS2019>VS2022,1:1,0.85
LS2019-092-0282,VS2022-092-0282,92,LS2019>VS2022,1:1,0.95
LS2019-092-0283,VS2022-092-0283,92,LS2019>VS2022,1:1,0.95
LS2019-092-0284,VS2022-092-0284,92,LS2019>VS2022,1:1,0.85
LS2019-092-0285,VS2022-092-0285,92,LS2019>VS2022,1:1,0.85
LS2019-092-0286,VS2022-092-0286,92,LS2019>VS2022,1:1,0.95
LS2019-092-0287,VS2022-092-0287,92,LS2019>VS2022,1:1,0.95
LS2019-092-0288,VS2022-092-0288,92,LS2019>VS2022,1:1,0.95
LS2019-092-0289,VS2022-092-0289,92,LS2019>VS2022,1:1,0.85
LS2019-092-0290,VS2022-092-0290,92,LS2019>VS2022,1:1,0.95
LS2019-092-0291,VS2022-092-0291,92,LS2019>VS2022,1:1,0.95
LS2019-092-0292,VS2022-092-0292,92,LS2019>VS2022,1:1,0.85
LS2019-092-0293,VS2022-092-0293,92,LS2019>VS2022,1:1,0.85
LS2019-092-0294,VS2022-092-0294,92,LS2019>VS2022,1:1,0.95
LS2019-092-0295,VS2022-092-0295,92,LS2019>VS2022,1:1,0.95
LS2019-092-0296,VS2022-092-0296,92,LS2019>VS2022,1:1,0.95
LS2019-092-0297,VS2022-092-0297,92,LS2019>VS2022,1:1,0.95
LS2019-092-0298,VS2022-092-0298,92,LS2019>VS2022,1:1,0.85
LS2019-092-0299,VS2022-092-0299,92,LS2019>VS2022,1:1,0.6
LS2019-092-0300,VS2022-092-0300,92,LS2019>VS2022,1:1,0.6
LS2019-092-0301,VS2022-092-0301,92,LS2019>VS2022,1:1,0.6
LS2019-092-0302,VS2022-092-0302,92,LS2019>VS2022,1:1,0.85
LS2019-092-0303,VS2022-092-0303,92,LS2019>VS2022,1:1,0.85
LS2019-092-0304,VS2022-092-0304,92,LS2019>VS2022,1:1,0.85
LS2019-092-0305,VS2022-092-0305,92,LS2019>VS2022,1:1,0.95
LS2019-092-0306,VS2022-092-0306,92,LS2019>VS2022,1:1,0.95
LS2019-092-0307,VS2022-092-0307,92,LS2019>VS2022,1:1,0.6
LS2019-092-0308,VS2022-092-0308,92,LS2019>VS2022,1:1,0.6
LS2019-092-0309,VS2022-092-0309,92,LS2019>VS2022,1:1,0.6
LS2019-092-0310,VS2022-092-0310,92,LS2019>VS2022,1:1,0.95
LS2019-092-0311,VS2022-092-0311,92,LS2019>VS2022,1:1,0.95
LS2019-092-0312,VS2022-092-0312,92,LS2019>VS2022,1:1,0.85
LS2019-092-0313,VS2022-092-0313,92,LS2019>VS2022,1:1,0.95
LS2019-092-0314,VS2022-092-0314,92,LS2019>VS2022,1:1,0.85
LS2019-092-0315,VS2022-092-0315,92,LS2019>VS2022,1:1,0.95
LS2019-092-0316,VS2022-092-0316,92,LS2019>VS2022,1:1,0.6
LS2019-092-0317,VS2022-092-0317,92,LS2019>VS2022,1:1,0.85
LS2019-092-0318,VS2022-092-0318,92,LS2019>VS2022,1:1,0.85
LS2019-092-0319,VS2022-092-0319,92,LS2019>VS2022,1:1,0.85
LS2019-092-0320,VS2022-092-0320,92,LS2019>VS2022,1:1,0.85
LS2019-092-0321,VS2022-092-0321,92,LS2019>VS2022,1:1,0.85
LS2019-092-0322,VS2022-092-0322,92,LS2019>VS2022,1:1,0.85
LS2019-092-0323,VS2022-092-0323,92,LS2019>VS2022,1:1,0.95
LS2019-092-0324,VS2022-092-0324,92,LS2019>VS2022,1:1,0.6
LS2019-092-0325,VS2022-092-0325,92,LS2019>VS2022,1:1,0.85
LS2019-092-0326,VS2022-092-0326,92,LS2019>VS2022,1:1,0.85
LS2019-092-0327,VS2022-092-0327,92,LS2019>VS2022,1:1,0.95
LS2019-092-0328,VS2022-092-0328,92,LS2019>VS2022,1:1,0.95
LS2019-092-0329,VS2022-092-0329,92,LS2019>VS2022,1:1,0.95
LS2019-092-0330,VS2022-092-0330,92,LS2019>VS2022,1:1,0.95
LS2019-092-0331,VS2022-092-0331,92,LS2019>VS2022,1:1,0.85
LS2019-092-0332,VS2022-092-0332,92,LS2019>VS2022,1:1,0.85
LS2019-092-0333,VS2022-092-0333,92,LS2019>VS2022,1:1,0.95
LS2019-092-0334,VS2022-092-0334,92,LS2019>VS2022,1:1,0.85
LS2019-092-0335,VS2022-092-0335,92,LS2019>VS2022,1:1,0.85
LS2019-092-0336,VS2022-092-0336,92,LS2019>VS2022,1:1,0.85
LS2019-092-0337,VS2022-092-0337,92,LS2019>VS2022,1:1,0.85
LS2019-092-0338,VS2022-092-0338,92,LS2019>VS2022,1:1,0.85
LS2019-092-0339,VS2022-092-0339,92,LS2019>VS2022,1:1,0.85
LS2019-092-0340,VS2022-092-0340,92,LS2019>VS2022,1:1,0.85
LS2019-092-0341,VS2022-092-0341,92,LS2019>VS2022,1:1,0.6
LS2019-092-0342,VS2022-092-0342,92,LS2019>VS2022,1:1,0.85
LS2019-092-0343,VS2022-092-0343,92,LS2019>VS2022,1:1,0.95
LS2019-092-0344,VS2022-092-0344,92,LS2019>VS2022,1:1,0.95
LS2019-092-0345,VS2022-092-0345,92,LS2019>VS2022,1:1,0.95
LS2019-092-0346,VS2022-092-0346,92,LS2019>VS2022,1:1,0.85
LS2019-092-0347,VS2022-092-0347,92,LS2019>VS2022,1:1,0.95
LS2019-092-0348,VS2022-092-0348,92,LS2019>VS2022,1:1,0.95
LS2019-092-0349,VS2022-092-0349,92,LS2019>VS2022,1:1,0.95
LS2019-092-0350,VS2022-092-0350,92,LS2019>VS2022,1:1,0.85
LS2019-092-0351,VS2022-092-0351,92,LS2019>VS2022,1:1,0.95
LS2019-092-0352,VS2022-092-0352,92,LS2019>VS2022,1:1,0.85
LS2019-092-0353,VS2022-092-0353,92,LS2019>VS2022,1:1,0.85
LS2019-092-0354,VS2022-092-0354,92,LS2019>VS2022,1:1,0.95
LS2019-092-0355,VS2022-092-0355,92,LS2019>VS2022,1:1,0.6
LS2019-092-0356,VS2022-092-0356,92,LS2019>VS2022,1:1,0.85
LS2019-092-0357,VS2022-092-0357,92,LS2019>VS2022,1:1,0.85
LS2019-092-0358,VS2022-092-0358,92,LS2019>VS2022,1:1,0.85
LS2019-092-0359,VS2022-092-0359,92,LS2019>VS2022,1:1,0.85
LS2019-092-0360,VS2022-092-0360,92,LS2019>VS2022,1:1,0.95
LS2019-092-0361,VS2022-092-0361,92,LS2019>VS2022,1:1,0.85
LS2019-092-0362,VS2022-092-0362,92,LS2019>VS2022,1:1,0.95
LS2019-092-0363,VS2022-092-0363,92,LS2019>VS2022,1:1,0.85
LS2019-092-0364,VS2022-092-0364,92,LS2019>VS2022,1:1,0.95
LS2019-092-0365,VS2022-092-0365,92,LS2019>VS2022,1:1,0.85
LS2019-092-0366,VS2022-092-0366,92,LS2019>VS2022,1:1,0.85
LS2019-092-0367,VS2022-092-0367,92,LS2019>VS2022,1:1,0.85
LS2019-092-0368,VS2022-092-0368,92,LS2019>VS2022,1:1,0.85
LS2019-092-0369,VS2022-092-0369,92,LS2019>VS2022,1:1,0.95
,VS2022-092-0370,92,LS2019>VS2022,new,0.0
,VS2022-092-0371,92,LS2019>VS2022,new,0.0
,VS2022-092-0372,92,LS2019>VS2022,new,0.0
,VS2022-092-0373,92,LS2019>VS2022,new,0.0
,VS2022-092-0374,92,LS2019>VS2022,new,0.0
,VS2022-092-0375,92,LS2019>VS2022,new,0.0
,VS2022-092-0376,92,LS2019>VS2022,new,0.0
,VS2022-092-0377,92,LS2019>VS2022,new,0.0
,VS2022-093-0001,93,LS2019>VS2022,new,0.0
LS2019-093-0002,VS2022-093-0002,93,LS2019>VS2022,1:1,0.95
LS2019-093-0003,VS2022-093-0003,93,LS2019>VS2022,1:1,0.95
LS2019-093-0004,VS2022-093-0004,93,LS2019>VS2022,1:1,0.95
LS2019-093-0005,VS2022-093-0005,93,LS2019>VS2022,1:1,0.95
LS2019-093-0006,VS2022-093-0006,93,LS2019>VS2022,1:1,0.95
LS2019-093-0007,VS2022-093-0007,93,LS2019>VS2022,1:1,0.95
LS2019-093-0008,VS2022-093-0008,93,LS2019>VS2022,1:1,0.95
LS2019-093-0009,VS2022-093-0009,93,LS2019>VS2022,1:1,0.95
LS2019-093-0010,VS2022-093-0010,93,LS2019>VS2022,1:1,0.95
LS2019-093-0011,VS2022-093-0011,93,LS2019>VS2022,1:1,0.95
LS2019-093-0012,VS2022-093-0012,93,LS2019>VS2022,1:1,0.95
LS2019-093-0013,VS2022-093-0013,93,LS2019>VS2022,1:1,0.95
LS2019-093-0014,VS2022-093-0014,93,LS2019>VS2022,1:1,0.95
LS2019-093-0015,VS2022-093-0015,93,LS2019>VS2022,1:1,0.95
LS2019-093-0016,VS2022-093-0016,93,LS2019>VS2022,1:1,0.95
LS2019-093-0017,VS2022-093-0017,93,LS2019>VS2022,1:1,0.95
LS2019-093-0018,VS2022-093-0018,93,LS2019>VS2022,1:1,0.95
LS2019-093-0019,VS2022-093-0019,93,LS2019>VS2022,1:1,0.95
LS2019-093-0020,VS2022-093-0020,93,LS2019>VS2022,1:1,0.85
LS2019-093-0021,VS2022-093-0021,93,LS2019>VS2022,1:1,0.95
LS2019-093-0022,VS2022-093-0022,93,LS2019>VS2022,1:1,0.95
LS2019-093-0023,VS2022-093-0023,93,LS2019>VS2022,1:1,0.95
LS2019-093-0024,VS2022-093-0024,93,LS2019>VS2022,1:1,0.95
LS2019-093-0025,VS2022-093-0025,93,LS2019>VS2022,1:1,0.95
LS2019-093-0026,VS2022-093-0026,93,LS2019>VS2022,1:1,0.95
LS2019-093-0027,VS2022-093-0027,93,LS2019>VS2022,1:1,0.95
LS2019-093-0028,VS2022-093-0028,93,LS2019>VS2022,1:1,0.95
LS2019-093-0029,VS2022-093-0029,93,LS2019>VS2022,1:1,0.95
LS2019-093-0030,VS2022-093-0030,93,LS2019>VS2022,1:1,0.95
LS2019-093-0031,VS2022-093-0031,93,LS2019>VS2022,1:1,0.95
LS2019-093-0032,VS2022-093-0032,93,LS2019>VS2022,1:1,0.95
LS2019-093-0033,VS2022-093-0033,93,LS2019>VS2022,1:1,0.95
LS2019-093-0034,VS2022-093-0034,93,LS2019>VS2022,1:1,0.95
LS2019-093-0035,VS2022-093-0035,93,LS2019>VS2022,1:1,0.95
LS2019-093-0036,VS2022-093-0036,93,LS2019>VS2022,1:1,0.95
LS2019-093-0037,VS2022-093-0037,93,LS2019>VS2022,1:1,0.95
LS2019-093-0038,VS2022-093-0038,93,LS2019>VS2022,1:1,0.95
LS2019-093-0039,VS2022-093-0039,93,LS2019>VS2022,1:1,0.95
LS2019-093-0040,VS2022-093-0040,93,LS2019>VS2022,1:1,0.95
LS2019-093-0041,VS2022-093-0041,93,LS2019>VS2022,1:1,0.95
LS2019-093-0042,VS2022-093-0042,93,LS2019>VS2022,1:1,0.95
LS2019-093-0043,VS2022-093-0043,93,LS2019>VS2022,1:1,0.95
LS2019-093-0044,VS2022-093-0044,93,LS2019>VS2022,1:1,0.95
LS2019-093-0045,VS2022-093-0045,93,LS2019>VS2022,1:1,0.95
LS2019-093-0046,VS2022-093-0046,93,LS2019>VS2022,1:1,0.95
LS2019-093-0047,VS2022-093-0047,93,LS2019>VS2022,1:1,0.95
LS2019-093-0048,VS2022-093-0048,93,LS2019>VS2022,1:1,0.95
LS2019-093-0049,VS2022-093-0049,93,LS2019>VS2022,1:1,0.95
LS2019-093-0050,VS2022-093-0050,93,LS2019>VS2022,1:1,0.95
LS2019-093-0051,VS2022-093-0051,93,LS2019>VS2022,1:1,0.95
LS2019-093-0052,VS2022-093-0052,93,LS2019>VS2022,1:1,0.85
LS2019-093-0053,VS2022-093-0053,93,LS2019>VS2022,1:1,0.95
LS2019-093-0054,VS2022-093-0054,93,LS2019>VS2022,1:1,0.85
LS2019-093-0055,VS2022-093-0055,93,LS2019>VS2022,1:1,0.95
LS2019-093-0056,VS2022-093-0056,93,LS2019>VS2022,1:1,0.95
LS2019-093-0057,VS2022-093-0057,93,LS2019>VS2022,1:1,0.85
LS2019-093-0058,VS2022-093-0058,93,LS2019>VS2022,1:1,0.95
LS2019-093-0059,VS2022-093-0059,93,LS2019>VS2022,1:1,0.95
LS2019-093-0060,VS2022-093-0060,93,LS2019>VS2022,1:1,0.85
LS2019-093-0061,VS2022-093-0061,93,LS2019>VS2022,1:1,0.95
LS2019-093-0062,VS2022-093-0062,93,LS2019>VS2022,1:1,0.95
LS2019-093-0063,VS2022-093-0063,93,LS2019>VS2022,1:1,0.95
LS2019-093-0064,VS2022-093-0064,93,LS2019>VS2022,1:1,0.95
LS2019-093-0065,VS2022-093-0065,93,LS2019>VS2022,1:1,0.95
LS2019-093-0066,VS2022-093-0066,93,LS2019>VS2022,1:1,0.95
LS2019-093-0067,VS2022-093-0067,93,LS2019>VS2022,1:1,0.95
LS2019-093-0068,VS2022-093-0068,93,LS2019>VS2022,1:1,0.95
LS2019-093-0069,VS2022-093-0069,93,LS2019>VS2022,1:1,0.85
LS2019-093-0070,VS2022-093-0070,93,LS2019>VS2022,1:1,0.95
LS2019-093-0071,VS2022-093-0071,93,LS2019>VS2022,1:1,0.95
LS2019-093-0072,VS2022-093-0072,93,LS2019>VS2022,1:1,0.95
LS2019-093-0073,VS2022-093-0073,93,LS2019>VS2022,1:1,0.95
LS2019-093-0074,VS2022-093-0074,93,LS2019>VS2022,1:1,0.85
LS2019-093-0075,VS2022-093-0075,93,LS2019>VS2022,1:1,0.95
LS2019-093-0076,VS2022-093-0076,93,LS2019>VS2022,1:1,0.95
LS2019-093-0077,VS2022-093-0077,93,LS2019>VS2022,1:1,0.95
LS2019-093-0078,VS2022-093-0078,93,LS2019>VS2022,1:1,0.95
LS2019-093-0079,VS2022-093-0079,93,LS2019>VS2022,1:1,0.95
LS2019-093-0080,VS2022-093-0080,93,LS2019>VS2022,1:1,0.95
LS2019-093-0081,VS2022-093-0081,93,LS2019>VS2022,1:1,0.95
LS2019-093-0082,VS2022-093-0082,93,LS2019>VS2022,1:1,0.95
LS2019-093-0083,VS2022-093-0083,93,LS2019>VS2022,1:1,0.95
LS2019-093-0084,VS2022-093-0084,93,LS2019>VS2022,1:1,0.95
LS2019-093-0085,VS2022-093-0085,93,LS2019>VS2022,1:1,0.95
LS2019-093-0086,VS2022-093-0086,93,LS2019>VS2022,1:1,0.95
LS2019-093-0087,VS2022-093-0087,93,LS2019>VS2022,1:1,0.85
LS2019-093-0088,VS2022-093-0088,93,LS2019>VS2022,1:1,0.95
LS2019-093-0089,VS2022-093-0089,93,LS2019>VS2022,1:1,0.95
LS2019-093-0090,VS2022-093-0090,93,LS2019>VS2022,1:1,0.95
LS2019-093-0091,VS2022-093-0091,93,LS2019>VS2022,1:1,0.95
LS2019-093-0092,VS2022-093-0092,93,LS2019>VS2022,1:1,0.95
LS2019-093-0093,VS2022-093-0093,93,LS2019>VS2022,1:1,0.95
LS2019-093-0094,VS2022-093-0094,93,LS2019>VS2022,1:1,0.95
LS2019-093-0095,VS2022-093-0095,93,LS2019>VS2022,1:1,0.95
LS2019-093-0096,VS2022-093-0096,93,LS2019>VS2022,1:1,0.95
LS2019-093-0097,VS2022-093-0097,93,LS2019>VS2022,1:1,0.95
LS2019-093-0098,VS2022-093-0098,93,LS2019>VS2022,1:1,0.95
LS2019-093-0099,VS2022-093-0099,93,LS2019>VS2022,1:1,0.85
LS2019-093-0100,VS2022-093-0100,93,LS2019>VS2022,1:1,0.85
LS2019-093-0101,VS2022-093-0101,93,LS2019>VS2022,1:1,0.85
LS2019-093-0102,VS2022-093-0102,93,LS2019>VS2022,1:1,0.85
LS2019-093-0103,VS2022-093-0103,93,LS2019>VS2022,1:1,0.95
LS2019-093-0104,VS2022-093-0104,93,LS2019>VS2022,1:1,0.95
LS2019-093-0105,VS2022-093-0105,93,LS2019>VS2022,1:1,0.95
LS2019-093-0106,VS2022-093-0106,93,LS2019>VS2022,1:1,0.95
LS2019-093-0107,VS2022-093-0107,93,LS2019>VS2022,1:1,0.95
LS2019-093-0108,VS2022-093-0108,93,LS2019>VS2022,1:1,0.95
LS2019-093-0109,VS2022-093-0109,93,LS2019>VS2022,1:1,0.85
LS2019-093-0110,VS2022-093-0110,93,LS2019>VS2022,1:1,0.85
LS2019-093-0111,VS2022-093-0111,93,LS2019>VS2022,1:1,0.85
LS2019-093-0112,VS2022-093-0112,93,LS2019>VS2022,1:1,0.95
LS2019-093-0113,VS2022-093-0113,93,LS2019>VS2022,1:1,0.95
LS2019-093-0114,VS2022-093-0114,93,LS2019>VS2022,1:1,0.95
LS2019-093-0115,VS2022-093-0115,93,LS2019>VS2022,1:1,0.95
LS2019-093-0116,VS2022-093-0116,93,LS2019>VS2022,1:1,0.95
LS2019-093-0117,VS2022-093-0117,93,LS2019>VS2022,1:1,0.95
LS2019-093-0118,VS2022-093-0118,93,LS2019>VS2022,1:1,0.95
LS2019-093-0119,VS2022-093-0119,93,LS2019>VS2022,1:1,0.95
LS2019-093-0120,VS2022-093-0120,93,LS2019>VS2022,1:1,0.85
LS2019-093-0121,VS2022-093-0121,93,LS2019>VS2022,1:1,0.95
LS2019-093-0122,VS2022-093-0122,93,LS2019>VS2022,1:1,0.95
LS2019-093-0123,VS2022-093-0123,93,LS2019>VS2022,1:1,0.95
LS2019-093-0124,VS2022-093-0124,93,LS2019>VS2022,1:1,0.95
LS2019-093-0125,VS2022-093-0125,93,LS2019>VS2022,1:1,0.95
LS2019-093-0126,VS2022-093-0126,93,LS2019>VS2022,1:1,0.95
LS2019-093-0127,VS2022-093-0127,93,LS2019>VS2022,1:1,0.95
LS2019-093-0128,VS2022-093-0128,93,LS2019>VS2022,1:1,0.85
LS2019-093-0129,VS2022-093-0129,93,LS2019>VS2022,1:1,0.95
LS2019-093-0130,VS2022-093-0130,93,LS2019>VS2022,1:1,0.95
LS2019-093-0131,VS2022-093-0131,93,LS2019>VS2022,1:1,0.95
LS2019-093-0132,VS2022-093-0132,93,LS2019>VS2022,1:1,0.95
LS2019-093-0133,VS2022-093-0133,93,LS2019>VS2022,1:1,0.95
LS2019-093-0134,VS2022-093-0134,93,LS2019>VS2022,1:1,0.95
LS2019-093-0135,VS2022-093-0135,93,LS2019>VS2022,1:1,0.95
LS2019-093-0136,VS2022-093-0136,93,LS2019>VS2022,1:1,0.95
LS2019-093-0137,VS2022-093-0137,93,LS2019>VS2022,1:1,0.95
LS2019-093-0138,VS2022-093-0138,93,LS2019>VS2022,1:1,0.95
LS2019-093-0139,VS2022-093-0139,93,LS2019>VS2022,1:1,0.95
LS2019-093-0140,VS2022-093-0140,93,LS2019>VS2022,1:1,0.95
LS2019-093-0141,VS2022-093-0141,93,LS2019>VS2022,1:1,0.95
LS2019-093-0142,VS2022-093-0142,93,LS2019>VS2022,1:1,0.95
LS2019-093-0143,VS2022-093-0143,93,LS2019>VS2022,1:1,0.95
LS2019-093-0144,VS2022-093-0144,93,LS2019>VS2022,1:1,0.95
LS2019-093-0145,VS2022-093-0145,93,LS2019>VS2022,1:1,0.95
LS2019-093-0146,VS2022-093-0146,93,LS2019>VS2022,1:1,0.95
LS2019-093-0147,VS2022-093-0147,93,LS2019>VS2022,1:1,0.95
LS2019-093-0148,VS2022-093-0148,93,LS2019>VS2022,1:1,0.95
LS2019-093-0149,VS2022-093-0149,93,LS2019>VS2022,1:1,0.95
LS2019-093-0150,VS2022-093-0150,93,LS2019>VS2022,1:1,0.95
LS2019-093-0151,VS2022-093-0151,93,LS2019>VS2022,1:1,0.95
LS2019-093-0152,VS2022-093-0152,93,LS2019>VS2022,1:1,0.95
LS2019-093-0153,VS2022-093-0153,93,LS2019>VS2022,1:1,0.95
LS2019-093-0154,VS2022-093-0154,93,LS2019>VS2022,1:1,0.95
LS2019-093-0155,VS2022-093-0155,93,LS2019>VS2022,1:1,0.95
LS2019-093-0156,VS2022-093-0156,93,LS2019>VS2022,1:1,0.95
LS2019-093-0157,VS2022-093-0157,93,LS2019>VS2022,1:1,0.95
LS2019-093-0158,VS2022-093-0158,93,LS2019>VS2022,1:1,0.95
LS2019-093-0159,VS2022-093-0159,93,LS2019>VS2022,1:1,0.95
LS2019-093-0160,VS2022-093-0160,93,LS2019>VS2022,1:1,0.95
LS2019-093-0161,VS2022-093-0161,93,LS2019>VS2022,1:1,0.95
LS2019-093-0162,VS2022-093-0162,93,LS2019>VS2022,1:1,0.95
LS2019-093-0163,VS2022-093-0163,93,LS2019>VS2022,1:1,0.95
LS2019-093-0164,VS2022-093-0164,93,LS2019>VS2022,1:1,0.95
LS2019-093-0165,VS2022-093-0165,93,LS2019>VS2022,1:1,0.95
LS2019-093-0166,VS2022-093-0166,93,LS2019>VS2022,1:1,0.95
LS2019-093-0167,VS2022-093-0167,93,LS2019>VS2022,1:1,0.95
LS2019-093-0168,VS2022-093-0168,93,LS2019>VS2022,1:1,0.95
LS2019-093-0169,VS2022-093-0169,93,LS2019>VS2022,1:1,0.95
LS2019-093-0170,VS2022-093-0170,93,LS2019>VS2022,1:1,0.95
LS2019-093-0171,VS2022-093-0171,93,LS2019>VS2022,1:1,0.95
LS2019-093-0172,VS2022-093-0172,93,LS2019>VS2022,1:1,0.95
LS2019-093-0173,VS2022-093-0173,93,LS2019>VS2022,1:1,0.95
LS2019-093-0174,VS2022-093-0174,93,LS2019>VS2022,1:1,0.95
LS2019-093-0175,VS2022-093-0175,93,LS2019>VS2022,1:1,0.95
LS2019-093-0176,VS2022-093-0176,93,LS2019>VS2022,1:1,0.95
LS2019-093-0177,VS2022-093-0177,93,LS2019>VS2022,1:1,0.95
LS2019-093-0178,VS2022-093-0178,93,LS2019>VS2022,1:1,0.95
LS2019-093-0179,VS2022-093-0179,93,LS2019>VS2022,1:1,0.85
LS2019-093-0180,VS2022-093-0180,93,LS2019>VS2022,1:1,0.95
LS2019-093-0181,VS2022-093-0181,93,LS2019>VS2022,1:1,0.95
LS2019-093-0182,VS2022-093-0182,93,LS2019>VS2022,1:1,0.95
LS2019-093-0183,VS2022-093-0183,93,LS2019>VS2022,1:1,0.95
LS2019-093-0184,VS2022-093-0184,93,LS2019>VS2022,1:1,0.95
LS2019-093-0185,VS2022-093-0185,93,LS2019>VS2022,1:1,0.95
LS2019-093-0186,VS2022-093-0186,93,LS2019>VS2022,1:1,0.85
LS2019-093-0187,VS2022-093-0187,93,LS2019>VS2022,1:1,0.85
LS2019-093-0188,VS2022-093-0188,93,LS2019>VS2022,1:1,0.95
LS2019-093-0189,VS2022-093-0189,93,LS2019>VS2022,1:1,0.85
LS2019-093-0190,VS2022-093-0190,93,LS2019>VS2022,1:1,0.85
LS2019-093-0191,VS2022-093-0191,93,LS2019>VS2022,1:1,0.85
LS2019-093-0192,VS2022-093-0192,93,LS2019>VS2022,1:1,0.95
LS2019-093-0193,VS2022-093-0193,93,LS2019>VS2022,1:1,0.95
LS2019-093-0194,VS2022-093-0194,93,LS2019>VS2022,1:1,0.95
LS2019-093-0195,VS2022-093-0195,93,LS2019>VS2022,1:1,0.95
LS2019-093-0196,VS2022-093-0196,93,LS2019>VS2022,1:1,0.95
LS2019-093-0197,VS2022-093-0197,93,LS2019>VS2022,1:1,0.95
LS2019-093-0198,VS2022-093-0198,93,LS2019>VS2022,1:1,0.95
LS2019-093-0199,VS2022-093-0199,93,LS2019>VS2022,1:1,0.95
LS2019-093-0200,VS2022-093-0200,93,LS2019>VS2022,1:1,0.95
LS2019-093-0201,VS2022-093-0201,93,LS2019>VS2022,1:1,0.85
LS2019-093-0202,VS2022-093-0202,93,LS2019>VS2022,1:1,0.85
LS2019-093-0203,VS2022-093-0203,93,LS2019>VS2022,1:1,0.85
LS2019-093-0204,VS2022-093-0204,93,LS2019>VS2022,1:1,0.95
LS2019-093-0205,VS2022-093-0205,93,LS2019>VS2022,1:1,0.95
LS2019-093-0206,VS2022-093-0206,93,LS2019>VS2022,1:1,0.95
LS2019-093-0207,VS2022-093-0207,93,LS2019>VS2022,1:1,0.95
LS2019-093-0208,VS2022-093-0208,93,LS2019>VS2022,1:1,0.95
LS2019-093-0209,VS2022-093-0209,93,LS2019>VS2022,1:1,0.95
LS2019-093-0210,VS2022-093-0210,93,LS2019>VS2022,1:1,0.95
LS2019-093-0211,VS2022-093-0211,93,LS2019>VS2022,1:1,0.95
LS2019-093-0212,VS2022-093-0212,93,LS2019>VS2022,1:1,0.95
LS2019-093-0213,VS2022-093-0213,93,LS2019>VS2022,1:1,0.95
LS2019-093-0214,VS2022-093-0214,93,LS2019>VS2022,1:1,0.85
LS2019-093-0215,VS2022-093-0215,93,LS2019>VS2022,1:1,0.85
LS2019-093-0216,VS2022-093-0216,93,LS2019>VS2022,1:1,0.95
LS2019-093-0217,VS2022-093-0217,93,LS2019>VS2022,1:1,0.95
LS2019-093-0218,VS2022-093-0218,93,LS2019>VS2022,1:1,0.85
LS2019-093-0219,VS2022-093-0219,93,LS2019>VS2022,1:1,0.95
LS2019-093-0220,VS2022-093-0220,93,LS2019>VS2022,1:1,0.95
LS2019-093-0221,VS2022-093-0221,93,LS2019>VS2022,1:1,0.95
LS2019-093-0222,VS2022-093-0222,93,LS2019>VS2022,1:1,0.95
LS2019-093-0223,VS2022-093-0223,93,LS2019>VS2022,1:1,0.95
LS2019-093-0224,VS2022-093-0224,93,LS2019>VS2022,1:1,0.95
LS2019-093-0225,VS2022-093-0225,93,LS2019>VS2022,1:1,0.85
LS2019-093-0226,VS2022-093-0226,93,LS2019>VS2022,1:1,0.95
LS2019-093-0227,VS2022-093-0227,93,LS2019>VS2022,1:1,0.85
LS2019-093-0228,VS2022-093-0228,93,LS2019>VS2022,1:1,0.95
LS2019-093-0229,VS2022-093-0229,93,LS2019>VS2022,1:1,0.95
LS2019-093-0230,VS2022-093-0230,93,LS2019>VS2022,1:1,0.95
LS2019-093-0231,VS2022-093-0231,93,LS2019>VS2022,1:1,0.95
LS2019-093-0232,VS2022-093-0232,93,LS2019>VS2022,1:1,0.95
LS2019-093-0233,VS2022-093-0233,93,LS2019>VS2022,1:1,0.85
LS2019-093-0234,VS2022-093-0234,93,LS2019>VS2022,1:1,0.95
LS2019-093-0235,VS2022-093-0235,93,LS2019>VS2022,1:1,0.85
LS2019-093-0236,VS2022-093-0236,93,LS2019>VS2022,1:1,0.85
LS2019-093-0237,VS2022-093-0237,93,LS2019>VS2022,1:1,0.95
LS2019-093-0238,VS2022-093-0238,93,LS2019>VS2022,1:1,0.95
LS2019-093-0239,VS2022-093-0239,93,LS2019>VS2022,1:1,0.95
LS2019-093-0240,VS2022-093-0240,93,LS2019>VS2022,1:1,0.95
LS2019-093-0241,VS2022-093-0241,93,LS2019>VS2022,1:1,0.95
LS2019-093-0242,VS2022-093-0242,93,LS2019>VS2022,1:1,0.85
LS2019-093-0243,VS2022-093-0243,93,LS2019>VS2022,1:1,0.95
LS2019-093-0244,VS2022-093-0244,93,LS2019>VS2022,1:1,0.95
LS2019-093-0245,VS2022-093-0245,93,LS2019>VS2022,1:1,0.95
LS2019-093-0246,VS2022-093-0246,93,LS2019>VS2022,1:1,0.95
LS2019-093-0247,VS2022-093-0247,93,LS2019>VS2022,1:1,0.95
LS2019-093-0248,VS2022-093-0248,93,LS2019>VS2022,1:1,0.95
LS2019-093-0249,VS2022-093-0249,93,LS2019>VS2022,1:1,0.95
LS2019-093-0250,VS2022-093-0250,93,LS2019>VS2022,1:1,0.95
LS2019-093-0251,VS2022-093-0251,93,LS2019>VS2022,1:1,0.95
LS2019-093-0252,VS2022-093-0252,93,LS2019>VS2022,1:1,0.95
LS2019-093-0253,VS2022-093-0253,93,LS2019>VS2022,1:1,0.95
LS2019-093-0254,VS2022-093-0254,93,LS2019>VS2022,1:1,0.95
LS2019-093-0255,VS2022-093-0255,93,LS2019>VS2022,1:1,0.95
LS2019-093-0256,VS2022-093-0256,93,LS2019>VS2022,1:1,0.95
LS2019-093-0257,VS2022-093-0257,93,LS2019>VS2022,1:1,0.95
LS2019-093-0258,VS2022-093-0258,93,LS2019>VS2022,1:1,0.95
LS2019-093-0259,VS2022-093-0259,93,LS2019>VS2022,1:1,0.95
LS2019-093-0260,VS2022-093-0260,93,LS2019>VS2022,1:1,0.85
LS2019-093-0261,VS2022-093-0261,93,LS2019>VS2022,1:1,0.95
LS2019-093-0262,VS2022-093-0262,93,LS2019>VS2022,1:1,0.95
LS2019-093-0263,VS2022-093-0263,93,LS2019>VS2022,1:1,0.95
LS2019-093-0264,VS2022-093-0264,93,LS2019>VS2022,1:1,0.95
LS2019-093-0265,VS2022-093-0265,93,LS2019>VS2022,1:1,0.95
LS2019-093-0266,VS2022-093-0266,93,LS2019>VS2022,1:1,0.95
LS2019-093-0267,VS2022-093-0267,93,LS2019>VS2022,1:1,0.95
LS2019-093-0268,VS2022-093-0268,93,LS2019>VS2022,1:1,0.95
LS2019-093-0269,VS2022-093-0269,93,LS2019>VS2022,1:1,0.95
LS2019-093-0270,VS2022-093-0270,93,LS2019>VS2022,1:1,0.95
LS2019-093-0271,VS2022-093-0271,93,LS2019>VS2022,1:1,0.95
LS2019-093-0272,VS2022-093-0272,93,LS2019>VS2022,1:1,0.95
LS2019-093-0273,VS2022-093-0273,93,LS2019>VS2022,1:1,0.95
LS2019-093-0274,VS2022-093-0274,93,LS2019>VS2022,1:1,0.85
LS2019-093-0275,VS2022-093-0275,93,LS2019>VS2022,1:1,0.85
LS2019-093-0276,VS2022-093-0276,93,LS2019>VS2022,1:1,0.95
LS2019-093-0277,VS2022-093-0277,93,LS2019>VS2022,1:1,0.95
LS2019-093-0278,VS2022-093-0278,93,LS2019>VS2022,1:1,0.95
LS2019-093-0279,VS2022-093-0279,93,LS2019>VS2022,1:1,0.6
LS2019-093-0280,VS2022-093-0280,93,LS2019>VS2022,1:1,0.95
LS2019-093-0281,VS2022-093-0281,93,LS2019>VS2022,1:1,0.95
LS2019-093-0282,VS2022-093-0282,93,LS2019>VS2022,1:1,0.95
LS2019-093-0283,VS2022-093-0283,93,LS2019>VS2022,1:1,0.95
LS2019-093-0284,VS2022-093-0284,93,LS2019>VS2022,1:1,0.95
LS2019-093-0285,VS2022-093-0285,93,LS2019>VS2022,1:1,0.95
LS2019-093-0286,VS2022-093-0286,93,LS2019>VS2022,1:1,0.95
LS2019-093-0287,VS2022-093-0287,93,LS2019>VS2022,1:1,0.6
LS2019-093-0288,VS2022-093-0288,93,LS2019>VS2022,1:1,0.85
LS2019-093-0289,VS2022-093-0289,93,LS2019>VS2022,1:1,0.85
LS2019-093-0290,VS2022-093-0290,93,LS2019>VS2022,1:1,0.85
LS2019-093-0291,VS2022-093-0291,93,LS2019>VS2022,1:1,0.85
LS2019-093-0292,VS2022-093-0292,93,LS2019>VS2022,1:1,0.85
LS2019-093-0293,VS2022-093-0293,93,LS2019>VS2022,1:1,0.85
LS2019-093-0294,VS2022-093-0294,93,LS2019>VS2022,1:1,0.85
LS2019-093-0295,VS2022-093-0295,93,LS2019>VS2022,1:1,0.85
LS2019-093-0296,VS2022-093-0296,93,LS2019>VS2022,1:1,0.6
LS2019-093-0297,VS2022-093-0297,93,LS2019>VS2022,1:1,0.85
LS2019-093-0298,VS2022-093-0298,93,LS2019>VS2022,1:1,0.85
LS2019-093-0299,VS2022-093-0299,93,LS2019>VS2022,1:1,0.85
LS2019-093-0300,VS2022-093-0300,93,LS2019>VS2022,1:1,0.85
LS2019-093-0301,VS2022-093-0301,93,LS2019>VS2022,1:1,0.85
LS2019-093-0302,VS2022-093-0302,93,LS2019>VS2022,1:1,0.6
LS2019-093-0303,VS2022-093-0303,93,LS2019>VS2022,1:1,0.85
LS2019-093-0304,VS2022-093-0304,93,LS2019>VS2022,1:1,0.85
LS2019-093-0305,VS2022-093-0305,93,LS2019>VS2022,1:1,0.85
LS2019-093-0306,VS2022-093-0306,93,LS2019>VS2022,1:1,0.85
LS2019-093-0307,VS2022-093-0307,93,LS2019>VS2022,1:1,0.85
LS2019-093-0308,VS2022-093-0308,93,LS2019>VS2022,1:1,0.85
LS2019-093-0309,VS2022-093-0309,93,LS2019>VS2022,1:1,0.85
LS2019-093-0310,VS2022-093-0310,93,LS2019>VS2022,1:1,0.85
LS2019-093-0311,VS2022-093-0311,93,LS2019>VS2022,1:1,0.95
LS2019-093-0312,VS2022-093-0312,93,LS2019>VS2022,1:1,0.95
LS2019-093-0313,VS2022-093-0313,93,LS2019>VS2022,1:1,0.95
LS2019-093-0314,VS2022-093-0314,93,LS2019>VS2022,1:1,0.95
LS2019-093-0315,VS2022-093-0315,93,LS2019>VS2022,1:1,0.85
LS2019-093-0316,VS2022-093-0316,93,LS2019>VS2022,1:1,0.85
LS2019-093-0317,VS2022-093-0317,93,LS2019>VS2022,1:1,0.6
LS2019-093-0318,VS2022-093-0318,93,LS2019>VS2022,1:1,0.85
LS2019-093-0319,VS2022-093-0319,93,LS2019>VS2022,1:1,0.85
LS2019-093-0320,VS2022-093-0320,93,LS2019>VS2022,1:1,0.85
LS2019-093-0321,VS2022-093-0321,93,LS2019>VS2022,1:1,0.85
LS2019-093-0322,VS2022-093-0322,93,LS2019>VS2022,1:1,0.85
LS2019-093-0323,VS2022-093-0323,93,LS2019>VS2022,1:1,0.85
LS2019-093-0324,VS2022-093-0324,93,LS2019>VS2022,1:1,0.85
LS2019-093-0325,VS2022-093-0325,93,LS2019>VS2022,1:1,0.95
LS2019-093-0326,VS2022-093-0326,93,LS2019>VS2022,1:1,0.95
LS2019-093-0327,VS2022-093-0327,93,LS2019>VS2022,1:1,0.95
LS2019-093-0328,VS2022-093-0328,93,LS2019>VS2022,1:1,0.95
LS2019-093-0329,VS2022-093-0329,93,LS2019>VS2022,1:1,0.95
LS2019-093-0330,VS2022-093-0330,93,LS2019>VS2022,1:1,0.95
LS2019-093-0331,VS2022-093-0331,93,LS2019>VS2022,1:1,0.95
LS2019-093-0332,VS2022-093-0332,93,LS2019>VS2022,1:1,0.95
LS2019-093-0333,VS2022-093-0333,93,LS2019>VS2022,1:1,0.95
LS2019-093-0334,VS2022-093-0334,93,LS2019>VS2022,1:1,0.95
LS2019-093-0335,VS2022-093-0335,93,LS2019>VS2022,1:1,0.95
LS2019-093-0336,VS2022-093-0336,93,LS2019>VS2022,1:1,0.95
LS2019-093-0337,VS2022-093-0337,93,LS2019>VS2022,1:1,0.85
LS2019-093-0338,VS2022-093-0338,93,LS2019>VS2022,1:1,0.95
LS2019-093-0339,VS2022-093-0339,93,LS2019>VS2022,1:1,0.95
LS2019-093-0340,VS2022-093-0340,93,LS2019>VS2022,1:1,0.95
LS2019-093-0341,VS2022-093-0341,93,LS2019>VS2022,1:1,0.95
LS2019-093-0342,VS2022-093-0342,93,LS2019>VS2022,1:1,0.95
LS2019-093-0343,VS2022-093-0343,93,LS2019>VS2022,1:1,0.95
LS2019-093-0344,VS2022-093-0344,93,LS2019>VS2022,1:1,0.95
LS2019-093-0345,VS2022-093-0345,93,LS2019>VS2022,1:1,0.95
LS2019-093-0346,VS2022-093-0346,93,LS2019>VS2022,1:1,0.95
LS2019-093-0347,VS2022-093-0347,93,LS2019>VS2022,1:1,0.95
LS2019-093-0348,VS2022-093-0348,93,LS2019>VS2022,1:1,0.95
LS2019-093-0349,VS2022-093-0349,93,LS2019>VS2022,1:1,0.95
LS2019-093-0350,VS2022-093-0350,93,LS2019>VS2022,1:1,0.95
LS2019-093-0351,VS2022-093-0351,93,LS2019>VS2022,1:1,0.95
LS2019-093-0352,VS2022-093-0352,93,LS2019>VS2022,1:1,0.95
LS2019-093-0353,VS2022-093-0353,93,LS2019>VS2022,1:1,0.95
LS2019-093-0354,VS2022-093-0354,93,LS2019>VS2022,1:1,0.95
LS2019-093-0355,VS2022-093-0355,93,LS2019>VS2022,1:1,0.95
LS2019-093-0356,VS2022-093-0356,93,LS2019>VS2022,1:1,0.95
LS2019-093-0357,VS2022-093-0357,93,LS2019>VS2022,1:1,0.95
LS2019-093-0358,VS2022-093-0358,93,LS2019>VS2022,1:1,0.95
LS2019-093-0359,VS2022-093-0359,93,LS2019>VS2022,1:1,0.95
LS2019-093-0360,VS2022-093-0360,93,LS2019>VS2022,1:1,0.85
LS2019-093-0361,VS2022-093-0361,93,LS2019>VS2022,1:1,0.95
,VS2022-093-0362,93,LS2019>VS2022,new,0.0
,VS2022-093-0363,93,LS2019>VS2022,new,0.0
,VS2022-093-0364,93,LS2019>VS2022,new,0.0
,VS2022-093-0365,93,LS2019>VS2022,new,0.0
,VS2022-093-0366,93,LS2019>VS2022,new,0.0
,VS2022-093-0367,93,LS2019>VS2022,new,0.0
,VS2022-093-0368,93,LS2019>VS2022,new,0.0
,VS2022-093-0369,93,LS2019>VS2022,new,0.0
,VS2022-093-0370,93,LS2019>VS2022,new,0.0
,VS2022-093-0371,93,LS2019>VS2022,new,0.0
,VS2022-093-0372,93,LS2019>VS2022,new,0.0
,VS2022-093-0373,93,LS2019>VS2022,new,0.0
,VS2022-093-0374,93,LS2019>VS2022,new,0.0
,VS2022-093-0375,93,LS2019>VS2022,new,0.0
,VS2022-093-0376,93,LS2019>VS2022,new,0.0
,VS2022-093-0377,93,LS2019>VS2022,new,0.0
,VS2022-093-0378,93,LS2019>VS2022,new,0.0
,VS2022-093-0379,93,LS2019>VS2022,new,0.0
,VS2022-093-0380,93,LS2019>VS2022,new,0.0
,VS2022-093-0381,93,LS2019>VS2022,new,0.0
,VS2022-093-0382,93,LS2019>VS2022,new,0.0
,VS2022-093-0383,93,LS2019>VS2022,new,0.0
,VS2022-093-0384,93,LS2019>VS2022,new,0.0
,VS2022-094-0001,94,LS2019>VS2022,new,0.0
LS2019-094-0002,VS2022-094-0002,94,LS2019>VS2022,1:1,0.95
LS2019-094-0003,VS2022-094-0003,94,LS2019>VS2022,1:1,0.95
LS2019-094-0004,VS2022-094-0004,94,LS2019>VS2022,1:1,0.95
LS2019-094-0005,VS2022-094-0005,94,LS2019>VS2022,1:1,0.95
LS2019-094-0006,VS2022-094-0006,94,LS2019>VS2022,1:1,0.95
LS2019-094-0007,VS2022-094-0007,94,LS2019>VS2022,1:1,0.95
LS2019-094-0008,VS2022-094-0008,94,LS2019>VS2022,1:1,0.95
LS2019-094-0009,VS2022-094-0009,94,LS2019>VS2022,1:1,0.95
LS2019-094-0010,VS2022-094-0010,94,LS2019>VS2022,1:1,0.95
LS2019-094-0011,VS2022-094-0011,94,LS2019>VS2022,1:1,0.95
LS2019-094-0012,VS2022-094-0012,94,LS2019>VS2022,1:1,0.95
LS2019-094-0013,VS2022-094-0013,94,LS2019>VS2022,1:1,0.95
LS2019-094-0014,VS2022-094-0014,94,LS2019>VS2022,1:1,0.95
LS2019-094-0015,VS2022-094-0015,94,LS2019>VS2022,1:1,0.95
LS2019-094-0016,VS2022-094-0016,94,LS2019>VS2022,1:1,0.95
LS2019-094-0017,VS2022-094-0017,94,LS2019>VS2022,1:1,0.95
LS2019-094-0018,VS2022-094-0018,94,LS2019>VS2022,1:1,0.95
LS2019-094-0019,VS2022-094-0019,94,LS2019>VS2022,1:1,0.95
LS2019-094-0020,VS2022-094-0020,94,LS2019>VS2022,1:1,0.95
LS2019-094-0021,VS2022-094-0021,94,LS2019>VS2022,1:1,0.95
LS2019-094-0022,VS2022-094-0022,94,LS2019>VS2022,1:1,0.95
LS2019-094-0023,VS2022-094-0023,94,LS2019>VS2022,1:1,0.95
LS2019-094-0024,VS2022-094-0024,94,LS2019>VS2022,1:1,0.95
LS2019-094-0025,VS2022-094-0025,94,LS2019>VS2022,1:1,0.95
LS2019-094-0026,VS2022-094-0026,94,LS2019>VS2022,1:1,0.95
LS2019-094-0027,VS2022-094-0027,94,LS2019>VS2022,1:1,0.95
LS2019-094-0028,VS2022-094-0028,94,LS2019>VS2022,1:1,0.95
LS2019-094-0029,VS2022-094-0029,94,LS2019>VS2022,1:1,0.95
LS2019-094-0030,VS2022-094-0030,94,LS2019>VS2022,1:1,0.95
LS2019-094-0031,VS2022-094-0031,94,LS2019>VS2022,1:1,0.95
LS2019-094-0032,VS2022-094-0032,94,LS2019>VS2022,1:1,0.95
LS2019-094-0033,VS2022-094-0033,94,LS2019>VS2022,1:1,0.95
LS2019-094-0034,VS2022-094-0034,94,LS2019>VS2022,1:1,0.95
LS2019-094-0035,VS2022-094-0035,94,LS2019>VS2022,1:1,0.85
LS2019-094-0036,VS2022-094-0036,94,LS2019>VS2022,1:1,0.95
LS2019-094-0037,VS2022-094-0037,94,LS2019>VS2022,1:1,0.85
LS2019-094-0038,VS2022-094-0038,94,LS2019>VS2022,1:1,0.95
LS2019-094-0039,VS2022-094-0039,94,LS2019>VS2022,1:1,0.95
LS2019-094-0040,VS2022-094-0040,94,LS2019>VS2022,1:1,0.85
LS2019-094-0041,VS2022-094-0041,94,LS2019>VS2022,1:1,0.85
LS2019-094-0042,VS2022-094-0042,94,LS2019>VS2022,1:1,0.95
LS2019-094-0043,VS2022-094-0043,94,LS2019>VS2022,1:1,0.95
LS2019-094-0044,VS2022-094-0044,94,LS2019>VS2022,1:1,0.95
LS2019-094-0045,VS2022-094-0045,94,LS2019>VS2022,1:1,0.95
LS2019-094-0046,VS2022-094-0046,94,LS2019>VS2022,1:1,0.95
LS2019-094-0047,VS2022-094-0047,94,LS2019>VS2022,1:1,0.95
LS2019-094-0048,VS2022-094-0048,94,LS2019>VS2022,1:1,0.95
LS2019-094-0049,VS2022-094-0049,94,LS2019>VS2022,1:1,0.95
LS2019-094-0050,VS2022-094-0050,94,LS2019>VS2022,1:1,0.95
LS2019-094-0051,VS2022-094-0051,94,LS2019>VS2022,1:1,0.95
LS2019-094-0052,VS2022-094-0052,94,LS2019>VS2022,1:1,0.85
LS2019-094-0053,VS2022-094-0053,94,LS2019>VS2022,1:1,0.95
LS2019-094-0054,VS2022-094-0054,94,LS2019>VS2022,1:1,0.95
LS2019-094-0055,VS2022-094-0055,94,LS2019>VS2022,1:1,0.95
LS2019-094-0056,VS2022-094-0056,94,LS2019>VS2022,1:1,0.95
LS2019-094-0057,VS2022-094-0057,94,LS2019>VS2022,1:1,0.95
LS2019-094-0058,VS2022-094-0058,94,LS2019>VS2022,1:1,0.95
LS2019-094-0059,VS2022-094-0059,94,LS2019>VS2022,1:1,0.95
LS2019-094-0060,VS2022-094-0060,94,LS2019>VS2022,1:1,0.85
LS2019-094-0061,VS2022-094-0061,94,LS2019>VS2022,1:1,0.95
LS2019-094-0062,VS2022-094-0062,94,LS2019>VS2022,1:1,0.95
LS2019-094-0063,VS2022-094-0063,94,LS2019>VS2022,1:1,0.85
LS2019-094-0064,VS2022-094-0064,94,LS2019>VS2022,1:1,0.85
LS2019-094-0065,VS2022-094-0065,94,LS2019>VS2022,1:1,0.95
LS2019-094-0066,VS2022-094-0066,94,LS2019>VS2022,1:1,0.95
LS2019-094-0067,VS2022-094-0067,94,LS2019>VS2022,1:1,0.95
LS2019-094-0068,VS2022-094-0068,94,LS2019>VS2022,1:1,0.95
LS2019-094-0069,VS2022-094-0069,94,LS2019>VS2022,1:1,0.95
LS2019-094-0070,VS2022-094-0070,94,LS2019>VS2022,1:1,0.95
LS2019-094-0071,VS2022-094-0071,94,LS2019>VS2022,1:1,0.95
LS2019-094-0072,VS2022-094-0072,94,LS2019>VS2022,1:1,0.95
LS2019-094-0073,VS2022-094-0073,94,LS2019>VS2022,1:1,0.95
LS2019-094-0074,VS2022-094-0074,94,LS2019>VS2022,1:1,0.95
LS2019-094-0075,VS2022-094-0075,94,LS2019>VS2022,1:1,0.95
LS2019-094-0076,VS2022-094-0076,94,LS2019>VS2022,1:1,0.95
LS2019-094-0077,VS2022-094-0077,94,LS2019>VS2022,1:1,0.85
LS2019-094-0078,VS2022-094-0078,94,LS2019>VS2022,1:1,0.95
LS2019-094-0079,VS2022-094-0079,94,LS2019>VS2022,1:1,0.85
LS2019-094-0080,VS2022-094-0080,94,LS2019>VS2022,1:1,0.95
LS2019-094-0081,VS2022-094-0081,94,LS2019>VS2022,1:1,0.95
LS2019-094-0082,VS2022-094-0082,94,LS2019>VS2022,1:1,0.85
LS2019-094-0083,VS2022-094-0083,94,LS2019>VS2022,1:1,0.95
LS2019-094-0084,VS2022-094-0084,94,LS2019>VS2022,1:1,0.95
LS2019-094-0085,VS2022-094-0085,94,LS2019>VS2022,1:1,0.95
LS2019-094-0086,VS2022-094-0086,94,LS2019>VS2022,1:1,0.95
LS2019-094-0087,VS2022-094-0087,94,LS2019>VS2022,1:1,0.95
LS2019-094-0088,VS2022-094-0088,94,LS2019>VS2022,1:1,0.95
LS2019-094-0089,VS2022-094-0089,94,LS2019>VS2022,1:1,0.95
LS2019-094-0090,VS2022-094-0090,94,LS2019>VS2022,1:1,0.95
LS2019-094-0091,VS2022-094-0091,94,LS2019>VS2022,1:1,0.95
LS2019-094-0092,VS2022-094-0092,94,LS2019>VS2022,1:1,0.95
LS2019-094-0093,VS2022-094-0093,94,LS2019>VS2022,1:1,0.85
LS2019-094-0094,VS2022-094-0094,94,LS2019>VS2022,1:1,0.95
LS2019-094-0095,VS2022-094-0095,94,LS2019>VS2022,1:1,0.95
LS2019-094-0096,VS2022-094-0096,94,LS2019>VS2022,1:1,0.95
LS2019-094-0097,VS2022-094-0097,94,LS2019>VS2022,1:1,0.95
LS2019-094-0098,VS2022-094-0098,94,LS2019>VS2022,1:1,0.95
LS2019-094-0099,VS2022-094-0099,94,LS2019>VS2022,1:1,0.95
LS2019-094-0100,VS2022-094-0100,94,LS2019>VS2022,1:1,0.85
LS2019-094-0101,VS2022-094-0101,94,LS2019>VS2022,1:1,0.85
LS2019-094-0102,VS2022-094-0102,94,LS2019>VS2022,1:1,0.95
LS2019-094-0103,VS2022-094-0103,94,LS2019>VS2022,1:1,0.95
LS2019-094-0104,VS2022-094-0104,94,LS2019>VS2022,1:1,0.95
LS2019-094-0105,VS2022-094-0105,94,LS2019>VS2022,1:1,0.95
LS2019-094-0106,VS2022-094-0106,94,LS2019>VS2022,1:1,0.85
LS2019-094-0107,VS2022-094-0107,94,LS2019>VS2022,1:1,0.95
LS2019-094-0108,VS2022-094-0108,94,LS2019>VS2022,1:1,0.95
LS2019-094-0109,VS2022-094-0109,94,LS2019>VS2022,1:1,0.95
LS2019-094-0110,VS2022-094-0110,94,LS2019>VS2022,1:1,0.95
LS2019-094-0111,VS2022-094-0111,94,LS2019>VS2022,1:1,0.95
LS2019-094-0112,VS2022-094-0112,94,LS2019>VS2022,1:1,0.95
LS2019-094-0113,VS2022-094-0113,94,LS2019>VS2022,1:1,0.85
LS2019-094-0114,VS2022-094-0114,94,LS2019>VS2022,1:1,0.95
LS2019-094-0115,VS2022-094-0115,94,LS2019>VS2022,1:1,0.95
LS2019-094-0116,VS2022-094-0116,94,LS2019>VS2022,1:1,0.85
LS2019-094-0117,VS2022-094-0117,94,LS2019>VS2022,1:1,0.95
LS2019-094-0118,VS2022-094-0118,94,LS2019>VS2022,1:1,0.95
LS2019-094-0119,VS2022-094-0119,94,LS2019>VS2022,1:1,0.85
LS2019-094-0120,VS2022-094-0120,94,LS2019>VS2022,1:1,0.85
LS2019-094-0121,VS2022-094-0121,94,LS2019>VS2022,1:1,0.95
LS2019-094-0122,VS2022-094-0122,94,LS2019>VS2022,1:1,0.85
LS2019-094-0123,VS2022-094-0123,94,LS2019>VS2022,1:1,0.85
LS2019-094-0124,VS2022-094-0124,94,LS2019>VS2022,1:1,0.95
LS2019-094-0125,VS2022-094-0125,94,LS2019>VS2022,1:1,0.95
LS2019-094-0126,VS2022-094-0126,94,LS2019>VS2022,1:1,0.95
LS2019-094-0127,VS2022-094-0127,94,LS2019>VS2022,1:1,0.95
LS2019-094-0128,VS2022-094-0128,94,LS2019>VS2022,1:1,0.95
LS2019-094-0129,VS2022-094-0129,94,LS2019>VS2022,1:1,0.95
LS2019-094-0130,VS2022-094-0130,94,LS2019>VS2022,1:1,0.95
LS2019-094-0131,VS2022-094-0131,94,LS2019>VS2022,1:1,0.95
LS2019-094-0132,VS2022-094-0132,94,LS2019>VS2022,1:1,0.95
LS2019-094-0133,VS2022-094-0133,94,LS2019>VS2022,1:1,0.85
LS2019-094-0134,VS2022-094-0134,94,LS2019>VS2022,1:1,0.85
LS2019-094-0135,VS2022-094-0135,94,LS2019>VS2022,1:1,0.85
LS2019-094-0136,VS2022-094-0136,94,LS2019>VS2022,1:1,0.95
LS2019-094-0137,VS2022-094-0137,94,LS2019>VS2022,1:1,0.85
LS2019-094-0138,VS2022-094-0138,94,LS2019>VS2022,1:1,0.85
LS2019-094-0139,VS2022-094-0139,94,LS2019>VS2022,1:1,0.85
LS2019-094-0140,VS2022-094-0140,94,LS2019>VS2022,1:1,0.85
LS2019-094-0141,VS2022-094-0141,94,LS2019>VS2022,1:1,0.85
LS2019-094-0142,VS2022-094-0142,94,LS2019>VS2022,1:1,0.95
LS2019-094-0143,VS2022-094-0143,94,LS2019>VS2022,1:1,0.95
LS2019-094-0144,VS2022-094-0144,94,LS2019>VS2022,1:1,0.95
LS2019-094-0145,VS2022-094-0145,94,LS2019>VS2022,1:1,0.95
LS2019-094-0146,VS2022-094-0146,94,LS2019>VS2022,1:1,0.95
LS2019-094-0147,VS2022-094-0147,94,LS2019>VS2022,1:1,0.85
LS2019-094-0148,VS2022-094-0148,94,LS2019>VS2022,1:1,0.95
LS2019-094-0149,VS2022-094-0149,94,LS2019>VS2022,1:1,0.95
LS2019-094-0150,VS2022-094-0150,94,LS2019>VS2022,1:1,0.95
LS2019-094-0151,VS2022-094-0151,94,LS2019>VS2022,1:1,0.95
LS2019-094-0152,VS2022-094-0152,94,LS2019>VS2022,1:1,0.95
LS2019-094-0153,VS2022-094-0153,94,LS2019>VS2022,1:1,0.95
LS2019-094-0154,VS2022-094-0154,94,LS2019>VS2022,1:1,0.95
LS2019-094-0155,VS2022-094-0155,94,LS2019>VS2022,1:1,0.95
LS2019-094-0156,VS2022-094-0156,94,LS2019>VS2022,1:1,0.95
LS2019-094-0157,VS2022-094-0157,94,LS2019>VS2022,1:1,0.95
LS2019-094-0158,VS2022-094-0158,94,LS2019>VS2022,1:1,0.95
LS2019-094-0159,VS2022-094-0159,94,LS2019>VS2022,1:1,0.95
LS2019-094-0160,VS2022-094-0160,94,LS2019>VS2022,1:1,0.95
LS2019-094-0161,VS2022-094-0161,94,LS2019>VS2022,1:1,0.85
LS2019-094-0162,VS2022-094-0162,94,LS2019>VS2022,1:1,0.95
LS2019-094-0163,VS2022-094-0163,94,LS2019>VS2022,1:1,0.95
LS2019-094-0164,VS2022-094-0164,94,LS2019>VS2022,1:1,0.95
LS2019-094-0165,VS2022-094-0165,94,LS2019>VS2022,1:1,0.95
LS2019-094-0166,VS2022-094-0166,94,LS2019>VS2022,1:1,0.95
LS2019-094-0167,VS2022-094-0167,94,LS2019>VS2022,1:1,0.85
LS2019-094-0168,VS2022-094-0168,94,LS2019>VS2022,1:1,0.95
LS2019-094-0169,VS2022-094-0169,94,LS2019>VS2022,1:1,0.85
LS2019-094-0170,VS2022-094-0170,94,LS2019>VS2022,1:1,0.95
LS2019-094-0171,VS2022-094-0171,94,LS2019>VS2022,1:1,0.95
LS2019-094-0172,VS2022-094-0172,94,LS2019>VS2022,1:1,0.85
LS2019-094-0173,VS2022-094-0173,94,LS2019>VS2022,1:1,0.95
LS2019-094-0174,VS2022-094-0174,94,LS2019>VS2022,1:1,0.95
LS2019-094-0175,VS2022-094-0175,94,LS2019>VS2022,1:1,0.95
LS2019-094-0176,VS2022-094-0176,94,LS2019>VS2022,1:1,0.95
LS2019-094-0177,VS2022-094-0177,94,LS2019>VS2022,1:1,0.95
LS2019-094-0178,VS2022-094-0178,94,LS2019>VS2022,1:1,0.85
LS2019-094-0179,VS2022-094-0179,94,LS2019>VS2022,1:1,0.85
LS2019-094-0180,VS2022-094-0180,94,LS2019>VS2022,1:1,0.95
LS2019-094-0181,VS2022-094-0181,94,LS2019>VS2022,1:1,0.95
LS2019-094-0182,VS2022-094-0182,94,LS2019>VS2022,1:1,0.95
LS2019-094-0183,VS2022-094-0183,94,LS2019>VS2022,1:1,0.95
LS2019-094-0184,VS2022-094-0184,94,LS2019>VS2022,1:1,0.95
LS2019-094-0185,VS2022-094-0185,94,LS2019>VS2022,1:1,0.95
LS2019-094-0186,VS2022-094-0186,94,LS2019>VS2022,1:1,0.95
LS2019-094-0187,VS2022-094-0187,94,LS2019>VS2022,1:1,0.95
LS2019-094-0188,VS2022-094-0188,94,LS2019>VS2022,1:1,0.95
LS2019-094-0189,VS2022-094-0189,94,LS2019>VS2022,1:1,0.95
LS2019-094-0190,VS2022-094-0190,94,LS2019>VS2022,1:1,0.95
LS2019-094-0191,VS2022-094-0191,94,LS2019>VS2022,1:1,0.95
LS2019-094-0192,VS2022-094-0192,94,LS2019>VS2022,1:1,0.85
LS2019-094-0193,VS2022-094-0193,94,LS2019>VS2022,1:1,0.85
LS2019-094-0194,VS2022-094-0194,94,LS2019>VS2022,1:1,0.95
LS2019-094-0195,VS2022-094-0195,94,LS2019>VS2022,1:1,0.95
LS2019-094-0196,VS2022-094-0196,94,LS2019>VS2022,1:1,0.95
LS2019-094-0197,VS2022-094-0197,94,LS2019>VS2022,1:1,0.95
LS2019-094-0198,VS2022-094-0198,94,LS2019>VS2022,1:1,0.95
LS2019-094-0199,VS2022-094-0199,94,LS2019>VS2022,1:1,0.95
LS2019-094-0200,VS2022-094-0200,94,LS2019>VS2022,1:1,0.95
LS2019-094-0201,VS2022-094-0201,94,LS2019>VS2022,1:1,0.95
LS2019-094-0202,VS2022-094-0202,94,LS2019>VS2022,1:1,0.95
LS2019-094-0203,VS2022-094-0203,94,LS2019>VS2022,1:1,0.85
LS2019-094-0204,VS2022-094-0204,94,LS2019>VS2022,1:1,0.95
LS2019-094-0205,VS2022-094-0205,94,LS2019>VS2022,1:1,0.95
LS2019-094-0206,VS2022-094-0206,94,LS2019>VS2022,1:1,0.95
LS2019-094-0207,VS2022-094-0207,94,LS2019>VS2022,1:1,0.95
LS2019-094-0208,VS2022-094-0208,94,LS2019>VS2022,1:1,0.85
LS2019-094-0209,VS2022-094-0209,94,LS2019>VS2022,1:1,0.95
LS2019-094-0210,VS2022-094-0210,94,LS2019>VS2022,1:1,0.85
LS2019-094-0211,VS2022-094-0211,94,LS2019>VS2022,1:1,0.95
LS2019-094-0212,VS2022-094-0212,94,LS2019>VS2022,1:1,0.95
LS2019-094-0213,VS2022-094-0213,94,LS2019>VS2022,1:1,0.95
LS2019-094-0214,VS2022-094-0214,94,LS2019>VS2022,1:1,0.95
LS2019-094-0215,VS2022-094-0215,94,LS2019>VS2022,1:1,0.95
LS2019-094-0216,VS2022-094-0216,94,LS2019>VS2022,1:1,0.95
LS2019-094-0217,VS2022-094-0217,94,LS2019>VS2022,1:1,0.95
LS2019-094-0218,VS2022-094-0218,94,LS2019>VS2022,1:1,0.95
LS2019-094-0219,VS2022-094-0219,94,LS2019>VS2022,1:1,0.95
LS2019-094-0220,VS2022-094-0220,94,LS2019>VS2022,1:1,0.95
LS2019-094-0221,VS2022-094-0221,94,LS2019>VS2022,1:1,0.95
LS2019-094-0222,VS2022-094-0222,94,LS2019>VS2022,1:1,0.95
LS2019-094-0223,VS2022-094-0223,94,LS2019>VS2022,1:1,0.95
LS2019-094-0224,VS2022-094-0224,94,LS2019>VS2022,1:1,0.95
LS2019-094-0225,VS2022-094-0225,94,LS2019>VS2022,1:1,0.95
LS2019-094-0226,VS2022-094-0226,94,LS2019>VS2022,1:1,0.95
LS2019-094-0227,VS2022-094-0227,94,LS2019>VS2022,1:1,0.95
LS2019-094-0228,VS2022-094-0228,94,LS2019>VS2022,1:1,0.95
LS2019-094-0229,VS2022-094-0229,94,LS2019>VS2022,1:1,0.95
LS2019-094-0230,VS2022-094-0230,94,LS2019>VS2022,1:1,0.95
LS2019-094-0231,VS2022-094-0231,94,LS2019>VS2022,1:1,0.95
LS2019-094-0232,VS2022-094-0232,94,LS2019>VS2022,1:1,0.95
LS2019-094-0233,VS2022-094-0233,94,LS2019>VS2022,1:1,0.95
LS2019-094-0234,VS2022-094-0234,94,LS2019>VS2022,1:1,0.95
LS2019-094-0235,VS2022-094-0235,94,LS2019>VS2022,1:1,0.85
LS2019-094-0236,VS2022-094-0236,94,LS2019>VS2022,1:1,0.95
LS2019-094-0237,VS2022-094-0237,94,LS2019>VS2022,1:1,0.95
LS2019-094-0238,VS2022-094-0238,94,LS2019>VS2022,1:1,0.95
LS2019-094-0239,VS2022-094-0239,94,LS2019>VS2022,1:1,0.95
LS2019-094-0240,VS2022-094-0240,94,LS2019>VS2022,1:1,0.95
LS2019-094-0241,VS2022-094-0241,94,LS2019>VS2022,1:1,0.95
LS2019-094-0242,VS2022-094-0242,94,LS2019>VS2022,1:1,0.85
LS2019-094-0243,VS2022-094-0243,94,LS2019>VS2022,1:1,0.85
LS2019-094-0244,VS2022-094-0244,94,LS2019>VS2022,1:1,0.95
LS2019-094-0245,VS2022-094-0245,94,LS2019>VS2022,1:1,0.95
LS2019-094-0246,VS2022-094-0246,94,LS2019>VS2022,1:1,0.95
LS2019-094-0247,VS2022-094-0247,94,LS2019>VS2022,1:1,0.95
LS2019-094-0248,VS2022-094-0248,94,LS2019>VS2022,1:1,0.95
LS2019-094-0249,VS2022-094-0249,94,LS2019>VS2022,1:1,0.95
LS2019-094-0250,VS2022-094-0250,94,LS2019>VS2022,1:1,0.85
LS2019-094-0251,VS2022-094-0251,94,LS2019>VS2022,1:1,0.85
LS2019-094-0252,VS2022-094-0252,94,LS2019>VS2022,1:1,0.85
LS2019-094-0253,VS2022-094-0253,94,LS2019>VS2022,1:1,0.85
LS2019-094-0254,VS2022-094-0254,94,LS2019>VS2022,1:1,0.85
LS2019-094-0255,VS2022-094-0255,94,LS2019>VS2022,1:1,0.85
LS2019-094-0256,VS2022-094-0256,94,LS2019>VS2022,1:1,0.95
LS2019-094-0257,VS2022-094-0257,94,LS2019>VS2022,1:1,0.95
LS2019-094-0258,VS2022-094-0258,94,LS2019>VS2022,1:1,0.85
LS2019-094-0259,VS2022-094-0259,94,LS2019>VS2022,1:1,0.85
LS2019-094-0260,VS2022-094-0260,94,LS2019>VS2022,1:1,0.85
LS2019-094-0261,VS2022-094-0261,94,LS2019>VS2022,1:1,0.95
LS2019-094-0262,VS2022-094-0262,94,LS2019>VS2022,1:1,0.95
LS2019-094-0263,VS2022-094-0263,94,LS2019>VS2022,1:1,0.85
LS2019-094-0264,VS2022-094-0264,94,LS2019>VS2022,1:1,0.85
LS2019-094-0265,VS2022-094-0265,94,LS2019>VS2022,1:1,0.85
LS2019-094-0266,VS2022-094-0266,94,LS2019>VS2022,1:1,0.85
LS2019-094-0267,VS2022-094-0267,94,LS2019>VS2022,1:1,0.85
LS2019-094-0268,VS2022-094-0268,94,LS2019>VS2022,1:1,0.85
LS2019-094-0269,VS2022-094-0269,94,LS2019>VS2022,1:1,0.95
LS2019-094-0270,VS2022-094-0270,94,LS2019>VS2022,1:1,0.95
LS2019-094-0271,VS2022-094-0271,94,LS2019>VS2022,1:1,0.95
LS2019-094-0272,VS2022-094-0272,94,LS2019>VS2022,1:1,0.85
LS2019-094-0273,VS2022-094-0273,94,LS2019>VS2022,1:1,0.95
LS2019-094-0274,VS2022-094-0274,94,LS2019>VS2022,1:1,0.95
LS2019-094-0275,VS2022-094-0275,94,LS2019>VS2022,1:1,0.95
LS2019-094-0276,VS2022-094-0276,94,LS2019>VS2022,1:1,0.85
LS2019-094-0277,VS2022-094-0277,94,LS2019>VS2022,1:1,0.85
LS2019-094-0278,VS2022-094-0278,94,LS2019>VS2022,1:1,0.85
LS2019-094-0279,VS2022-094-0279,94,LS2019>VS2022,1:1,0.95
LS2019-094-0280,VS2022-094-0280,94,LS2019>VS2022,1:1,0.95
LS2019-094-0281,VS2022-094-0281,94,LS2019>VS2022,1:1,0.95
LS2019-094-0282,VS2022-094-0282,94,LS2019>VS2022,1:1,0.85
LS2019-094-0283,VS2022-094-0283,94,LS2019>VS2022,1:1,0.85
LS2019-094-0284,VS2022-094-0284,94,LS2019>VS2022,1:1,0.95
LS2019-094-0285,VS2022-094-0285,94,LS2019>VS2022,1:1,0.95
LS2019-094-0286,VS2022-094-0286,94,LS2019>VS2022,1:1,0.95
LS2019-094-0287,VS2022-094-0287,94,LS2019>VS2022,1:1,0.85
LS2019-094-0288,VS2022-094-0288,94,LS2019>VS2022,1:1,0.95
LS2019-094-0289,VS2022-094-0289,94,LS2019>VS2022,1:1,0.95
LS2019-094-0290,VS2022-094-0290,94,LS2019>VS2022,1:1,0.85
LS2019-094-0291,VS2022-094-0291,94,LS2019>VS2022,1:1,0.85
LS2019-094-0292,VS2022-094-0292,94,LS2019>VS2022,1:1,0.95
LS2019-094-0293,VS2022-094-0293,94,LS2019>VS2022,1:1,0.95
LS2019-094-0294,VS2022-094-0294,94,LS2019>VS2022,1:1,0.95
LS2019-094-0295,VS2022-094-0295,94,LS2019>VS2022,1:1,0.95
LS2019-094-0296,VS2022-094-0296,94,LS2019>VS2022,1:1,0.95
LS2019-094-0297,VS2022-094-0297,94,LS2019>VS2022,1:1,0.85
LS2019-094-0298,VS2022-094-0298,94,LS2019>VS2022,1:1,0.85
LS2019-094-0299,VS2022-094-0299,94,LS2019>VS2022,1:1,0.95
LS2019-094-0300,VS2022-094-0300,94,LS2019>VS2022,1:1,0.95
LS2019-094-0301,VS2022-094-0301,94,LS2019>VS2022,1:1,0.95
LS2019-094-0302,VS2022-094-0302,94,LS2019>VS2022,1:1,0.85
LS2019-094-0303,VS2022-094-0303,94,LS2019>VS2022,1:1,0.85
LS2019-094-0304,VS2022-094-0304,94,LS2019>VS2022,1:1,0.85
LS2019-094-0305,VS2022-094-0305,94,LS2019>VS2022,1:1,0.85
LS2019-094-0306,VS2022-094-0306,94,LS2019>VS2022,1:1,0.95
LS2019-094-0307,VS2022-094-0307,94,LS2019>VS2022,1:1,0.95
LS2019-094-0308,VS2022-094-0308,94,LS2019>VS2022,1:1,0.85
LS2019-094-0309,VS2022-094-0309,94,LS2019>VS2022,1:1,0.85
LS2019-094-0310,VS2022-094-0310,94,LS2019>VS2022,1:1,0.85
LS2019-094-0311,VS2022-094-0311,94,LS2019>VS2022,1:1,0.85
LS2019-094-0312,VS2022-094-0312,94,LS2019>VS2022,1:1,0.95
LS2019-094-0313,VS2022-094-0313,94,LS2019>VS2022,1:1,0.85
LS2019-094-0314,VS2022-094-0314,94,LS2019>VS2022,1:1,0.85
LS2019-094-0315,VS2022-094-0315,94,LS2019>VS2022,1:1,0.85
LS2019-094-0316,VS2022-094-0316,94,LS2019>VS2022,1:1,0.95
LS2019-094-0317,VS2022-094-0317,94,LS2019>VS2022,1:1,0.95
LS2019-094-0318,VS2022-094-0318,94,LS2019>VS2022,1:1,0.85
LS2019-094-0319,VS2022-094-0319,94,LS2019>VS2022,1:1,0.95
LS2019-094-0320,VS2022-094-0320,94,LS2019>VS2022,1:1,0.95
LS2019-094-0321,VS2022-094-0321,94,LS2019>VS2022,1:1,0.95
LS2019-094-0322,VS2022-094-0322,94,LS2019>VS2022,1:1,0.95
LS2019-094-0323,VS2022-094-0323,94,LS2019>VS2022,1:1,0.95
LS2019-094-0324,VS2022-094-0324,94,LS2019>VS2022,1:1,0.95
LS2019-094-0325,VS2022-094-0325,94,LS2019>VS2022,1:1,0.95
LS2019-094-0326,VS2022-094-0326,94,LS2019>VS2022,1:1,0.95
LS2019-094-0327,VS2022-094-0327,94,LS2019>VS2022,1:1,0.95
LS2019-094-0328,VS2022-094-0328,94,LS2019>VS2022,1:1,0.95
LS2019-094-0329,VS2022-094-0329,94,LS2019>VS2022,1:1,0.95
LS2019-094-0330,VS2022-094-0330,94,LS2019>VS2022,1:1,0.95
LS2019-094-0331,VS2022-094-0331,94,LS2019>VS2022,1:1,0.95
LS2019-094-0332,VS2022-094-0332,94,LS2019>VS2022,1:1,0.95
LS2019-094-0333,VS2022-094-0333,94,LS2019>VS2022,1:1,0.85
LS2019-094-0334,VS2022-094-0334,94,LS2019>VS2022,1:1,0.95
LS2019-094-0335,VS2022-094-0335,94,LS2019>VS2022,1:1,0.95
LS2019-094-0336,VS2022-094-0336,94,LS2019>VS2022,1:1,0.95
LS2019-094-0337,VS2022-094-0337,94,LS2019>VS2022,1:1,0.95
LS2019-094-0338,VS2022-094-0338,94,LS2019>VS2022,1:1,0.95
LS2019-094-0339,VS2022-094-0339,94,LS2019>VS2022,1:1,0.85
LS2019-094-0340,VS2022-094-0340,94,LS2019>VS2022,1:1,0.85
LS2019-094-0341,VS2022-094-0341,94,LS2019>VS2022,1:1,0.95
LS2019-094-0342,VS2022-094-0342,94,LS2019>VS2022,1:1,0.95
LS2019-094-0343,VS2022-094-0343,94,LS2019>VS2022,1:1,0.95
LS2019-094-0344,VS2022-094-0344,94,LS2019>VS2022,1:1,0.95
LS2019-094-0345,VS2022-094-0345,94,LS2019>VS2022,1:1,0.95
LS2019-094-0346,VS2022-094-0346,94,LS2019>VS2022,1:1,0.95
LS2019-094-0347,VS2022-094-0347,94,LS2019>VS2022,1:1,0.95
LS2019-094-0348,VS2022-094-0348,94,LS2019>VS2022,1:1,0.95
LS2019-094-0349,VS2022-094-0349,94,LS2019>VS2022,1:1,0.95
LS2019-094-0350,VS2022-094-0350,94,LS2019>VS2022,1:1,0.95
LS2019-094-0351,VS2022-094-0351,94,LS2019>VS2022,1:1,0.95
LS2019-094-0352,VS2022-094-0352,94,LS2019>VS2022,1:1,0.95
LS2019-094-0353,VS2022-094-0353,94,LS2019>VS2022,1:1,0.95
LS2019-094-0354,VS2022-094-0354,94,LS2019>VS2022,1:1,0.95
LS2019-094-0355,VS2022-094-0355,94,LS2019>VS2022,1:1,0.95
LS2019-094-0356,VS2022-094-0356,94,LS2019>VS2022,1:1,0.95
LS2019-094-0357,VS2022-094-0357,94,LS2019>VS2022,1:1,0.95
LS2019-094-0358,VS2022-094-0358,94,LS2019>VS2022,1:1,0.95
LS2019-094-0359,VS2022-094-0359,94,LS2019>VS2022,1:1,0.95
LS2019-094-0360,VS2022-094-0360,94,LS2019>VS2022,1:1,0.95
LS2019-094-0361,VS2022-094-0361,94,LS2019>VS2022,1:1,0.95
LS2019-094-0362,VS2022-094-0362,94,LS2019>VS2022,1:1,0.95
LS2019-094-0363,VS2022-094-0363,94,LS2019>VS2022,1:1,0.95
LS2019-094-0364,VS2022-094-0364,94,LS2019>VS2022,1:1,0.95
LS2019-094-0365,VS2022-094-0365,94,LS2019>VS2022,1:1,0.95
LS2019-094-0366,VS2022-094-0366,94,LS2019>VS2022,1:1,0.95
LS2019-094-0367,VS2022-094-0367,94,LS2019>VS2022,1:1,0.85
LS2019-094-0368,VS2022-094-0368,94,LS2019>VS2022,1:1,0.85
LS2019-094-0369,VS2022-094-0369,94,LS2019>VS2022,1:1,0.85
LS2019-094-0370,VS2022-094-0370,94,LS2019>VS2022,1:1,0.95
LS2019-094-0371,VS2022-094-0371,94,LS2019>VS2022,1:1,0.95
LS2019-094-0372,VS2022-094-0372,94,LS2019>VS2022,1:1,0.95
,VS2022-094-0373,94,LS2019>VS2022,new,0.0
,VS2022-094-0374,94,LS2019>VS2022,new,0.0
,VS2022-094-0375,94,LS2019>VS2022,new,0.0
,VS2022-094-0376,94,LS2019>VS2022,new,0.0
,VS2022-094-0377,94,LS2019>VS2022,new,0.0
,VS2022-094-0378,94,LS2019>VS2022,new,0.0
,VS2022-094-0379,94,LS2019>VS2022,new,0.0
,VS2022-094-0380,94,LS2019>VS2022,new,0.0
,VS2022-094-0381,94,LS2019>VS2022,new,0.0
,VS2022-094-0382,94,LS2019>VS2022,new,0.0
,VS2022-094-0383,94,LS2019>VS2022,new,0.0
,VS2022-094-0384,94,LS2019>VS2022,new,0.0
VS2022-086-0001,LS2024-086-0001,86,VS2022>LS2024,1:1,0.85
VS2022-086-0002,LS2024-086-0002,86,VS2022>LS2024,1:1,0.85
VS2022-086-0003,LS2024-086-0003,86,VS2022>LS2024,1:1,0.85
VS2022-086-0004,LS2024-086-0004,86,VS2022>LS2024,1:1,0.85
VS2022-086-0005,LS2024-086-0005,86,VS2022>LS2024,1:1,0.85
VS2022-086-0006,LS2024-086-0006,86,VS2022>LS2024,1:1,0.85
VS2022-086-0007,LS2024-086-0007,86,VS2022>LS2024,1:1,0.85
VS2022-086-0008,LS2024-086-0008,86,VS2022>LS2024,1:1,0.85
VS2022-086-0009,LS2024-086-0009,86,VS2022>LS2024,1:1,0.85
VS2022-086-0010,LS2024-086-0010,86,VS2022>LS2024,1:1,0.85
VS2022-086-0011,LS2024-086-0011,86,VS2022>LS2024,1:1,0.85
VS2022-086-0012,LS2024-086-0012,86,VS2022>LS2024,1:1,0.85
VS2022-086-0013,LS2024-086-0013,86,VS2022>LS2024,1:1,0.85
VS2022-086-0014,LS2024-086-0014,86,VS2022>LS2024,1:1,0.85
VS2022-086-0015,LS2024-086-0015,86,VS2022>LS2024,1:1,0.85
VS2022-086-0016,LS2024-086-0016,86,VS2022>LS2024,1:1,0.85
VS2022-086-0017,LS2024-086-0017,86,VS2022>LS2024,1:1,0.85
VS2022-086-0018,LS2024-086-0018,86,VS2022>LS2024,1:1,0.85
VS2022-086-0019,LS2024-086-0019,86,VS2022>LS2024,1:1,0.85
VS2022-086-0020,LS2024-086-0020,86,VS2022>LS2024,1:1,0.85
VS2022-086-0021,LS2024-086-0021,86,VS2022>LS2024,1:1,0.85
VS2022-086-0022,LS2024-086-0022,86,VS2022>LS2024,1:1,0.85
VS2022-086-0023,LS2024-086-0023,86,VS2022>LS2024,1:1,0.85
VS2022-086-0024,LS2024-086-0024,86,VS2022>LS2024,1:1,0.85
VS2022-086-0025,LS2024-086-0025,86,VS2022>LS2024,1:1,0.85
VS2022-086-0026,LS2024-086-0026,86,VS2022>LS2024,1:1,0.85
VS2022-086-0027,LS2024-086-0027,86,VS2022>LS2024,1:1,0.85
VS2022-086-0028,LS2024-086-0028,86,VS2022>LS2024,1:1,0.85
VS2022-086-0029,LS2024-086-0029,86,VS2022>LS2024,1:1,0.85
VS2022-086-0030,LS2024-086-0030,86,VS2022>LS2024,1:1,0.85
VS2022-086-0031,LS2024-086-0031,86,VS2022>LS2024,1:1,0.85
VS2022-086-0032,LS2024-086-0032,86,VS2022>LS2024,1:1,0.85
VS2022-086-0033,LS2024-086-0033,86,VS2022>LS2024,1:1,0.85
VS2022-086-0034,LS2024-086-0034,86,VS2022>LS2024,1:1,0.85
VS2022-086-0035,LS2024-086-0035,86,VS2022>LS2024,1:1,0.85
VS2022-086-0036,LS2024-086-0036,86,VS2022>LS2024,1:1,0.85
VS2022-086-0037,LS2024-086-0037,86,VS2022>LS2024,1:1,0.85
VS2022-086-0038,LS2024-086-0038,86,VS2022>LS2024,1:1,0.85
VS2022-086-0039,LS2024-086-0039,86,VS2022>LS2024,1:1,0.85
VS2022-086-0040,LS2024-086-0040,86,VS2022>LS2024,1:1,0.85
VS2022-086-0041,LS2024-086-0041,86,VS2022>LS2024,1:1,0.85
VS2022-086-0042,LS2024-086-0042,86,VS2022>LS2024,1:1,0.85
VS2022-086-0043,LS2024-086-0043,86,VS2022>LS2024,1:1,0.85
VS2022-086-0044,LS2024-086-0044,86,VS2022>LS2024,1:1,0.85
VS2022-086-0045,LS2024-086-0045,86,VS2022>LS2024,1:1,0.85
VS2022-086-0046,LS2024-086-0046,86,VS2022>LS2024,1:1,0.85
VS2022-086-0047,LS2024-086-0047,86,VS2022>LS2024,1:1,0.85
VS2022-086-0048,LS2024-086-0048,86,VS2022>LS2024,1:1,0.85
VS2022-086-0049,LS2024-086-0049,86,VS2022>LS2024,1:1,0.85
VS2022-086-0050,LS2024-086-0050,86,VS2022>LS2024,1:1,0.85
VS2022-086-0051,LS2024-086-0051,86,VS2022>LS2024,1:1,0.85
VS2022-086-0052,LS2024-086-0052,86,VS2022>LS2024,1:1,0.85
VS2022-086-0053,LS2024-086-0053,86,VS2022>LS2024,1:1,0.85
VS2022-086-0054,LS2024-086-0054,86,VS2022>LS2024,1:1,0.85
VS2022-086-0055,LS2024-086-0055,86,VS2022>LS2024,1:1,0.85
VS2022-086-0056,LS2024-086-0056,86,VS2022>LS2024,1:1,0.85
VS2022-086-0057,LS2024-086-0057,86,VS2022>LS2024,1:1,0.85
VS2022-086-0058,LS2024-086-0058,86,VS2022>LS2024,1:1,0.85
VS2022-086-0059,LS2024-086-0059,86,VS2022>LS2024,1:1,0.85
VS2022-086-0060,LS2024-086-0060,86,VS2022>LS2024,1:1,0.85
VS2022-086-0061,LS2024-086-0061,86,VS2022>LS2024,1:1,0.85
VS2022-086-0062,LS2024-086-0062,86,VS2022>LS2024,1:1,0.85
VS2022-086-0063,LS2024-086-0063,86,VS2022>LS2024,1:1,0.85
VS2022-086-0064,LS2024-086-0064,86,VS2022>LS2024,1:1,0.85
VS2022-086-0065,LS2024-086-0065,86,VS2022>LS2024,1:1,0.85
VS2022-086-0066,LS2024-086-0066,86,VS2022>LS2024,1:1,0.85
VS2022-086-0067,LS2024-086-0067,86,VS2022>LS2024,1:1,0.85
VS2022-086-0068,LS2024-086-0068,86,VS2022>LS2024,1:1,0.85
VS2022-086-0069,LS2024-086-0069,86,VS2022>LS2024,1:1,0.85
VS2022-086-0070,LS2024-086-0070,86,VS2022>LS2024,1:1,0.85
VS2022-086-0071,LS2024-086-0071,86,VS2022>LS2024,1:1,0.85
VS2022-086-0072,LS2024-086-0072,86,VS2022>LS2024,1:1,0.85
VS2022-086-0073,LS2024-086-0073,86,VS2022>LS2024,1:1,0.85
VS2022-086-0074,LS2024-086-0074,86,VS2022>LS2024,1:1,0.85
VS2022-086-0075,LS2024-086-0075,86,VS2022>LS2024,1:1,0.85
VS2022-086-0076,LS2024-086-0076,86,VS2022>LS2024,1:1,0.85
VS2022-086-0077,LS2024-086-0077,86,VS2022>LS2024,1:1,0.85
VS2022-086-0078,LS2024-086-0078,86,VS2022>LS2024,1:1,0.85
VS2022-086-0079,LS2024-086-0079,86,VS2022>LS2024,1:1,0.85
VS2022-086-0080,LS2024-086-0080,86,VS2022>LS2024,1:1,0.85
VS2022-086-0081,LS2024-086-0081,86,VS2022>LS2024,1:1,0.85
VS2022-086-0082,LS2024-086-0082,86,VS2022>LS2024,1:1,0.85
VS2022-086-0083,LS2024-086-0083,86,VS2022>LS2024,1:1,0.85
VS2022-086-0084,LS2024-086-0084,86,VS2022>LS2024,1:1,0.85
VS2022-086-0085,LS2024-086-0085,86,VS2022>LS2024,1:1,0.85
VS2022-086-0086,LS2024-086-0086,86,VS2022>LS2024,1:1,0.85
VS2022-086-0087,LS2024-086-0087,86,VS2022>LS2024,1:1,0.85
VS2022-086-0088,LS2024-086-0088,86,VS2022>LS2024,1:1,0.85
VS2022-086-0089,LS2024-086-0089,86,VS2022>LS2024,1:1,0.85
VS2022-086-0090,LS2024-086-0090,86,VS2022>LS2024,1:1,0.85
VS2022-086-0091,LS2024-086-0091,86,VS2022>LS2024,1:1,0.85
VS2022-086-0092,LS2024-086-0092,86,VS2022>LS2024,1:1,0.85
VS2022-086-0093,LS2024-086-0093,86,VS2022>LS2024,1:1,0.85
VS2022-086-0094,LS2024-086-0094,86,VS2022>LS2024,1:1,0.85
VS2022-086-0095,LS2024-086-0095,86,VS2022>LS2024,1:1,0.85
VS2022-086-0096,LS2024-086-0096,86,VS2022>LS2024,1:1,0.85
VS2022-086-0097,LS2024-086-0097,86,VS2022>LS2024,1:1,0.85
VS2022-086-0098,LS2024-086-0098,86,VS2022>LS2024,1:1,0.85
VS2022-086-0099,LS2024-086-0099,86,VS2022>LS2024,1:1,0.85
VS2022-086-0100,LS2024-086-0100,86,VS2022>LS2024,1:1,0.85
VS2022-086-0101,LS2024-086-0101,86,VS2022>LS2024,1:1,0.85
VS2022-086-0102,LS2024-086-0102,86,VS2022>LS2024,1:1,0.85
VS2022-086-0103,LS2024-086-0103,86,VS2022>LS2024,1:1,0.85
VS2022-086-0104,LS2024-086-0104,86,VS2022>LS2024,1:1,0.85
VS2022-086-0105,LS2024-086-0105,86,VS2022>LS2024,1:1,0.85
VS2022-086-0106,LS2024-086-0106,86,VS2022>LS2024,1:1,0.85
VS2022-086-0107,LS2024-086-0107,86,VS2022>LS2024,1:1,0.85
VS2022-086-0108,LS2024-086-0108,86,VS2022>LS2024,1:1,0.85
VS2022-086-0109,LS2024-086-0109,86,VS2022>LS2024,1:1,0.85
VS2022-086-0110,LS2024-086-0110,86,VS2022>LS2024,1:1,0.85
VS2022-086-0111,LS2024-086-0111,86,VS2022>LS2024,1:1,0.85
VS2022-086-0112,LS2024-086-0112,86,VS2022>LS2024,1:1,0.85
VS2022-086-0113,LS2024-086-0113,86,VS2022>LS2024,1:1,0.85
VS2022-086-0114,LS2024-086-0114,86,VS2022>LS2024,1:1,0.85
VS2022-086-0115,LS2024-086-0115,86,VS2022>LS2024,1:1,0.85
VS2022-086-0116,LS2024-086-0116,86,VS2022>LS2024,1:1,0.85
VS2022-086-0117,LS2024-086-0117,86,VS2022>LS2024,1:1,0.85
VS2022-086-0118,LS2024-086-0118,86,VS2022>LS2024,1:1,0.85
VS2022-086-0119,LS2024-086-0119,86,VS2022>LS2024,1:1,0.85
VS2022-086-0120,LS2024-086-0120,86,VS2022>LS2024,1:1,0.85
VS2022-086-0121,LS2024-086-0121,86,VS2022>LS2024,1:1,0.85
VS2022-086-0122,LS2024-086-0122,86,VS2022>LS2024,1:1,0.85
VS2022-086-0123,LS2024-086-0123,86,VS2022>LS2024,1:1,0.85
VS2022-086-0124,LS2024-086-0124,86,VS2022>LS2024,1:1,0.85
VS2022-086-0125,LS2024-086-0125,86,VS2022>LS2024,1:1,0.85
VS2022-086-0126,LS2024-086-0126,86,VS2022>LS2024,1:1,0.85
VS2022-086-0127,LS2024-086-0127,86,VS2022>LS2024,1:1,0.85
VS2022-086-0128,LS2024-086-0128,86,VS2022>LS2024,1:1,0.85
VS2022-086-0129,LS2024-086-0129,86,VS2022>LS2024,1:1,0.85
VS2022-086-0130,LS2024-086-0130,86,VS2022>LS2024,1:1,0.85
VS2022-086-0131,LS2024-086-0131,86,VS2022>LS2024,1:1,0.85
VS2022-086-0132,LS2024-086-0132,86,VS2022>LS2024,1:1,0.85
VS2022-086-0133,LS2024-086-0133,86,VS2022>LS2024,1:1,0.85
VS2022-086-0134,LS2024-086-0134,86,VS2022>LS2024,1:1,0.85
VS2022-086-0135,LS2024-086-0135,86,VS2022>LS2024,1:1,0.85
VS2022-086-0136,LS2024-086-0136,86,VS2022>LS2024,1:1,0.85
VS2022-086-0137,LS2024-086-0137,86,VS2022>LS2024,1:1,0.85
VS2022-086-0138,LS2024-086-0138,86,VS2022>LS2024,1:1,0.85
VS2022-086-0139,LS2024-086-0139,86,VS2022>LS2024,1:1,0.85
VS2022-086-0140,LS2024-086-0140,86,VS2022>LS2024,1:1,0.85
VS2022-086-0141,LS2024-086-0141,86,VS2022>LS2024,1:1,0.85
VS2022-086-0142,LS2024-086-0142,86,VS2022>LS2024,1:1,0.85
VS2022-086-0143,LS2024-086-0143,86,VS2022>LS2024,1:1,0.85
VS2022-086-0144,LS2024-086-0144,86,VS2022>LS2024,1:1,0.85
VS2022-086-0145,LS2024-086-0145,86,VS2022>LS2024,1:1,0.85
VS2022-086-0146,LS2024-086-0146,86,VS2022>LS2024,1:1,0.85
VS2022-086-0147,LS2024-086-0147,86,VS2022>LS2024,1:1,0.85
VS2022-086-0148,LS2024-086-0148,86,VS2022>LS2024,1:1,0.85
VS2022-086-0149,LS2024-086-0149,86,VS2022>LS2024,1:1,0.85
VS2022-086-0150,LS2024-086-0150,86,VS2022>LS2024,1:1,0.85
VS2022-086-0151,LS2024-086-0151,86,VS2022>LS2024,1:1,0.85
VS2022-086-0152,LS2024-086-0152,86,VS2022>LS2024,1:1,0.85
VS2022-086-0153,LS2024-086-0153,86,VS2022>LS2024,1:1,0.85
VS2022-086-0154,LS2024-086-0154,86,VS2022>LS2024,1:1,0.85
VS2022-086-0155,LS2024-086-0155,86,VS2022>LS2024,1:1,0.85
VS2022-086-0156,LS2024-086-0156,86,VS2022>LS2024,1:1,0.85
VS2022-086-0157,LS2024-086-0157,86,VS2022>LS2024,1:1,0.85
VS2022-086-0158,LS2024-086-0158,86,VS2022>LS2024,1:1,0.85
VS2022-086-0159,LS2024-086-0159,86,VS2022>LS2024,1:1,0.85
VS2022-086-0160,LS2024-086-0160,86,VS2022>LS2024,1:1,0.85
VS2022-086-0161,LS2024-086-0161,86,VS2022>LS2024,1:1,0.85
VS2022-086-0162,LS2024-086-0162,86,VS2022>LS2024,1:1,0.85
VS2022-086-0163,LS2024-086-0163,86,VS2022>LS2024,1:1,0.85
VS2022-086-0164,LS2024-086-0164,86,VS2022>LS2024,1:1,0.85
VS2022-086-0165,LS2024-086-0165,86,VS2022>LS2024,1:1,0.85
VS2022-086-0166,LS2024-086-0166,86,VS2022>LS2024,1:1,0.85
VS2022-086-0167,LS2024-086-0167,86,VS2022>LS2024,1:1,0.85
VS2022-086-0168,LS2024-086-0168,86,VS2022>LS2024,1:1,0.85
VS2022-086-0169,LS2024-086-0169,86,VS2022>LS2024,1:1,0.85
VS2022-086-0170,LS2024-086-0170,86,VS2022>LS2024,1:1,0.85
VS2022-086-0171,LS2024-086-0171,86,VS2022>LS2024,1:1,0.85
VS2022-086-0172,LS2024-086-0172,86,VS2022>LS2024,1:1,0.85
VS2022-086-0173,LS2024-086-0173,86,VS2022>LS2024,1:1,0.85
VS2022-086-0174,LS2024-086-0174,86,VS2022>LS2024,1:1,0.85
VS2022-086-0175,LS2024-086-0175,86,VS2022>LS2024,1:1,0.85
VS2022-086-0176,LS2024-086-0176,86,VS2022>LS2024,1:1,0.85
VS2022-086-0177,LS2024-086-0177,86,VS2022>LS2024,1:1,0.85
VS2022-086-0178,LS2024-086-0178,86,VS2022>LS2024,1:1,0.85
VS2022-086-0179,LS2024-086-0179,86,VS2022>LS2024,1:1,0.85
VS2022-086-0180,LS2024-086-0180,86,VS2022>LS2024,1:1,0.85
VS2022-086-0181,LS2024-086-0181,86,VS2022>LS2024,1:1,0.85
VS2022-086-0182,LS2024-086-0182,86,VS2022>LS2024,1:1,0.85
VS2022-086-0183,LS2024-086-0183,86,VS2022>LS2024,1:1,0.85
VS2022-086-0184,LS2024-086-0184,86,VS2022>LS2024,1:1,0.85
VS2022-086-0185,LS2024-086-0185,86,VS2022>LS2024,1:1,0.85
VS2022-086-0186,LS2024-086-0186,86,VS2022>LS2024,1:1,0.85
VS2022-086-0187,LS2024-086-0187,86,VS2022>LS2024,1:1,0.85
VS2022-086-0188,LS2024-086-0188,86,VS2022>LS2024,1:1,0.85
VS2022-086-0189,LS2024-086-0189,86,VS2022>LS2024,1:1,0.85
VS2022-086-0190,LS2024-086-0190,86,VS2022>LS2024,1:1,0.85
VS2022-086-0191,LS2024-086-0191,86,VS2022>LS2024,1:1,0.85
VS2022-086-0192,LS2024-086-0192,86,VS2022>LS2024,1:1,0.85
VS2022-086-0193,LS2024-086-0193,86,VS2022>LS2024,1:1,0.85
VS2022-086-0194,LS2024-086-0194,86,VS2022>LS2024,1:1,0.85
VS2022-086-0195,LS2024-086-0195,86,VS2022>LS2024,1:1,0.85
VS2022-086-0196,LS2024-086-0196,86,VS2022>LS2024,1:1,0.85
VS2022-086-0197,LS2024-086-0197,86,VS2022>LS2024,1:1,0.85
VS2022-086-0198,LS2024-086-0198,86,VS2022>LS2024,1:1,0.85
VS2022-086-0199,LS2024-086-0199,86,VS2022>LS2024,1:1,0.85
VS2022-086-0200,LS2024-086-0200,86,VS2022>LS2024,1:1,0.85
VS2022-086-0201,LS2024-086-0201,86,VS2022>LS2024,1:1,0.85
VS2022-086-0202,LS2024-086-0202,86,VS2022>LS2024,1:1,0.85
VS2022-086-0203,LS2024-086-0203,86,VS2022>LS2024,1:1,0.85
VS2022-086-0204,LS2024-086-0204,86,VS2022>LS2024,1:1,0.85
VS2022-086-0205,LS2024-086-0205,86,VS2022>LS2024,1:1,0.85
VS2022-086-0206,LS2024-086-0206,86,VS2022>LS2024,1:1,0.85
VS2022-086-0207,LS2024-086-0207,86,VS2022>LS2024,1:1,0.85
VS2022-086-0208,LS2024-086-0208,86,VS2022>LS2024,1:1,0.85
VS2022-086-0209,LS2024-086-0209,86,VS2022>LS2024,1:1,0.85
VS2022-086-0210,LS2024-086-0210,86,VS2022>LS2024,1:1,0.85
VS2022-086-0211,LS2024-086-0211,86,VS2022>LS2024,1:1,0.85
VS2022-086-0212,LS2024-086-0212,86,VS2022>LS2024,1:1,0.85
VS2022-086-0213,LS2024-086-0213,86,VS2022>LS2024,1:1,0.85
VS2022-086-0214,LS2024-086-0214,86,VS2022>LS2024,1:1,0.85
VS2022-086-0215,LS2024-086-0215,86,VS2022>LS2024,1:1,0.85
VS2022-086-0216,LS2024-086-0216,86,VS2022>LS2024,1:1,0.85
VS2022-086-0217,LS2024-086-0217,86,VS2022>LS2024,1:1,0.85
VS2022-086-0218,LS2024-086-0218,86,VS2022>LS2024,1:1,0.85
VS2022-086-0219,LS2024-086-0219,86,VS2022>LS2024,1:1,0.85
VS2022-086-0220,LS2024-086-0220,86,VS2022>LS2024,1:1,0.85
VS2022-086-0221,LS2024-086-0221,86,VS2022>LS2024,1:1,0.85
VS2022-086-0222,LS2024-086-0222,86,VS2022>LS2024,1:1,0.85
VS2022-086-0223,LS2024-086-0223,86,VS2022>LS2024,1:1,0.85
VS2022-086-0224,LS2024-086-0224,86,VS2022>LS2024,1:1,0.85
VS2022-086-0225,LS2024-086-0225,86,VS2022>LS2024,1:1,0.85
VS2022-086-0226,LS2024-086-0226,86,VS2022>LS2024,1:1,0.85
VS2022-086-0227,LS2024-086-0227,86,VS2022>LS2024,1:1,0.85
VS2022-086-0228,LS2024-086-0228,86,VS2022>LS2024,1:1,0.85
VS2022-086-0229,LS2024-086-0229,86,VS2022>LS2024,1:1,0.85
VS2022-086-0230,LS2024-086-0230,86,VS2022>LS2024,1:1,0.85
VS2022-086-0231,LS2024-086-0231,86,VS2022>LS2024,1:1,0.85
VS2022-086-0232,LS2024-086-0232,86,VS2022>LS2024,1:1,0.85
VS2022-086-0233,LS2024-086-0233,86,VS2022>LS2024,1:1,0.85
VS2022-086-0234,LS2024-086-0234,86,VS2022>LS2024,1:1,0.85
VS2022-086-0235,LS2024-086-0235,86,VS2022>LS2024,1:1,0.85
VS2022-086-0236,LS2024-086-0236,86,VS2022>LS2024,1:1,0.85
VS2022-086-0237,LS2024-086-0237,86,VS2022>LS2024,1:1,0.85
VS2022-086-0238,LS2024-086-0238,86,VS2022>LS2024,1:1,0.85
VS2022-086-0239,LS2024-086-0239,86,VS2022>LS2024,1:1,0.85
VS2022-086-0240,LS2024-086-0240,86,VS2022>LS2024,1:1,0.85
VS2022-086-0241,LS2024-086-0241,86,VS2022>LS2024,1:1,0.85
VS2022-086-0242,LS2024-086-0242,86,VS2022>LS2024,1:1,0.85
VS2022-086-0243,LS2024-086-0243,86,VS2022>LS2024,1:1,0.85
VS2022-086-0244,LS2024-086-0244,86,VS2022>LS2024,1:1,0.85
VS2022-086-0245,LS2024-086-0245,86,VS2022>LS2024,1:1,0.85
VS2022-086-0246,LS2024-086-0246,86,VS2022>LS2024,1:1,0.85
VS2022-086-0247,LS2024-086-0247,86,VS2022>LS2024,1:1,0.85
VS2022-086-0248,LS2024-086-0248,86,VS2022>LS2024,1:1,0.85
VS2022-086-0249,LS2024-086-0249,86,VS2022>LS2024,1:1,0.85
VS2022-086-0250,LS2024-086-0250,86,VS2022>LS2024,1:1,0.85
VS2022-086-0251,LS2024-086-0251,86,VS2022>LS2024,1:1,0.85
VS2022-086-0252,LS2024-086-0252,86,VS2022>LS2024,1:1,0.85
VS2022-086-0253,LS2024-086-0253,86,VS2022>LS2024,1:1,0.85
VS2022-086-0254,LS2024-086-0254,86,VS2022>LS2024,1:1,0.85
VS2022-086-0255,LS2024-086-0255,86,VS2022>LS2024,1:1,0.85
VS2022-086-0256,LS2024-086-0256,86,VS2022>LS2024,1:1,0.85
VS2022-086-0257,LS2024-086-0257,86,VS2022>LS2024,1:1,0.85
VS2022-086-0258,LS2024-086-0258,86,VS2022>LS2024,1:1,0.85
VS2022-086-0259,LS2024-086-0259,86,VS2022>LS2024,1:1,0.85
VS2022-086-0260,LS2024-086-0260,86,VS2022>LS2024,1:1,0.85
VS2022-086-0261,LS2024-086-0261,86,VS2022>LS2024,1:1,0.85
VS2022-086-0262,LS2024-086-0262,86,VS2022>LS2024,1:1,0.85
VS2022-086-0263,LS2024-086-0263,86,VS2022>LS2024,1:1,0.85
VS2022-086-0264,LS2024-086-0264,86,VS2022>LS2024,1:1,0.85
VS2022-086-0265,LS2024-086-0265,86,VS2022>LS2024,1:1,0.85
VS2022-086-0266,LS2024-086-0266,86,VS2022>LS2024,1:1,0.85
VS2022-086-0267,LS2024-086-0267,86,VS2022>LS2024,1:1,0.85
VS2022-086-0268,LS2024-086-0268,86,VS2022>LS2024,1:1,0.85
VS2022-086-0269,LS2024-086-0269,86,VS2022>LS2024,1:1,0.85
VS2022-086-0270,LS2024-086-0270,86,VS2022>LS2024,1:1,0.85
VS2022-086-0271,LS2024-086-0271,86,VS2022>LS2024,1:1,0.85
VS2022-086-0272,LS2024-086-0272,86,VS2022>LS2024,1:1,0.85
VS2022-086-0273,LS2024-086-0273,86,VS2022>LS2024,1:1,0.85
VS2022-086-0274,LS2024-086-0274,86,VS2022>LS2024,1:1,0.85
VS2022-086-0275,LS2024-086-0275,86,VS2022>LS2024,1:1,0.85
VS2022-086-0276,LS2024-086-0276,86,VS2022>LS2024,1:1,0.85
VS2022-086-0277,LS2024-086-0277,86,VS2022>LS2024,1:1,0.85
VS2022-086-0278,LS2024-086-0278,86,VS2022>LS2024,1:1,0.85
VS2022-086-0279,LS2024-086-0279,86,VS2022>LS2024,1:1,0.85
VS2022-086-0280,LS2024-086-0280,86,VS2022>LS2024,1:1,0.85
VS2022-086-0281,LS2024-086-0281,86,VS2022>LS2024,1:1,0.85
VS2022-086-0282,LS2024-086-0282,86,VS2022>LS2024,1:1,0.85
VS2022-086-0283,LS2024-086-0283,86,VS2022>LS2024,1:1,0.85
VS2022-086-0284,LS2024-086-0284,86,VS2022>LS2024,1:1,0.85
VS2022-086-0285,LS2024-086-0285,86,VS2022>LS2024,1:1,0.85
VS2022-086-0286,LS2024-086-0286,86,VS2022>LS2024,1:1,0.85
VS2022-086-0287,LS2024-086-0287,86,VS2022>LS2024,1:1,0.85
VS2022-086-0288,LS2024-086-0288,86,VS2022>LS2024,1:1,0.85
VS2022-086-0289,LS2024-086-0289,86,VS2022>LS2024,1:1,0.85
VS2022-086-0290,LS2024-086-0290,86,VS2022>LS2024,1:1,0.85
VS2022-086-0291,LS2024-086-0291,86,VS2022>LS2024,1:1,0.85
VS2022-086-0292,LS2024-086-0292,86,VS2022>LS2024,1:1,0.85
VS2022-086-0293,LS2024-086-0293,86,VS2022>LS2024,1:1,0.85
VS2022-086-0294,LS2024-086-0294,86,VS2022>LS2024,1:1,0.85
VS2022-086-0295,LS2024-086-0295,86,VS2022>LS2024,1:1,0.85
VS2022-086-0296,LS2024-086-0296,86,VS2022>LS2024,1:1,0.85
VS2022-086-0297,LS2024-086-0297,86,VS2022>LS2024,1:1,0.85
VS2022-086-0298,LS2024-086-0298,86,VS2022>LS2024,1:1,0.85
VS2022-086-0299,LS2024-086-0299,86,VS2022>LS2024,1:1,0.85
VS2022-086-0300,LS2024-086-0300,86,VS2022>LS2024,1:1,0.85
VS2022-086-0301,LS2024-086-0301,86,VS2022>LS2024,1:1,0.85
VS2022-086-0302,LS2024-086-0302,86,VS2022>LS2024,1:1,0.85
VS2022-086-0303,LS2024-086-0303,86,VS2022>LS2024,1:1,0.85
VS2022-086-0304,LS2024-086-0304,86,VS2022>LS2024,1:1,0.85
VS2022-086-0305,LS2024-086-0305,86,VS2022>LS2024,1:1,0.85
VS2022-086-0306,LS2024-086-0306,86,VS2022>LS2024,1:1,0.85
VS2022-086-0307,LS2024-086-0307,86,VS2022>LS2024,1:1,0.85
VS2022-086-0308,LS2024-086-0308,86,VS2022>LS2024,1:1,0.85
VS2022-086-0309,LS2024-086-0309,86,VS2022>LS2024,1:1,0.85
VS2022-086-0310,LS2024-086-0310,86,VS2022>LS2024,1:1,0.85
VS2022-086-0311,LS2024-086-0311,86,VS2022>LS2024,1:1,0.85
VS2022-086-0312,LS2024-086-0312,86,VS2022>LS2024,1:1,0.85
VS2022-086-0313,LS2024-086-0313,86,VS2022>LS2024,1:1,0.85
VS2022-086-0314,LS2024-086-0314,86,VS2022>LS2024,1:1,0.85
VS2022-086-0315,LS2024-086-0315,86,VS2022>LS2024,1:1,0.85
VS2022-086-0316,LS2024-086-0316,86,VS2022>LS2024,1:1,0.85
VS2022-086-0317,LS2024-086-0317,86,VS2022>LS2024,1:1,0.85
VS2022-086-0318,LS2024-086-0318,86,VS2022>LS2024,1:1,0.85
VS2022-086-0319,LS2024-086-0319,86,VS2022>LS2024,1:1,0.85
VS2022-086-0320,LS2024-086-0320,86,VS2022>LS2024,1:1,0.85
VS2022-086-0321,LS2024-086-0321,86,VS2022>LS2024,1:1,0.85
VS2022-086-0322,LS2024-086-0322,86,VS2022>LS2024,1:1,0.85
VS2022-086-0323,LS2024-086-0323,86,VS2022>LS2024,1:1,0.85
VS2022-086-0324,LS2024-086-0324,86,VS2022>LS2024,1:1,0.85
VS2022-086-0325,LS2024-086-0325,86,VS2022>LS2024,1:1,0.85
VS2022-086-0326,LS2024-086-0326,86,VS2022>LS2024,1:1,0.85
VS2022-086-0327,LS2024-086-0327,86,VS2022>LS2024,1:1,0.85
VS2022-086-0328,LS2024-086-0328,86,VS2022>LS2024,1:1,0.85
VS2022-086-0329,LS2024-086-0329,86,VS2022>LS2024,1:1,0.85
VS2022-086-0330,LS2024-086-0330,86,VS2022>LS2024,1:1,0.85
VS2022-086-0331,LS2024-086-0331,86,VS2022>LS2024,1:1,0.85
VS2022-086-0332,LS2024-086-0332,86,VS2022>LS2024,1:1,0.85
VS2022-086-0333,LS2024-086-0333,86,VS2022>LS2024,1:1,0.85
VS2022-086-0334,LS2024-086-0334,86,VS2022>LS2024,1:1,0.85
VS2022-086-0335,LS2024-086-0335,86,VS2022>LS2024,1:1,0.85
VS2022-086-0336,LS2024-086-0336,86,VS2022>LS2024,1:1,0.85
VS2022-086-0337,LS2024-086-0337,86,VS2022>LS2024,1:1,0.85
VS2022-086-0338,LS2024-086-0338,86,VS2022>LS2024,1:1,0.85
VS2022-086-0339,LS2024-086-0339,86,VS2022>LS2024,1:1,0.85
VS2022-086-0340,LS2024-086-0340,86,VS2022>LS2024,1:1,0.85
VS2022-086-0341,LS2024-086-0341,86,VS2022>LS2024,1:1,0.85
VS2022-086-0342,LS2024-086-0342,86,VS2022>LS2024,1:1,0.85
VS2022-086-0343,LS2024-086-0343,86,VS2022>LS2024,1:1,0.85
VS2022-086-0344,LS2024-086-0344,86,VS2022>LS2024,1:1,0.85
VS2022-086-0345,LS2024-086-0345,86,VS2022>LS2024,1:1,0.85
VS2022-086-0346,LS2024-086-0346,86,VS2022>LS2024,1:1,0.85
VS2022-086-0347,LS2024-086-0347,86,VS2022>LS2024,1:1,0.85
VS2022-086-0348,LS2024-086-0348,86,VS2022>LS2024,1:1,0.85
VS2022-086-0349,LS2024-086-0349,86,VS2022>LS2024,1:1,0.85
VS2022-086-0350,LS2024-086-0350,86,VS2022>LS2024,1:1,0.85
VS2022-086-0351,LS2024-086-0351,86,VS2022>LS2024,1:1,0.85
VS2022-086-0352,LS2024-086-0352,86,VS2022>LS2024,1:1,0.85
VS2022-086-0353,LS2024-086-0353,86,VS2022>LS2024,1:1,0.85
VS2022-086-0354,LS2024-086-0354,86,VS2022>LS2024,1:1,0.85
VS2022-086-0355,LS2024-086-0355,86,VS2022>LS2024,1:1,0.85
VS2022-086-0356,LS2024-086-0356,86,VS2022>LS2024,1:1,0.85
VS2022-086-0357,LS2024-086-0357,86,VS2022>LS2024,1:1,0.85
VS2022-086-0358,LS2024-086-0358,86,VS2022>LS2024,1:1,0.85
VS2022-086-0359,LS2024-086-0359,86,VS2022>LS2024,1:1,0.85
VS2022-086-0360,LS2024-086-0360,86,VS2022>LS2024,1:1,0.85
VS2022-086-0361,LS2024-086-0361,86,VS2022>LS2024,1:1,0.85
VS2022-086-0362,LS2024-086-0362,86,VS2022>LS2024,1:1,0.85
VS2022-086-0363,LS2024-086-0363,86,VS2022>LS2024,1:1,0.85
VS2022-086-0364,LS2024-086-0364,86,VS2022>LS2024,1:1,0.85
VS2022-086-0365,LS2024-086-0365,86,VS2022>LS2024,1:1,0.85
VS2022-086-0366,LS2024-086-0366,86,VS2022>LS2024,1:1,0.85
VS2022-086-0367,LS2024-086-0367,86,VS2022>LS2024,1:1,0.85
VS2022-086-0368,LS2024-086-0368,86,VS2022>LS2024,1:1,0.85
VS2022-086-0369,LS2024-086-0369,86,VS2022>LS2024,1:1,0.85
VS2022-086-0370,LS2024-086-0370,86,VS2022>LS2024,1:1,0.85
VS2022-086-0371,LS2024-086-0371,86,VS2022>LS2024,1:1,0.85
VS2022-086-0372,LS2024-086-0372,86,VS2022>LS2024,1:1,0.85
VS2022-086-0373,LS2024-086-0373,86,VS2022>LS2024,1:1,0.85
VS2022-086-0374,LS2024-086-0374,86,VS2022>LS2024,1:1,0.85
VS2022-086-0375,LS2024-086-0375,86,VS2022>LS2024,1:1,0.85
VS2022-086-0376,LS2024-086-0376,86,VS2022>LS2024,1:1,0.85
VS2022-086-0377,LS2024-086-0377,86,VS2022>LS2024,1:1,0.85
VS2022-086-0378,LS2024-086-0378,86,VS2022>LS2024,1:1,0.85
VS2022-086-0379,LS2024-086-0379,86,VS2022>LS2024,1:1,0.85
VS2022-086-0380,LS2024-086-0380,86,VS2022>LS2024,1:1,0.85
VS2022-086-0381,LS2024-086-0381,86,VS2022>LS2024,1:1,0.85
VS2022-086-0382,LS2024-086-0382,86,VS2022>LS2024,1:1,0.85
VS2022-086-0383,LS2024-086-0383,86,VS2022>LS2024,1:1,0.85
VS2022-086-0384,LS2024-086-0384,86,VS2022>LS2024,1:1,0.85
VS2022-086-0385,LS2024-086-0385,86,VS2022>LS2024,1:1,0.85
VS2022-086-0386,LS2024-086-0386,86,VS2022>LS2024,1:1,0.85
VS2022-086-0387,LS2024-086-0387,86,VS2022>LS2024,1:1,0.85
VS2022-086-0388,LS2024-086-0388,86,VS2022>LS2024,1:1,0.85
VS2022-086-0389,LS2024-086-0389,86,VS2022>LS2024,1:1,0.85
VS2022-086-0390,LS2024-086-0390,86,VS2022>LS2024,1:1,0.85
VS2022-086-0391,LS2024-086-0391,86,VS2022>LS2024,1:1,0.85
VS2022-086-0392,LS2024-086-0392,86,VS2022>LS2024,1:1,0.85
VS2022-086-0393,LS2024-086-0393,86,VS2022>LS2024,1:1,0.85
VS2022-086-0394,LS2024-086-0394,86,VS2022>LS2024,1:1,0.85
VS2022-086-0395,LS2024-086-0395,86,VS2022>LS2024,1:1,0.85
VS2022-086-0396,LS2024-086-0396,86,VS2022>LS2024,1:1,0.85
VS2022-086-0397,LS2024-086-0397,86,VS2022>LS2024,1:1,0.85
VS2022-086-0398,LS2024-086-0398,86,VS2022>LS2024,1:1,0.85
VS2022-086-0399,LS2024-086-0399,86,VS2022>LS2024,1:1,0.85
VS2022-086-0400,LS2024-086-0400,86,VS2022>LS2024,1:1,0.85
VS2022-086-0401,LS2024-086-0401,86,VS2022>LS2024,1:1,0.85
VS2022-086-0402,LS2024-086-0402,86,VS2022>LS2024,1:1,0.85
VS2022-086-0403,LS2024-086-0403,86,VS2022>LS2024,1:1,0.85
VS2022-086-0404,LS2024-086-0404,86,VS2022>LS2024,1:1,0.85
VS2022-086-0405,LS2024-086-0405,86,VS2022>LS2024,1:1,0.85
VS2022-086-0406,LS2024-086-0406,86,VS2022>LS2024,1:1,0.85
VS2022-086-0407,LS2024-086-0407,86,VS2022>LS2024,1:1,0.85
VS2022-086-0408,LS2024-086-0408,86,VS2022>LS2024,1:1,0.85
VS2022-086-0409,LS2024-086-0409,86,VS2022>LS2024,1:1,0.85
VS2022-086-0410,LS2024-086-0410,86,VS2022>LS2024,1:1,0.85
VS2022-086-0411,LS2024-086-0411,86,VS2022>LS2024,1:1,0.85
VS2022-086-0412,LS2024-086-0412,86,VS2022>LS2024,1:1,0.85
VS2022-086-0413,LS2024-086-0413,86,VS2022>LS2024,1:1,0.85
VS2022-086-0414,LS2024-086-0414,86,VS2022>LS2024,1:1,0.85
VS2022-086-0415,LS2024-086-0415,86,VS2022>LS2024,1:1,0.85
VS2022-086-0416,LS2024-086-0416,86,VS2022>LS2024,1:1,0.85
VS2022-086-0417,LS2024-086-0417,86,VS2022>LS2024,1:1,0.85
VS2022-086-0418,LS2024-086-0418,86,VS2022>LS2024,1:1,0.85
VS2022-086-0419,LS2024-086-0419,86,VS2022>LS2024,1:1,0.85
VS2022-086-0420,LS2024-086-0420,86,VS2022>LS2024,1:1,0.85
VS2022-086-0421,LS2024-086-0421,86,VS2022>LS2024,1:1,0.85
VS2022-086-0422,LS2024-086-0422,86,VS2022>LS2024,1:1,0.85
VS2022-086-0423,LS2024-086-0423,86,VS2022>LS2024,1:1,0.85
VS2022-086-0424,LS2024-086-0424,86,VS2022>LS2024,1:1,0.85
VS2022-086-0425,LS2024-086-0425,86,VS2022>LS2024,1:1,0.85
VS2022-086-0426,LS2024-086-0426,86,VS2022>LS2024,1:1,0.85
VS2022-086-0427,LS2024-086-0427,86,VS2022>LS2024,1:1,0.85
VS2022-086-0428,LS2024-086-0428,86,VS2022>LS2024,1:1,0.85
VS2022-086-0429,LS2024-086-0429,86,VS2022>LS2024,1:1,0.85
VS2022-086-0430,LS2024-086-0430,86,VS2022>LS2024,1:1,0.85
VS2022-086-0431,LS2024-086-0431,86,VS2022>LS2024,1:1,0.85
VS2022-086-0432,LS2024-086-0432,86,VS2022>LS2024,1:1,0.85
VS2022-086-0433,LS2024-086-0433,86,VS2022>LS2024,1:1,0.85
VS2022-086-0434,LS2024-086-0434,86,VS2022>LS2024,1:1,0.85
VS2022-086-0435,LS2024-086-0435,86,VS2022>LS2024,1:1,0.85
VS2022-086-0436,LS2024-086-0436,86,VS2022>LS2024,1:1,0.85
VS2022-086-0437,LS2024-086-0437,86,VS2022>LS2024,1:1,0.85
VS2022-086-0438,LS2024-086-0438,86,VS2022>LS2024,1:1,0.85
VS2022-086-0439,LS2024-086-0439,86,VS2022>LS2024,1:1,0.85
VS2022-086-0440,LS2024-086-0440,86,VS2022>LS2024,1:1,0.85
VS2022-086-0441,LS2024-086-0441,86,VS2022>LS2024,1:1,0.85
VS2022-086-0442,LS2024-086-0442,86,VS2022>LS2024,1:1,0.85
VS2022-086-0443,LS2024-086-0443,86,VS2022>LS2024,1:1,0.85
VS2022-086-0444,LS2024-086-0444,86,VS2022>LS2024,1:1,0.85
VS2022-086-0445,LS2024-086-0445,86,VS2022>LS2024,1:1,0.85
VS2022-086-0446,LS2024-086-0446,86,VS2022>LS2024,1:1,0.85
VS2022-086-0447,LS2024-086-0447,86,VS2022>LS2024,1:1,0.85
VS2022-086-0448,LS2024-086-0448,86,VS2022>LS2024,1:1,0.85
VS2022-086-0449,LS2024-086-0449,86,VS2022>LS2024,1:1,0.85
VS2022-086-0450,LS2024-086-0450,86,VS2022>LS2024,1:1,0.85
VS2022-086-0451,LS2024-086-0451,86,VS2022>LS2024,1:1,0.85
VS2022-086-0452,LS2024-086-0452,86,VS2022>LS2024,1:1,0.85
VS2022-086-0453,LS2024-086-0453,86,VS2022>LS2024,1:1,0.85
VS2022-086-0454,LS2024-086-0454,86,VS2022>LS2024,1:1,0.85
VS2022-086-0455,LS2024-086-0455,86,VS2022>LS2024,1:1,0.85
VS2022-086-0456,LS2024-086-0456,86,VS2022>LS2024,1:1,0.85
VS2022-086-0457,LS2024-086-0457,86,VS2022>LS2024,1:1,0.85
VS2022-086-0458,LS2024-086-0458,86,VS2022>LS2024,1:1,0.85
VS2022-086-0459,LS2024-086-0459,86,VS2022>LS2024,1:1,0.85
VS2022-086-0460,LS2024-086-0460,86,VS2022>LS2024,1:1,0.85
VS2022-086-0461,LS2024-086-0461,86,VS2022>LS2024,1:1,0.85
VS2022-086-0462,LS2024-086-0462,86,VS2022>LS2024,1:1,0.85
VS2022-086-0463,LS2024-086-0463,86,VS2022>LS2024,1:1,0.85
VS2022-086-0464,LS2024-086-0464,86,VS2022>LS2024,1:1,0.85
VS2022-086-0465,LS2024-086-0465,86,VS2022>LS2024,1:1,0.85
VS2022-086-0466,LS2024-086-0466,86,VS2022>LS2024,1:1,0.85
VS2022-086-0467,LS2024-086-0467,86,VS2022>LS2024,1:1,0.85
VS2022-086-0468,LS2024-086-0468,86,VS2022>LS2024,1:1,0.85
VS2022-086-0469,LS2024-086-0469,86,VS2022>LS2024,1:1,0.85
VS2022-086-0470,LS2024-086-0470,86,VS2022>LS2024,1:1,0.85
VS2022-086-0471,LS2024-086-0471,86,VS2022>LS2024,1:1,0.85
VS2022-086-0472,LS2024-086-0472,86,VS2022>LS2024,1:1,0.85
VS2022-086-0473,LS2024-086-0473,86,VS2022>LS2024,1:1,0.85
VS2022-086-0474,LS2024-086-0474,86,VS2022>LS2024,1:1,0.85
VS2022-087-0001,LS2024-087-0001,87,VS2022>LS2024,1:1,0.85
VS2022-087-0002,LS2024-087-0002,87,VS2022>LS2024,1:1,0.85
VS2022-087-0003,LS2024-087-0003,87,VS2022>LS2024,1:1,0.85
VS2022-087-0004,LS2024-087-0004,87,VS2022>LS2024,1:1,0.85
VS2022-087-0005,LS2024-087-0005,87,VS2022>LS2024,1:1,0.85
VS2022-087-0006,LS2024-087-0006,87,VS2022>LS2024,1:1,0.85
VS2022-087-0007,LS2024-087-0007,87,VS2022>LS2024,1:1,0.85
VS2022-087-0008,LS2024-087-0008,87,VS2022>LS2024,1:1,0.85
VS2022-087-0009,LS2024-087-0009,87,VS2022>LS2024,1:1,0.85
VS2022-087-0010,LS2024-087-0010,87,VS2022>LS2024,1:1,0.85
VS2022-087-0011,LS2024-087-0011,87,VS2022>LS2024,1:1,0.85
VS2022-087-0012,LS2024-087-0012,87,VS2022>LS2024,1:1,0.85
VS2022-087-0013,LS2024-087-0013,87,VS2022>LS2024,1:1,0.85
VS2022-087-0014,LS2024-087-0014,87,VS2022>LS2024,1:1,0.85
VS2022-087-0015,LS2024-087-0015,87,VS2022>LS2024,1:1,0.85
VS2022-087-0016,LS2024-087-0016,87,VS2022>LS2024,1:1,0.85
VS2022-087-0017,LS2024-087-0017,87,VS2022>LS2024,1:1,0.85
VS2022-087-0018,LS2024-087-0018,87,VS2022>LS2024,1:1,0.85
VS2022-087-0019,LS2024-087-0019,87,VS2022>LS2024,1:1,0.85
VS2022-087-0020,LS2024-087-0020,87,VS2022>LS2024,1:1,0.85
VS2022-087-0021,LS2024-087-0021,87,VS2022>LS2024,1:1,0.85
VS2022-087-0022,LS2024-087-0022,87,VS2022>LS2024,1:1,0.85
VS2022-087-0023,LS2024-087-0023,87,VS2022>LS2024,1:1,0.85
VS2022-087-0024,LS2024-087-0024,87,VS2022>LS2024,1:1,0.85
VS2022-087-0025,LS2024-087-0025,87,VS2022>LS2024,1:1,0.85
VS2022-087-0026,LS2024-087-0026,87,VS2022>LS2024,1:1,0.85
VS2022-087-0027,LS2024-087-0027,87,VS2022>LS2024,1:1,0.85
VS2022-087-0028,LS2024-087-0028,87,VS2022>LS2024,1:1,0.85
VS2022-087-0029,LS2024-087-0029,87,VS2022>LS2024,1:1,0.85
VS2022-087-0030,LS2024-087-0030,87,VS2022>LS2024,1:1,0.85
VS2022-087-0031,LS2024-087-0031,87,VS2022>LS2024,1:1,0.85
VS2022-087-0032,LS2024-087-0032,87,VS2022>LS2024,1:1,0.85
VS2022-087-0033,LS2024-087-0033,87,VS2022>LS2024,1:1,0.85
VS2022-087-0034,LS2024-087-0034,87,VS2022>LS2024,1:1,0.85
VS2022-087-0035,LS2024-087-0035,87,VS2022>LS2024,1:1,0.85
VS2022-087-0036,LS2024-087-0036,87,VS2022>LS2024,1:1,0.85
VS2022-087-0037,LS2024-087-0037,87,VS2022>LS2024,1:1,0.85
VS2022-087-0038,LS2024-087-0038,87,VS2022>LS2024,1:1,0.85
VS2022-087-0039,LS2024-087-0039,87,VS2022>LS2024,1:1,0.85
VS2022-087-0040,LS2024-087-0040,87,VS2022>LS2024,1:1,0.85
VS2022-087-0041,LS2024-087-0041,87,VS2022>LS2024,1:1,0.85
VS2022-087-0042,LS2024-087-0042,87,VS2022>LS2024,1:1,0.85
VS2022-087-0043,LS2024-087-0043,87,VS2022>LS2024,1:1,0.85
VS2022-087-0044,LS2024-087-0044,87,VS2022>LS2024,1:1,0.85
VS2022-087-0045,LS2024-087-0045,87,VS2022>LS2024,1:1,0.85
VS2022-087-0046,LS2024-087-0046,87,VS2022>LS2024,1:1,0.85
VS2022-087-0047,LS2024-087-0047,87,VS2022>LS2024,1:1,0.85
VS2022-087-0048,LS2024-087-0048,87,VS2022>LS2024,1:1,0.85
VS2022-087-0049,LS2024-087-0049,87,VS2022>LS2024,1:1,0.85
VS2022-087-0050,LS2024-087-0050,87,VS2022>LS2024,1:1,0.85
VS2022-087-0051,LS2024-087-0051,87,VS2022>LS2024,1:1,0.85
VS2022-087-0052,LS2024-087-0052,87,VS2022>LS2024,1:1,0.85
VS2022-087-0053,LS2024-087-0053,87,VS2022>LS2024,1:1,0.85
VS2022-087-0054,LS2024-087-0054,87,VS2022>LS2024,1:1,0.85
VS2022-087-0055,LS2024-087-0055,87,VS2022>LS2024,1:1,0.85
VS2022-087-0056,LS2024-087-0056,87,VS2022>LS2024,1:1,0.85
VS2022-087-0057,LS2024-087-0057,87,VS2022>LS2024,1:1,0.85
VS2022-087-0058,LS2024-087-0058,87,VS2022>LS2024,1:1,0.85
VS2022-087-0059,LS2024-087-0059,87,VS2022>LS2024,1:1,0.85
VS2022-087-0060,LS2024-087-0060,87,VS2022>LS2024,1:1,0.85
VS2022-087-0061,LS2024-087-0061,87,VS2022>LS2024,1:1,0.85
VS2022-087-0062,LS2024-087-0062,87,VS2022>LS2024,1:1,0.85
VS2022-087-0063,LS2024-087-0063,87,VS2022>LS2024,1:1,0.85
VS2022-087-0064,LS2024-087-0064,87,VS2022>LS2024,1:1,0.85
VS2022-087-0065,LS2024-087-0065,87,VS2022>LS2024,1:1,0.85
VS2022-087-0066,LS2024-087-0066,87,VS2022>LS2024,1:1,0.85
VS2022-087-0067,LS2024-087-0067,87,VS2022>LS2024,1:1,0.85
VS2022-087-0068,LS2024-087-0068,87,VS2022>LS2024,1:1,0.85
VS2022-087-0069,LS2024-087-0069,87,VS2022>LS2024,1:1,0.85
VS2022-087-0070,LS2024-087-0070,87,VS2022>LS2024,1:1,0.85
VS2022-087-0071,LS2024-087-0071,87,VS2022>LS2024,1:1,0.85
VS2022-087-0072,LS2024-087-0072,87,VS2022>LS2024,1:1,0.85
VS2022-087-0073,LS2024-087-0073,87,VS2022>LS2024,1:1,0.85
VS2022-087-0074,LS2024-087-0074,87,VS2022>LS2024,1:1,0.85
VS2022-087-0075,LS2024-087-0075,87,VS2022>LS2024,1:1,0.85
VS2022-087-0076,LS2024-087-0076,87,VS2022>LS2024,1:1,0.85
VS2022-087-0077,LS2024-087-0077,87,VS2022>LS2024,1:1,0.85
VS2022-087-0078,LS2024-087-0078,87,VS2022>LS2024,1:1,0.85
VS2022-087-0079,LS2024-087-0079,87,VS2022>LS2024,1:1,0.85
VS2022-087-0080,LS2024-087-0080,87,VS2022>LS2024,1:1,0.85
VS2022-087-0081,LS2024-087-0081,87,VS2022>LS2024,1:1,0.85
VS2022-087-0082,LS2024-087-0082,87,VS2022>LS2024,1:1,0.85
VS2022-087-0083,LS2024-087-0083,87,VS2022>LS2024,1:1,0.85
VS2022-087-0084,LS2024-087-0084,87,VS2022>LS2024,1:1,0.85
VS2022-087-0085,LS2024-087-0085,87,VS2022>LS2024,1:1,0.85
VS2022-087-0086,LS2024-087-0086,87,VS2022>LS2024,1:1,0.85
VS2022-087-0087,LS2024-087-0087,87,VS2022>LS2024,1:1,0.85
VS2022-087-0088,LS2024-087-0088,87,VS2022>LS2024,1:1,0.85
VS2022-087-0089,LS2024-087-0089,87,VS2022>LS2024,1:1,0.85
VS2022-087-0090,LS2024-087-0090,87,VS2022>LS2024,1:1,0.85
VS2022-087-0091,LS2024-087-0091,87,VS2022>LS2024,1:1,0.85
VS2022-087-0092,LS2024-087-0092,87,VS2022>LS2024,1:1,0.85
VS2022-087-0093,LS2024-087-0093,87,VS2022>LS2024,1:1,0.85
VS2022-087-0094,LS2024-087-0094,87,VS2022>LS2024,1:1,0.85
VS2022-087-0095,LS2024-087-0095,87,VS2022>LS2024,1:1,0.85
VS2022-087-0096,LS2024-087-0096,87,VS2022>LS2024,1:1,0.85
VS2022-087-0097,LS2024-087-0097,87,VS2022>LS2024,1:1,0.85
VS2022-087-0098,LS2024-087-0098,87,VS2022>LS2024,1:1,0.85
VS2022-087-0099,LS2024-087-0099,87,VS2022>LS2024,1:1,0.85
VS2022-087-0100,LS2024-087-0100,87,VS2022>LS2024,1:1,0.85
VS2022-087-0101,LS2024-087-0101,87,VS2022>LS2024,1:1,0.85
VS2022-087-0102,LS2024-087-0102,87,VS2022>LS2024,1:1,0.85
VS2022-087-0103,LS2024-087-0103,87,VS2022>LS2024,1:1,0.85
VS2022-087-0104,LS2024-087-0104,87,VS2022>LS2024,1:1,0.85
VS2022-087-0105,LS2024-087-0105,87,VS2022>LS2024,1:1,0.85
VS2022-087-0106,LS2024-087-0106,87,VS2022>LS2024,1:1,0.85
VS2022-087-0107,LS2024-087-0107,87,VS2022>LS2024,1:1,0.85
VS2022-087-0108,LS2024-087-0108,87,VS2022>LS2024,1:1,0.85
VS2022-087-0109,LS2024-087-0109,87,VS2022>LS2024,1:1,0.85
VS2022-087-0110,LS2024-087-0110,87,VS2022>LS2024,1:1,0.85
VS2022-087-0111,LS2024-087-0111,87,VS2022>LS2024,1:1,0.85
VS2022-087-0112,LS2024-087-0112,87,VS2022>LS2024,1:1,0.85
VS2022-087-0113,LS2024-087-0113,87,VS2022>LS2024,1:1,0.85
VS2022-087-0114,LS2024-087-0114,87,VS2022>LS2024,1:1,0.85
VS2022-087-0115,LS2024-087-0115,87,VS2022>LS2024,1:1,0.85
VS2022-087-0116,LS2024-087-0116,87,VS2022>LS2024,1:1,0.85
VS2022-087-0117,LS2024-087-0117,87,VS2022>LS2024,1:1,0.85
VS2022-087-0118,LS2024-087-0118,87,VS2022>LS2024,1:1,0.85
VS2022-087-0119,LS2024-087-0119,87,VS2022>LS2024,1:1,0.85
VS2022-087-0120,LS2024-087-0120,87,VS2022>LS2024,1:1,0.85
VS2022-087-0121,LS2024-087-0121,87,VS2022>LS2024,1:1,0.85
VS2022-087-0122,LS2024-087-0122,87,VS2022>LS2024,1:1,0.85
VS2022-087-0123,LS2024-087-0123,87,VS2022>LS2024,1:1,0.85
VS2022-087-0124,LS2024-087-0124,87,VS2022>LS2024,1:1,0.85
VS2022-087-0125,LS2024-087-0125,87,VS2022>LS2024,1:1,0.85
VS2022-087-0126,LS2024-087-0126,87,VS2022>LS2024,1:1,0.85
VS2022-087-0127,LS2024-087-0127,87,VS2022>LS2024,1:1,0.85
VS2022-087-0128,LS2024-087-0128,87,VS2022>LS2024,1:1,0.85
VS2022-087-0129,LS2024-087-0129,87,VS2022>LS2024,1:1,0.85
VS2022-087-0130,LS2024-087-0130,87,VS2022>LS2024,1:1,0.85
VS2022-087-0131,LS2024-087-0131,87,VS2022>LS2024,1:1,0.85
VS2022-087-0132,LS2024-087-0132,87,VS2022>LS2024,1:1,0.85
VS2022-087-0133,LS2024-087-0133,87,VS2022>LS2024,1:1,0.85
VS2022-087-0134,LS2024-087-0134,87,VS2022>LS2024,1:1,0.85
VS2022-087-0135,LS2024-087-0135,87,VS2022>LS2024,1:1,0.85
VS2022-087-0136,LS2024-087-0136,87,VS2022>LS2024,1:1,0.85
VS2022-087-0137,LS2024-087-0137,87,VS2022>LS2024,1:1,0.85
VS2022-087-0138,LS2024-087-0138,87,VS2022>LS2024,1:1,0.85
VS2022-087-0139,LS2024-087-0139,87,VS2022>LS2024,1:1,0.85
VS2022-087-0140,LS2024-087-0140,87,VS2022>LS2024,1:1,0.85
VS2022-087-0141,LS2024-087-0141,87,VS2022>LS2024,1:1,0.85
VS2022-087-0142,LS2024-087-0142,87,VS2022>LS2024,1:1,0.85
VS2022-087-0143,LS2024-087-0143,87,VS2022>LS2024,1:1,0.85
VS2022-087-0144,LS2024-087-0144,87,VS2022>LS2024,1:1,0.85
VS2022-087-0145,LS2024-087-0145,87,VS2022>LS2024,1:1,0.85
VS2022-087-0146,LS2024-087-0146,87,VS2022>LS2024,1:1,0.85
VS2022-087-0147,LS2024-087-0147,87,VS2022>LS2024,1:1,0.85
VS2022-087-0148,LS2024-087-0148,87,VS2022>LS2024,1:1,0.85
VS2022-087-0149,LS2024-087-0149,87,VS2022>LS2024,1:1,0.85
VS2022-087-0150,LS2024-087-0150,87,VS2022>LS2024,1:1,0.85
VS2022-087-0151,LS2024-087-0151,87,VS2022>LS2024,1:1,0.85
VS2022-087-0152,LS2024-087-0152,87,VS2022>LS2024,1:1,0.85
VS2022-087-0153,LS2024-087-0153,87,VS2022>LS2024,1:1,0.85
VS2022-087-0154,LS2024-087-0154,87,VS2022>LS2024,1:1,0.85
VS2022-087-0155,LS2024-087-0155,87,VS2022>LS2024,1:1,0.85
VS2022-087-0156,LS2024-087-0156,87,VS2022>LS2024,1:1,0.85
VS2022-087-0157,LS2024-087-0157,87,VS2022>LS2024,1:1,0.85
VS2022-087-0158,LS2024-087-0158,87,VS2022>LS2024,1:1,0.85
VS2022-087-0159,LS2024-087-0159,87,VS2022>LS2024,1:1,0.85
VS2022-087-0160,LS2024-087-0160,87,VS2022>LS2024,1:1,0.85
VS2022-087-0161,LS2024-087-0161,87,VS2022>LS2024,1:1,0.85
VS2022-087-0162,LS2024-087-0162,87,VS2022>LS2024,1:1,0.85
VS2022-087-0163,LS2024-087-0163,87,VS2022>LS2024,1:1,0.85
VS2022-087-0164,LS2024-087-0164,87,VS2022>LS2024,1:1,0.85
VS2022-087-0165,LS2024-087-0165,87,VS2022>LS2024,1:1,0.85
VS2022-087-0166,LS2024-087-0166,87,VS2022>LS2024,1:1,0.85
VS2022-087-0167,LS2024-087-0167,87,VS2022>LS2024,1:1,0.85
VS2022-087-0168,LS2024-087-0168,87,VS2022>LS2024,1:1,0.85
VS2022-087-0169,LS2024-087-0169,87,VS2022>LS2024,1:1,0.85
VS2022-087-0170,LS2024-087-0170,87,VS2022>LS2024,1:1,0.85
VS2022-087-0171,LS2024-087-0171,87,VS2022>LS2024,1:1,0.85
VS2022-087-0172,LS2024-087-0172,87,VS2022>LS2024,1:1,0.85
VS2022-087-0173,LS2024-087-0173,87,VS2022>LS2024,1:1,0.85
VS2022-087-0174,LS2024-087-0174,87,VS2022>LS2024,1:1,0.85
VS2022-087-0175,LS2024-087-0175,87,VS2022>LS2024,1:1,0.85
VS2022-087-0176,LS2024-087-0176,87,VS2022>LS2024,1:1,0.85
VS2022-087-0177,LS2024-087-0177,87,VS2022>LS2024,1:1,0.85
VS2022-087-0178,LS2024-087-0178,87,VS2022>LS2024,1:1,0.85
VS2022-087-0179,LS2024-087-0179,87,VS2022>LS2024,1:1,0.85
VS2022-087-0180,LS2024-087-0180,87,VS2022>LS2024,1:1,0.85
VS2022-087-0181,LS2024-087-0181,87,VS2022>LS2024,1:1,0.85
VS2022-087-0182,LS2024-087-0182,87,VS2022>LS2024,1:1,0.85
VS2022-087-0183,LS2024-087-0183,87,VS2022>LS2024,1:1,0.85
VS2022-087-0184,LS2024-087-0184,87,VS2022>LS2024,1:1,0.85
VS2022-087-0185,LS2024-087-0185,87,VS2022>LS2024,1:1,0.85
VS2022-087-0186,LS2024-087-0186,87,VS2022>LS2024,1:1,0.85
VS2022-087-0187,LS2024-087-0187,87,VS2022>LS2024,1:1,0.85
VS2022-087-0188,LS2024-087-0188,87,VS2022>LS2024,1:1,0.85
VS2022-087-0189,LS2024-087-0189,87,VS2022>LS2024,1:1,0.85
VS2022-087-0190,LS2024-087-0190,87,VS2022>LS2024,1:1,0.85
VS2022-087-0191,LS2024-087-0191,87,VS2022>LS2024,1:1,0.85
VS2022-087-0192,LS2024-087-0192,87,VS2022>LS2024,1:1,0.85
VS2022-087-0193,LS2024-087-0193,87,VS2022>LS2024,1:1,0.85
VS2022-087-0194,LS2024-087-0194,87,VS2022>LS2024,1:1,0.85
VS2022-087-0195,LS2024-087-0195,87,VS2022>LS2024,1:1,0.85
VS2022-087-0196,LS2024-087-0196,87,VS2022>LS2024,1:1,0.85
VS2022-087-0197,LS2024-087-0197,87,VS2022>LS2024,1:1,0.85
VS2022-087-0198,LS2024-087-0198,87,VS2022>LS2024,1:1,0.85
VS2022-087-0199,LS2024-087-0199,87,VS2022>LS2024,1:1,0.85
VS2022-087-0200,LS2024-087-0200,87,VS2022>LS2024,1:1,0.85
VS2022-087-0201,LS2024-087-0201,87,VS2022>LS2024,1:1,0.85
VS2022-087-0202,LS2024-087-0202,87,VS2022>LS2024,1:1,0.85
VS2022-087-0203,LS2024-087-0203,87,VS2022>LS2024,1:1,0.85
VS2022-087-0204,LS2024-087-0204,87,VS2022>LS2024,1:1,0.85
VS2022-087-0205,LS2024-087-0205,87,VS2022>LS2024,1:1,0.85
VS2022-087-0206,LS2024-087-0206,87,VS2022>LS2024,1:1,0.85
VS2022-087-0207,LS2024-087-0207,87,VS2022>LS2024,1:1,0.85
VS2022-087-0208,LS2024-087-0208,87,VS2022>LS2024,1:1,0.85
VS2022-087-0209,LS2024-087-0209,87,VS2022>LS2024,1:1,0.85
VS2022-087-0210,LS2024-087-0210,87,VS2022>LS2024,1:1,0.85
VS2022-087-0211,LS2024-087-0211,87,VS2022>LS2024,1:1,0.85
VS2022-087-0212,LS2024-087-0212,87,VS2022>LS2024,1:1,0.85
VS2022-087-0213,LS2024-087-0213,87,VS2022>LS2024,1:1,0.85
VS2022-087-0214,LS2024-087-0214,87,VS2022>LS2024,1:1,0.85
VS2022-087-0215,LS2024-087-0215,87,VS2022>LS2024,1:1,0.85
VS2022-087-0216,LS2024-087-0216,87,VS2022>LS2024,1:1,0.85
VS2022-087-0217,LS2024-087-0217,87,VS2022>LS2024,1:1,0.85
VS2022-087-0218,LS2024-087-0218,87,VS2022>LS2024,1:1,0.85
VS2022-087-0219,LS2024-087-0219,87,VS2022>LS2024,1:1,0.85
VS2022-087-0220,LS2024-087-0220,87,VS2022>LS2024,1:1,0.85
VS2022-087-0221,LS2024-087-0221,87,VS2022>LS2024,1:1,0.85
VS2022-087-0222,LS2024-087-0222,87,VS2022>LS2024,1:1,0.85
VS2022-087-0223,LS2024-087-0223,87,VS2022>LS2024,1:1,0.85
VS2022-087-0224,LS2024-087-0224,87,VS2022>LS2024,1:1,0.85
VS2022-087-0225,LS2024-087-0225,87,VS2022>LS2024,1:1,0.85
VS2022-087-0226,LS2024-087-0226,87,VS2022>LS2024,1:1,0.85
VS2022-087-0227,LS2024-087-0227,87,VS2022>LS2024,1:1,0.85
VS2022-087-0228,LS2024-087-0228,87,VS2022>LS2024,1:1,0.85
VS2022-087-0229,LS2024-087-0229,87,VS2022>LS2024,1:1,0.85
VS2022-087-0230,LS2024-087-0230,87,VS2022>LS2024,1:1,0.85
VS2022-087-0231,LS2024-087-0231,87,VS2022>LS2024,1:1,0.85
VS2022-087-0232,LS2024-087-0232,87,VS2022>LS2024,1:1,0.85
VS2022-087-0233,LS2024-087-0233,87,VS2022>LS2024,1:1,0.85
VS2022-087-0234,LS2024-087-0234,87,VS2022>LS2024,1:1,0.85
VS2022-087-0235,LS2024-087-0235,87,VS2022>LS2024,1:1,0.85
VS2022-087-0236,LS2024-087-0236,87,VS2022>LS2024,1:1,0.85
VS2022-087-0237,LS2024-087-0237,87,VS2022>LS2024,1:1,0.85
VS2022-087-0238,LS2024-087-0238,87,VS2022>LS2024,1:1,0.85
VS2022-087-0239,LS2024-087-0239,87,VS2022>LS2024,1:1,0.85
VS2022-087-0240,LS2024-087-0240,87,VS2022>LS2024,1:1,0.85
VS2022-087-0241,LS2024-087-0241,87,VS2022>LS2024,1:1,0.85
VS2022-087-0242,LS2024-087-0242,87,VS2022>LS2024,1:1,0.85
VS2022-087-0243,LS2024-087-0243,87,VS2022>LS2024,1:1,0.85
VS2022-087-0244,LS2024-087-0244,87,VS2022>LS2024,1:1,0.85
VS2022-087-0245,LS2024-087-0245,87,VS2022>LS2024,1:1,0.85
VS2022-087-0246,LS2024-087-0246,87,VS2022>LS2024,1:1,0.85
VS2022-087-0247,LS2024-087-0247,87,VS2022>LS2024,1:1,0.85
VS2022-087-0248,LS2024-087-0248,87,VS2022>LS2024,1:1,0.85
VS2022-087-0249,LS2024-087-0249,87,VS2022>LS2024,1:1,0.85
VS2022-087-0250,LS2024-087-0250,87,VS2022>LS2024,1:1,0.85
VS2022-087-0251,LS2024-087-0251,87,VS2022>LS2024,1:1,0.85
VS2022-087-0252,LS2024-087-0252,87,VS2022>LS2024,1:1,0.85
VS2022-087-0253,LS2024-087-0253,87,VS2022>LS2024,1:1,0.85
VS2022-087-0254,LS2024-087-0254,87,VS2022>LS2024,1:1,0.85
VS2022-087-0255,LS2024-087-0255,87,VS2022>LS2024,1:1,0.85
VS2022-087-0256,LS2024-087-0256,87,VS2022>LS2024,1:1,0.85
VS2022-087-0257,LS2024-087-0257,87,VS2022>LS2024,1:1,0.85
VS2022-087-0258,LS2024-087-0258,87,VS2022>LS2024,1:1,0.85
VS2022-087-0259,LS2024-087-0259,87,VS2022>LS2024,1:1,0.85
VS2022-087-0260,LS2024-087-0260,87,VS2022>LS2024,1:1,0.85
VS2022-087-0261,LS2024-087-0261,87,VS2022>LS2024,1:1,0.85
VS2022-087-0262,LS2024-087-0262,87,VS2022>LS2024,1:1,0.85
VS2022-087-0263,LS2024-087-0263,87,VS2022>LS2024,1:1,0.85
VS2022-087-0264,LS2024-087-0264,87,VS2022>LS2024,1:1,0.85
VS2022-087-0265,LS2024-087-0265,87,VS2022>LS2024,1:1,0.85
VS2022-087-0266,LS2024-087-0266,87,VS2022>LS2024,1:1,0.85
VS2022-087-0267,LS2024-087-0267,87,VS2022>LS2024,1:1,0.85
VS2022-087-0268,LS2024-087-0268,87,VS2022>LS2024,1:1,0.85
VS2022-087-0269,LS2024-087-0269,87,VS2022>LS2024,1:1,0.85
VS2022-087-0270,LS2024-087-0270,87,VS2022>LS2024,1:1,0.85
VS2022-087-0271,LS2024-087-0271,87,VS2022>LS2024,1:1,0.85
VS2022-087-0272,LS2024-087-0272,87,VS2022>LS2024,1:1,0.85
VS2022-087-0273,LS2024-087-0273,87,VS2022>LS2024,1:1,0.85
VS2022-087-0274,LS2024-087-0274,87,VS2022>LS2024,1:1,0.85
VS2022-087-0275,LS2024-087-0275,87,VS2022>LS2024,1:1,0.85
VS2022-087-0276,LS2024-087-0276,87,VS2022>LS2024,1:1,0.85
VS2022-087-0277,LS2024-087-0277,87,VS2022>LS2024,1:1,0.85
VS2022-087-0278,LS2024-087-0278,87,VS2022>LS2024,1:1,0.85
VS2022-087-0279,LS2024-087-0279,87,VS2022>LS2024,1:1,0.85
VS2022-087-0280,LS2024-087-0280,87,VS2022>LS2024,1:1,0.85
VS2022-087-0281,LS2024-087-0281,87,VS2022>LS2024,1:1,0.85
VS2022-087-0282,LS2024-087-0282,87,VS2022>LS2024,1:1,0.85
VS2022-087-0283,LS2024-087-0283,87,VS2022>LS2024,1:1,0.85
VS2022-087-0284,LS2024-087-0284,87,VS2022>LS2024,1:1,0.85
VS2022-087-0285,LS2024-087-0285,87,VS2022>LS2024,1:1,0.85
VS2022-087-0286,LS2024-087-0286,87,VS2022>LS2024,1:1,0.85
VS2022-087-0287,LS2024-087-0287,87,VS2022>LS2024,1:1,0.85
VS2022-087-0288,LS2024-087-0288,87,VS2022>LS2024,1:1,0.85
VS2022-087-0289,LS2024-087-0289,87,VS2022>LS2024,1:1,0.85
VS2022-087-0290,LS2024-087-0290,87,VS2022>LS2024,1:1,0.85
VS2022-087-0291,LS2024-087-0291,87,VS2022>LS2024,1:1,0.85
VS2022-087-0292,LS2024-087-0292,87,VS2022>LS2024,1:1,0.85
VS2022-087-0293,LS2024-087-0293,87,VS2022>LS2024,1:1,0.85
VS2022-087-0294,LS2024-087-0294,87,VS2022>LS2024,1:1,0.85
VS2022-087-0295,LS2024-087-0295,87,VS2022>LS2024,1:1,0.85
VS2022-087-0296,LS2024-087-0296,87,VS2022>LS2024,1:1,0.85
VS2022-087-0297,LS2024-087-0297,87,VS2022>LS2024,1:1,0.85
VS2022-087-0298,LS2024-087-0298,87,VS2022>LS2024,1:1,0.85
VS2022-087-0299,LS2024-087-0299,87,VS2022>LS2024,1:1,0.85
VS2022-087-0300,LS2024-087-0300,87,VS2022>LS2024,1:1,0.85
VS2022-087-0301,LS2024-087-0301,87,VS2022>LS2024,1:1,0.85
VS2022-087-0302,LS2024-087-0302,87,VS2022>LS2024,1:1,0.85
VS2022-087-0303,LS2024-087-0303,87,VS2022>LS2024,1:1,0.85
VS2022-087-0304,LS2024-087-0304,87,VS2022>LS2024,1:1,0.85
VS2022-087-0305,LS2024-087-0305,87,VS2022>LS2024,1:1,0.85
VS2022-087-0306,LS2024-087-0306,87,VS2022>LS2024,1:1,0.85
VS2022-087-0307,LS2024-087-0307,87,VS2022>LS2024,1:1,0.85
VS2022-087-0308,LS2024-087-0308,87,VS2022>LS2024,1:1,0.85
VS2022-087-0309,LS2024-087-0309,87,VS2022>LS2024,1:1,0.85
VS2022-087-0310,LS2024-087-0310,87,VS2022>LS2024,1:1,0.85
VS2022-087-0311,LS2024-087-0311,87,VS2022>LS2024,1:1,0.85
VS2022-087-0312,LS2024-087-0312,87,VS2022>LS2024,1:1,0.85
VS2022-087-0313,LS2024-087-0313,87,VS2022>LS2024,1:1,0.85
VS2022-087-0314,LS2024-087-0314,87,VS2022>LS2024,1:1,0.85
VS2022-087-0315,LS2024-087-0315,87,VS2022>LS2024,1:1,0.85
VS2022-087-0316,LS2024-087-0316,87,VS2022>LS2024,1:1,0.85
VS2022-087-0317,LS2024-087-0317,87,VS2022>LS2024,1:1,0.85
VS2022-087-0318,LS2024-087-0318,87,VS2022>LS2024,1:1,0.85
VS2022-087-0319,LS2024-087-0319,87,VS2022>LS2024,1:1,0.85
VS2022-087-0320,LS2024-087-0320,87,VS2022>LS2024,1:1,0.85
VS2022-087-0321,LS2024-087-0321,87,VS2022>LS2024,1:1,0.85
VS2022-087-0322,LS2024-087-0322,87,VS2022>LS2024,1:1,0.85
VS2022-087-0323,LS2024-087-0323,87,VS2022>LS2024,1:1,0.85
VS2022-087-0324,LS2024-087-0324,87,VS2022>LS2024,1:1,0.85
VS2022-087-0325,LS2024-087-0325,87,VS2022>LS2024,1:1,0.85
VS2022-087-0326,LS2024-087-0326,87,VS2022>LS2024,1:1,0.85
VS2022-087-0327,LS2024-087-0327,87,VS2022>LS2024,1:1,0.85
VS2022-087-0328,LS2024-087-0328,87,VS2022>LS2024,1:1,0.85
VS2022-087-0329,LS2024-087-0329,87,VS2022>LS2024,1:1,0.85
VS2022-087-0330,LS2024-087-0330,87,VS2022>LS2024,1:1,0.85
VS2022-087-0331,LS2024-087-0331,87,VS2022>LS2024,1:1,0.85
VS2022-087-0332,LS2024-087-0332,87,VS2022>LS2024,1:1,0.85
VS2022-087-0333,LS2024-087-0333,87,VS2022>LS2024,1:1,0.85
VS2022-087-0334,LS2024-087-0334,87,VS2022>LS2024,1:1,0.85
VS2022-087-0335,LS2024-087-0335,87,VS2022>LS2024,1:1,0.85
VS2022-087-0336,LS2024-087-0336,87,VS2022>LS2024,1:1,0.85
VS2022-087-0337,LS2024-087-0337,87,VS2022>LS2024,1:1,0.85
VS2022-087-0338,LS2024-087-0338,87,VS2022>LS2024,1:1,0.85
VS2022-087-0339,LS2024-087-0339,87,VS2022>LS2024,1:1,0.85
VS2022-087-0340,LS2024-087-0340,87,VS2022>LS2024,1:1,0.85
VS2022-087-0341,LS2024-087-0341,87,VS2022>LS2024,1:1,0.85
VS2022-087-0342,LS2024-087-0342,87,VS2022>LS2024,1:1,0.85
VS2022-087-0343,LS2024-087-0343,87,VS2022>LS2024,1:1,0.85
VS2022-087-0344,LS2024-087-0344,87,VS2022>LS2024,1:1,0.85
VS2022-087-0345,LS2024-087-0345,87,VS2022>LS2024,1:1,0.85
VS2022-087-0346,LS2024-087-0346,87,VS2022>LS2024,1:1,0.85
VS2022-087-0347,LS2024-087-0347,87,VS2022>LS2024,1:1,0.85
VS2022-087-0348,LS2024-087-0348,87,VS2022>LS2024,1:1,0.85
VS2022-087-0349,LS2024-087-0349,87,VS2022>LS2024,1:1,0.85
VS2022-087-0350,LS2024-087-0350,87,VS2022>LS2024,1:1,0.85
VS2022-087-0351,LS2024-087-0351,87,VS2022>LS2024,1:1,0.85
VS2022-087-0352,LS2024-087-0352,87,VS2022>LS2024,1:1,0.85
VS2022-087-0353,LS2024-087-0353,87,VS2022>LS2024,1:1,0.85
VS2022-087-0354,LS2024-087-0354,87,VS2022>LS2024,1:1,0.85
VS2022-087-0355,LS2024-087-0355,87,VS2022>LS2024,1:1,0.85
VS2022-087-0356,LS2024-087-0356,87,VS2022>LS2024,1:1,0.85
VS2022-087-0357,LS2024-087-0357,87,VS2022>LS2024,1:1,0.85
VS2022-087-0358,LS2024-087-0358,87,VS2022>LS2024,1:1,0.85
VS2022-087-0359,LS2024-087-0359,87,VS2022>LS2024,1:1,0.85
VS2022-087-0360,LS2024-087-0360,87,VS2022>LS2024,1:1,0.85
VS2022-087-0361,LS2024-087-0361,87,VS2022>LS2024,1:1,0.85
VS2022-087-0362,LS2024-087-0362,87,VS2022>LS2024,1:1,0.85
VS2022-087-0363,LS2024-087-0363,87,VS2022>LS2024,1:1,0.85
VS2022-087-0364,LS2024-087-0364,87,VS2022>LS2024,1:1,0.85
VS2022-087-0365,LS2024-087-0365,87,VS2022>LS2024,1:1,0.85
VS2022-087-0366,LS2024-087-0366,87,VS2022>LS2024,1:1,0.85
VS2022-087-0367,LS2024-087-0367,87,VS2022>LS2024,1:1,0.85
VS2022-087-0368,LS2024-087-0368,87,VS2022>LS2024,1:1,0.85
VS2022-087-0369,LS2024-087-0369,87,VS2022>LS2024,1:1,0.85
VS2022-087-0370,LS2024-087-0370,87,VS2022>LS2024,1:1,0.85
VS2022-087-0371,LS2024-087-0371,87,VS2022>LS2024,1:1,0.85
VS2022-087-0372,LS2024-087-0372,87,VS2022>LS2024,1:1,0.85
VS2022-087-0373,LS2024-087-0373,87,VS2022>LS2024,1:1,0.85
VS2022-087-0374,LS2024-087-0374,87,VS2022>LS2024,1:1,0.85
VS2022-087-0375,LS2024-087-0375,87,VS2022>LS2024,1:1,0.85
VS2022-087-0376,LS2024-087-0376,87,VS2022>LS2024,1:1,0.85
VS2022-087-0377,LS2024-087-0377,87,VS2022>LS2024,1:1,0.85
VS2022-087-0378,LS2024-087-0378,87,VS2022>LS2024,1:1,0.85
VS2022-087-0379,LS2024-087-0379,87,VS2022>LS2024,1:1,0.85
VS2022-087-0380,LS2024-087-0380,87,VS2022>LS2024,1:1,0.85
VS2022-087-0381,LS2024-087-0381,87,VS2022>LS2024,1:1,0.85
VS2022-087-0382,LS2024-087-0382,87,VS2022>LS2024,1:1,0.85
VS2022-087-0383,LS2024-087-0383,87,VS2022>LS2024,1:1,0.85
VS2022-087-0384,LS2024-087-0384,87,VS2022>LS2024,1:1,0.85
VS2022-087-0385,LS2024-087-0385,87,VS2022>LS2024,1:1,0.85
VS2022-087-0386,LS2024-087-0386,87,VS2022>LS2024,1:1,0.85
VS2022-087-0387,LS2024-087-0387,87,VS2022>LS2024,1:1,0.85
VS2022-087-0388,LS2024-087-0388,87,VS2022>LS2024,1:1,0.85
VS2022-087-0389,LS2024-087-0389,87,VS2022>LS2024,1:1,0.85
VS2022-087-0390,LS2024-087-0390,87,VS2022>LS2024,1:1,0.85
VS2022-087-0391,LS2024-087-0391,87,VS2022>LS2024,1:1,0.85
VS2022-087-0392,LS2024-087-0392,87,VS2022>LS2024,1:1,0.85
VS2022-087-0393,LS2024-087-0393,87,VS2022>LS2024,1:1,0.85
VS2022-087-0394,LS2024-087-0394,87,VS2022>LS2024,1:1,0.85
VS2022-087-0395,LS2024-087-0395,87,VS2022>LS2024,1:1,0.85
VS2022-087-0396,LS2024-087-0396,87,VS2022>LS2024,1:1,0.85
VS2022-087-0397,LS2024-087-0397,87,VS2022>LS2024,1:1,0.85
VS2022-087-0398,LS2024-087-0398,87,VS2022>LS2024,1:1,0.85
VS2022-087-0399,LS2024-087-0399,87,VS2022>LS2024,1:1,0.85
VS2022-087-0400,LS2024-087-0400,87,VS2022>LS2024,1:1,0.85
VS2022-087-0401,LS2024-087-0401,87,VS2022>LS2024,1:1,0.85
VS2022-087-0402,LS2024-087-0402,87,VS2022>LS2024,1:1,0.85
VS2022-087-0403,LS2024-087-0403,87,VS2022>LS2024,1:1,0.85
VS2022-087-0404,LS2024-087-0404,87,VS2022>LS2024,1:1,0.85
VS2022-087-0405,LS2024-087-0405,87,VS2022>LS2024,1:1,0.85
VS2022-087-0406,LS2024-087-0406,87,VS2022>LS2024,1:1,0.85
VS2022-087-0407,LS2024-087-0407,87,VS2022>LS2024,1:1,0.85
VS2022-087-0408,LS2024-087-0408,87,VS2022>LS2024,1:1,0.85
VS2022-087-0409,LS2024-087-0409,87,VS2022>LS2024,1:1,0.85
VS2022-087-0410,LS2024-087-0410,87,VS2022>LS2024,1:1,0.85
VS2022-087-0411,LS2024-087-0411,87,VS2022>LS2024,1:1,0.85
VS2022-087-0412,LS2024-087-0412,87,VS2022>LS2024,1:1,0.85
VS2022-087-0413,LS2024-087-0413,87,VS2022>LS2024,1:1,0.85
VS2022-087-0414,LS2024-087-0414,87,VS2022>LS2024,1:1,0.85
VS2022-087-0415,LS2024-087-0415,87,VS2022>LS2024,1:1,0.85
VS2022-087-0416,LS2024-087-0416,87,VS2022>LS2024,1:1,0.85
VS2022-087-0417,LS2024-087-0417,87,VS2022>LS2024,1:1,0.85
VS2022-087-0418,LS2024-087-0418,87,VS2022>LS2024,1:1,0.85
VS2022-087-0419,LS2024-087-0419,87,VS2022>LS2024,1:1,0.85
VS2022-087-0420,LS2024-087-0420,87,VS2022>LS2024,1:1,0.85
VS2022-087-0421,LS2024-087-0421,87,VS2022>LS2024,1:1,0.85
VS2022-087-0422,LS2024-087-0422,87,VS2022>LS2024,1:1,0.85
VS2022-087-0423,LS2024-087-0423,87,VS2022>LS2024,1:1,0.85
VS2022-087-0424,LS2024-087-0424,87,VS2022>LS2024,1:1,0.85
VS2022-087-0425,LS2024-087-0425,87,VS2022>LS2024,1:1,0.85
VS2022-087-0426,LS2024-087-0426,87,VS2022>LS2024,1:1,0.85
VS2022-087-0427,LS2024-087-0427,87,VS2022>LS2024,1:1,0.85
VS2022-087-0428,LS2024-087-0428,87,VS2022>LS2024,1:1,0.85
VS2022-087-0429,LS2024-087-0429,87,VS2022>LS2024,1:1,0.85
VS2022-087-0430,LS2024-087-0430,87,VS2022>LS2024,1:1,0.85
VS2022-087-0431,LS2024-087-0431,87,VS2022>LS2024,1:1,0.85
VS2022-087-0432,LS2024-087-0432,87,VS2022>LS2024,1:1,0.85
VS2022-087-0433,LS2024-087-0433,87,VS2022>LS2024,1:1,0.85
VS2022-087-0434,LS2024-087-0434,87,VS2022>LS2024,1:1,0.85
VS2022-087-0435,LS2024-087-0435,87,VS2022>LS2024,1:1,0.85
VS2022-087-0436,LS2024-087-0436,87,VS2022>LS2024,1:1,0.85
VS2022-087-0437,LS2024-087-0437,87,VS2022>LS2024,1:1,0.85
VS2022-087-0438,LS2024-087-0438,87,VS2022>LS2024,1:1,0.85
VS2022-087-0439,LS2024-087-0439,87,VS2022>LS2024,1:1,0.85
VS2022-087-0440,LS2024-087-0440,87,VS2022>LS2024,1:1,0.85
VS2022-087-0441,LS2024-087-0441,87,VS2022>LS2024,1:1,0.85
VS2022-087-0442,LS2024-087-0442,87,VS2022>LS2024,1:1,0.85
VS2022-087-0443,LS2024-087-0443,87,VS2022>LS2024,1:1,0.85
VS2022-087-0444,LS2024-087-0444,87,VS2022>LS2024,1:1,0.85
VS2022-087-0445,LS2024-087-0445,87,VS2022>LS2024,1:1,0.85
VS2022-087-0446,LS2024-087-0446,87,VS2022>LS2024,1:1,0.85
VS2022-087-0447,LS2024-087-0447,87,VS2022>LS2024,1:1,0.85
VS2022-087-0448,LS2024-087-0448,87,VS2022>LS2024,1:1,0.85
VS2022-087-0449,LS2024-087-0449,87,VS2022>LS2024,1:1,0.85
VS2022-087-0450,LS2024-087-0450,87,VS2022>LS2024,1:1,0.85
VS2022-087-0451,LS2024-087-0451,87,VS2022>LS2024,1:1,0.85
VS2022-087-0452,LS2024-087-0452,87,VS2022>LS2024,1:1,0.85
VS2022-087-0453,LS2024-087-0453,87,VS2022>LS2024,1:1,0.85
VS2022-087-0454,LS2024-087-0454,87,VS2022>LS2024,1:1,0.85
VS2022-087-0455,LS2024-087-0455,87,VS2022>LS2024,1:1,0.85
VS2022-087-0456,LS2024-087-0456,87,VS2022>LS2024,1:1,0.85
VS2022-087-0457,LS2024-087-0457,87,VS2022>LS2024,1:1,0.85
VS2022-087-0458,LS2024-087-0458,87,VS2022>LS2024,1:1,0.85
VS2022-087-0459,LS2024-087-0459,87,VS2022>LS2024,1:1,0.85
VS2022-087-0460,LS2024-087-0460,87,VS2022>LS2024,1:1,0.85
VS2022-087-0461,LS2024-087-0461,87,VS2022>LS2024,1:1,0.85
VS2022-087-0462,LS2024-087-0462,87,VS2022>LS2024,1:1,0.85
VS2022-087-0463,LS2024-087-0463,87,VS2022>LS2024,1:1,0.85
VS2022-087-0464,LS2024-087-0464,87,VS2022>LS2024,1:1,0.85
VS2022-087-0465,LS2024-087-0465,87,VS2022>LS2024,1:1,0.85
VS2022-087-0466,LS2024-087-0466,87,VS2022>LS2024,1:1,0.85
VS2022-087-0467,LS2024-087-0467,87,VS2022>LS2024,1:1,0.85
VS2022-087-0468,LS2024-087-0468,87,VS2022>LS2024,1:1,0.85
VS2022-088-0001,LS2024-088-0001,88,VS2022>LS2024,1:1,0.85
VS2022-088-0002,LS2024-088-0002,88,VS2022>LS2024,1:1,0.85
VS2022-088-0003,LS2024-088-0003,88,VS2022>LS2024,1:1,0.85
VS2022-088-0004,LS2024-088-0004,88,VS2022>LS2024,1:1,0.85
VS2022-088-0005,LS2024-088-0005,88,VS2022>LS2024,1:1,0.85
VS2022-088-0006,LS2024-088-0006,88,VS2022>LS2024,1:1,0.85
VS2022-088-0007,LS2024-088-0007,88,VS2022>LS2024,1:1,0.85
VS2022-088-0008,LS2024-088-0008,88,VS2022>LS2024,1:1,0.85
VS2022-088-0009,LS2024-088-0009,88,VS2022>LS2024,1:1,0.85
VS2022-088-0010,LS2024-088-0010,88,VS2022>LS2024,1:1,0.85
VS2022-088-0011,LS2024-088-0011,88,VS2022>LS2024,1:1,0.85
VS2022-088-0012,LS2024-088-0012,88,VS2022>LS2024,1:1,0.85
VS2022-088-0013,LS2024-088-0013,88,VS2022>LS2024,1:1,0.85
VS2022-088-0014,LS2024-088-0014,88,VS2022>LS2024,1:1,0.85
VS2022-088-0015,LS2024-088-0015,88,VS2022>LS2024,1:1,0.85
VS2022-088-0016,LS2024-088-0016,88,VS2022>LS2024,1:1,0.85
VS2022-088-0017,LS2024-088-0017,88,VS2022>LS2024,1:1,0.85
VS2022-088-0018,LS2024-088-0018,88,VS2022>LS2024,1:1,0.85
VS2022-088-0019,LS2024-088-0019,88,VS2022>LS2024,1:1,0.85
VS2022-088-0020,LS2024-088-0020,88,VS2022>LS2024,1:1,0.85
VS2022-088-0021,LS2024-088-0021,88,VS2022>LS2024,1:1,0.85
VS2022-088-0022,LS2024-088-0022,88,VS2022>LS2024,1:1,0.85
VS2022-088-0023,LS2024-088-0023,88,VS2022>LS2024,1:1,0.85
VS2022-088-0024,LS2024-088-0024,88,VS2022>LS2024,1:1,0.85
VS2022-088-0025,LS2024-088-0025,88,VS2022>LS2024,1:1,0.85
VS2022-088-0026,LS2024-088-0026,88,VS2022>LS2024,1:1,0.85
VS2022-088-0027,LS2024-088-0027,88,VS2022>LS2024,1:1,0.85
VS2022-088-0028,LS2024-088-0028,88,VS2022>LS2024,1:1,0.85
VS2022-088-0029,LS2024-088-0029,88,VS2022>LS2024,1:1,0.85
VS2022-088-0030,LS2024-088-0030,88,VS2022>LS2024,1:1,0.85
VS2022-088-0031,LS2024-088-0031,88,VS2022>LS2024,1:1,0.85
VS2022-088-0032,LS2024-088-0032,88,VS2022>LS2024,1:1,0.85
VS2022-088-0033,LS2024-088-0033,88,VS2022>LS2024,1:1,0.85
VS2022-088-0034,LS2024-088-0034,88,VS2022>LS2024,1:1,0.85
VS2022-088-0035,LS2024-088-0035,88,VS2022>LS2024,1:1,0.85
VS2022-088-0036,LS2024-088-0036,88,VS2022>LS2024,1:1,0.85
VS2022-088-0037,LS2024-088-0037,88,VS2022>LS2024,1:1,0.85
VS2022-088-0038,LS2024-088-0038,88,VS2022>LS2024,1:1,0.85
VS2022-088-0039,LS2024-088-0039,88,VS2022>LS2024,1:1,0.85
VS2022-088-0040,LS2024-088-0040,88,VS2022>LS2024,1:1,0.85
VS2022-088-0041,LS2024-088-0041,88,VS2022>LS2024,1:1,0.85
VS2022-088-0042,LS2024-088-0042,88,VS2022>LS2024,1:1,0.85
VS2022-088-0043,LS2024-088-0043,88,VS2022>LS2024,1:1,0.85
VS2022-088-0044,LS2024-088-0044,88,VS2022>LS2024,1:1,0.85
VS2022-088-0045,LS2024-088-0045,88,VS2022>LS2024,1:1,0.85
VS2022-088-0046,LS2024-088-0046,88,VS2022>LS2024,1:1,0.85
VS2022-088-0047,LS2024-088-0047,88,VS2022>LS2024,1:1,0.85
VS2022-088-0048,LS2024-088-0048,88,VS2022>LS2024,1:1,0.85
VS2022-088-0049,LS2024-088-0049,88,VS2022>LS2024,1:1,0.85
VS2022-088-0050,LS2024-088-0050,88,VS2022>LS2024,1:1,0.85
VS2022-088-0051,LS2024-088-0051,88,VS2022>LS2024,1:1,0.85
VS2022-088-0052,LS2024-088-0052,88,VS2022>LS2024,1:1,0.85
VS2022-088-0053,LS2024-088-0053,88,VS2022>LS2024,1:1,0.85
VS2022-088-0054,LS2024-088-0054,88,VS2022>LS2024,1:1,0.85
VS2022-088-0055,LS2024-088-0055,88,VS2022>LS2024,1:1,0.85
VS2022-088-0056,LS2024-088-0056,88,VS2022>LS2024,1:1,0.85
VS2022-088-0057,LS2024-088-0057,88,VS2022>LS2024,1:1,0.85
VS2022-088-0058,LS2024-088-0058,88,VS2022>LS2024,1:1,0.85
VS2022-088-0059,LS2024-088-0059,88,VS2022>LS2024,1:1,0.85
VS2022-088-0060,LS2024-088-0060,88,VS2022>LS2024,1:1,0.85
VS2022-088-0061,LS2024-088-0061,88,VS2022>LS2024,1:1,0.85
VS2022-088-0062,LS2024-088-0062,88,VS2022>LS2024,1:1,0.85
VS2022-088-0063,LS2024-088-0063,88,VS2022>LS2024,1:1,0.85
VS2022-088-0064,LS2024-088-0064,88,VS2022>LS2024,1:1,0.85
VS2022-088-0065,LS2024-088-0065,88,VS2022>LS2024,1:1,0.85
VS2022-088-0066,LS2024-088-0066,88,VS2022>LS2024,1:1,0.85
VS2022-088-0067,LS2024-088-0067,88,VS2022>LS2024,1:1,0.85
VS2022-088-0068,LS2024-088-0068,88,VS2022>LS2024,1:1,0.85
VS2022-088-0069,LS2024-088-0069,88,VS2022>LS2024,1:1,0.85
VS2022-088-0070,LS2024-088-0070,88,VS2022>LS2024,1:1,0.85
VS2022-088-0071,LS2024-088-0071,88,VS2022>LS2024,1:1,0.85
VS2022-088-0072,LS2024-088-0072,88,VS2022>LS2024,1:1,0.85
VS2022-088-0073,LS2024-088-0073,88,VS2022>LS2024,1:1,0.85
VS2022-088-0074,LS2024-088-0074,88,VS2022>LS2024,1:1,0.85
VS2022-088-0075,LS2024-088-0075,88,VS2022>LS2024,1:1,0.85
VS2022-088-0076,LS2024-088-0076,88,VS2022>LS2024,1:1,0.85
VS2022-088-0077,LS2024-088-0077,88,VS2022>LS2024,1:1,0.85
VS2022-088-0078,LS2024-088-0078,88,VS2022>LS2024,1:1,0.85
VS2022-088-0079,LS2024-088-0079,88,VS2022>LS2024,1:1,0.85
VS2022-088-0080,LS2024-088-0080,88,VS2022>LS2024,1:1,0.85
VS2022-088-0081,LS2024-088-0081,88,VS2022>LS2024,1:1,0.85
VS2022-088-0082,LS2024-088-0082,88,VS2022>LS2024,1:1,0.85
VS2022-088-0083,LS2024-088-0083,88,VS2022>LS2024,1:1,0.85
VS2022-088-0084,LS2024-088-0084,88,VS2022>LS2024,1:1,0.85
VS2022-088-0085,LS2024-088-0085,88,VS2022>LS2024,1:1,0.85
VS2022-088-0086,LS2024-088-0086,88,VS2022>LS2024,1:1,0.85
VS2022-088-0087,LS2024-088-0087,88,VS2022>LS2024,1:1,0.85
VS2022-088-0088,LS2024-088-0088,88,VS2022>LS2024,1:1,0.85
VS2022-088-0089,LS2024-088-0089,88,VS2022>LS2024,1:1,0.85
VS2022-088-0090,LS2024-088-0090,88,VS2022>LS2024,1:1,0.85
VS2022-088-0091,LS2024-088-0091,88,VS2022>LS2024,1:1,0.85
VS2022-088-0092,LS2024-088-0092,88,VS2022>LS2024,1:1,0.85
VS2022-088-0093,LS2024-088-0093,88,VS2022>LS2024,1:1,0.85
VS2022-088-0094,LS2024-088-0094,88,VS2022>LS2024,1:1,0.85
VS2022-088-0095,LS2024-088-0095,88,VS2022>LS2024,1:1,0.85
VS2022-088-0096,LS2024-088-0096,88,VS2022>LS2024,1:1,0.85
VS2022-088-0097,LS2024-088-0097,88,VS2022>LS2024,1:1,0.85
VS2022-088-0098,LS2024-088-0098,88,VS2022>LS2024,1:1,0.85
VS2022-088-0099,LS2024-088-0099,88,VS2022>LS2024,1:1,0.85
VS2022-088-0100,LS2024-088-0100,88,VS2022>LS2024,1:1,0.85
VS2022-088-0101,LS2024-088-0101,88,VS2022>LS2024,1:1,0.85
VS2022-088-0102,LS2024-088-0102,88,VS2022>LS2024,1:1,0.85
VS2022-088-0103,LS2024-088-0103,88,VS2022>LS2024,1:1,0.85
VS2022-088-0104,LS2024-088-0104,88,VS2022>LS2024,1:1,0.85
VS2022-088-0105,LS2024-088-0105,88,VS2022>LS2024,1:1,0.85
VS2022-088-0106,LS2024-088-0106,88,VS2022>LS2024,1:1,0.85
VS2022-088-0107,LS2024-088-0107,88,VS2022>LS2024,1:1,0.85
VS2022-088-0108,LS2024-088-0108,88,VS2022>LS2024,1:1,0.85
VS2022-088-0109,LS2024-088-0109,88,VS2022>LS2024,1:1,0.85
VS2022-088-0110,LS2024-088-0110,88,VS2022>LS2024,1:1,0.85
VS2022-088-0111,LS2024-088-0111,88,VS2022>LS2024,1:1,0.85
VS2022-088-0112,LS2024-088-0112,88,VS2022>LS2024,1:1,0.85
VS2022-088-0113,LS2024-088-0113,88,VS2022>LS2024,1:1,0.85
VS2022-088-0114,LS2024-088-0114,88,VS2022>LS2024,1:1,0.85
VS2022-088-0115,LS2024-088-0115,88,VS2022>LS2024,1:1,0.85
VS2022-088-0116,LS2024-088-0116,88,VS2022>LS2024,1:1,0.85
VS2022-088-0117,LS2024-088-0117,88,VS2022>LS2024,1:1,0.85
VS2022-088-0118,LS2024-088-0118,88,VS2022>LS2024,1:1,0.85
VS2022-088-0119,LS2024-088-0119,88,VS2022>LS2024,1:1,0.85
VS2022-088-0120,LS2024-088-0120,88,VS2022>LS2024,1:1,0.85
VS2022-088-0121,LS2024-088-0121,88,VS2022>LS2024,1:1,0.85
VS2022-088-0122,LS2024-088-0122,88,VS2022>LS2024,1:1,0.85
VS2022-088-0123,LS2024-088-0123,88,VS2022>LS2024,1:1,0.85
VS2022-088-0124,LS2024-088-0124,88,VS2022>LS2024,1:1,0.85
VS2022-088-0125,LS2024-088-0125,88,VS2022>LS2024,1:1,0.85
VS2022-088-0126,LS2024-088-0126,88,VS2022>LS2024,1:1,0.85
VS2022-088-0127,LS2024-088-0127,88,VS2022>LS2024,1:1,0.85
VS2022-088-0128,LS2024-088-0128,88,VS2022>LS2024,1:1,0.85
VS2022-088-0129,LS2024-088-0129,88,VS2022>LS2024,1:1,0.85
VS2022-088-0130,LS2024-088-0130,88,VS2022>LS2024,1:1,0.85
VS2022-088-0131,LS2024-088-0131,88,VS2022>LS2024,1:1,0.85
VS2022-088-0132,LS2024-088-0132,88,VS2022>LS2024,1:1,0.85
VS2022-088-0133,LS2024-088-0133,88,VS2022>LS2024,1:1,0.85
VS2022-088-0134,LS2024-088-0134,88,VS2022>LS2024,1:1,0.85
VS2022-088-0135,LS2024-088-0135,88,VS2022>LS2024,1:1,0.85
VS2022-088-0136,LS2024-088-0136,88,VS2022>LS2024,1:1,0.85
VS2022-088-0137,LS2024-088-0137,88,VS2022>LS2024,1:1,0.85
VS2022-088-0138,LS2024-088-0138,88,VS2022>LS2024,1:1,0.85
VS2022-088-0139,LS2024-088-0139,88,VS2022>LS2024,1:1,0.85
VS2022-088-0140,LS2024-088-0140,88,VS2022>LS2024,1:1,0.85
VS2022-088-0141,LS2024-088-0141,88,VS2022>LS2024,1:1,0.85
VS2022-088-0142,LS2024-088-0142,88,VS2022>LS2024,1:1,0.85
VS2022-088-0143,LS2024-088-0143,88,VS2022>LS2024,1:1,0.85
VS2022-088-0144,LS2024-088-0144,88,VS2022>LS2024,1:1,0.85
VS2022-088-0145,LS2024-088-0145,88,VS2022>LS2024,1:1,0.85
VS2022-088-0146,LS2024-088-0146,88,VS2022>LS2024,1:1,0.85
VS2022-088-0147,LS2024-088-0147,88,VS2022>LS2024,1:1,0.85
VS2022-088-0148,LS2024-088-0148,88,VS2022>LS2024,1:1,0.85
VS2022-088-0149,LS2024-088-0149,88,VS2022>LS2024,1:1,0.85
VS2022-088-0150,LS2024-088-0150,88,VS2022>LS2024,1:1,0.85
VS2022-088-0151,LS2024-088-0151,88,VS2022>LS2024,1:1,0.85
VS2022-088-0152,LS2024-088-0152,88,VS2022>LS2024,1:1,0.85
VS2022-088-0153,LS2024-088-0153,88,VS2022>LS2024,1:1,0.85
VS2022-088-0154,LS2024-088-0154,88,VS2022>LS2024,1:1,0.85
VS2022-088-0155,LS2024-088-0155,88,VS2022>LS2024,1:1,0.85
VS2022-088-0156,LS2024-088-0156,88,VS2022>LS2024,1:1,0.85
VS2022-088-0157,LS2024-088-0157,88,VS2022>LS2024,1:1,0.85
VS2022-088-0158,LS2024-088-0158,88,VS2022>LS2024,1:1,0.85
VS2022-088-0159,LS2024-088-0159,88,VS2022>LS2024,1:1,0.85
VS2022-088-0160,LS2024-088-0160,88,VS2022>LS2024,1:1,0.85
VS2022-088-0161,LS2024-088-0161,88,VS2022>LS2024,1:1,0.85
VS2022-088-0162,LS2024-088-0162,88,VS2022>LS2024,1:1,0.85
VS2022-088-0163,LS2024-088-0163,88,VS2022>LS2024,1:1,0.85
VS2022-088-0164,LS2024-088-0164,88,VS2022>LS2024,1:1,0.85
VS2022-088-0165,LS2024-088-0165,88,VS2022>LS2024,1:1,0.85
VS2022-088-0166,LS2024-088-0166,88,VS2022>LS2024,1:1,0.85
VS2022-088-0167,LS2024-088-0167,88,VS2022>LS2024,1:1,0.85
VS2022-088-0168,LS2024-088-0168,88,VS2022>LS2024,1:1,0.85
VS2022-088-0169,LS2024-088-0169,88,VS2022>LS2024,1:1,0.85
VS2022-088-0170,LS2024-088-0170,88,VS2022>LS2024,1:1,0.85
VS2022-088-0171,LS2024-088-0171,88,VS2022>LS2024,1:1,0.85
VS2022-088-0172,LS2024-088-0172,88,VS2022>LS2024,1:1,0.85
VS2022-088-0173,LS2024-088-0173,88,VS2022>LS2024,1:1,0.85
VS2022-088-0174,LS2024-088-0174,88,VS2022>LS2024,1:1,0.85
VS2022-088-0175,LS2024-088-0175,88,VS2022>LS2024,1:1,0.85
VS2022-088-0176,LS2024-088-0176,88,VS2022>LS2024,1:1,0.85
VS2022-088-0177,LS2024-088-0177,88,VS2022>LS2024,1:1,0.85
VS2022-088-0178,LS2024-088-0178,88,VS2022>LS2024,1:1,0.85
VS2022-088-0179,LS2024-088-0179,88,VS2022>LS2024,1:1,0.85
VS2022-088-0180,LS2024-088-0180,88,VS2022>LS2024,1:1,0.85
VS2022-088-0181,LS2024-088-0181,88,VS2022>LS2024,1:1,0.85
VS2022-088-0182,LS2024-088-0182,88,VS2022>LS2024,1:1,0.85
VS2022-088-0183,LS2024-088-0183,88,VS2022>LS2024,1:1,0.85
VS2022-088-0184,LS2024-088-0184,88,VS2022>LS2024,1:1,0.85
VS2022-088-0185,LS2024-088-0185,88,VS2022>LS2024,1:1,0.85
VS2022-088-0186,LS2024-088-0186,88,VS2022>LS2024,1:1,0.85
VS2022-088-0187,LS2024-088-0187,88,VS2022>LS2024,1:1,0.85
VS2022-088-0188,LS2024-088-0188,88,VS2022>LS2024,1:1,0.85
VS2022-088-0189,LS2024-088-0189,88,VS2022>LS2024,1:1,0.85
VS2022-088-0190,LS2024-088-0190,88,VS2022>LS2024,1:1,0.85
VS2022-088-0191,LS2024-088-0191,88,VS2022>LS2024,1:1,0.85
VS2022-088-0192,LS2024-088-0192,88,VS2022>LS2024,1:1,0.85
VS2022-088-0193,LS2024-088-0193,88,VS2022>LS2024,1:1,0.85
VS2022-088-0194,LS2024-088-0194,88,VS2022>LS2024,1:1,0.85
VS2022-088-0195,LS2024-088-0195,88,VS2022>LS2024,1:1,0.85
VS2022-088-0196,LS2024-088-0196,88,VS2022>LS2024,1:1,0.85
VS2022-088-0197,LS2024-088-0197,88,VS2022>LS2024,1:1,0.85
VS2022-088-0198,LS2024-088-0198,88,VS2022>LS2024,1:1,0.85
VS2022-088-0199,LS2024-088-0199,88,VS2022>LS2024,1:1,0.85
VS2022-088-0200,LS2024-088-0200,88,VS2022>LS2024,1:1,0.85
VS2022-088-0201,LS2024-088-0201,88,VS2022>LS2024,1:1,0.85
VS2022-088-0202,LS2024-088-0202,88,VS2022>LS2024,1:1,0.85
VS2022-088-0203,LS2024-088-0203,88,VS2022>LS2024,1:1,0.85
VS2022-088-0204,LS2024-088-0204,88,VS2022>LS2024,1:1,0.85
VS2022-088-0205,LS2024-088-0205,88,VS2022>LS2024,1:1,0.85
VS2022-088-0206,LS2024-088-0206,88,VS2022>LS2024,1:1,0.85
VS2022-088-0207,LS2024-088-0207,88,VS2022>LS2024,1:1,0.85
VS2022-088-0208,LS2024-088-0208,88,VS2022>LS2024,1:1,0.85
VS2022-088-0209,LS2024-088-0209,88,VS2022>LS2024,1:1,0.85
VS2022-088-0210,LS2024-088-0210,88,VS2022>LS2024,1:1,0.85
VS2022-088-0211,LS2024-088-0211,88,VS2022>LS2024,1:1,0.85
VS2022-088-0212,LS2024-088-0212,88,VS2022>LS2024,1:1,0.85
VS2022-088-0213,LS2024-088-0213,88,VS2022>LS2024,1:1,0.85
VS2022-088-0214,LS2024-088-0214,88,VS2022>LS2024,1:1,0.85
VS2022-088-0215,LS2024-088-0215,88,VS2022>LS2024,1:1,0.85
VS2022-088-0216,LS2024-088-0216,88,VS2022>LS2024,1:1,0.85
VS2022-088-0217,LS2024-088-0217,88,VS2022>LS2024,1:1,0.85
VS2022-088-0218,LS2024-088-0218,88,VS2022>LS2024,1:1,0.85
VS2022-088-0219,LS2024-088-0219,88,VS2022>LS2024,1:1,0.85
VS2022-088-0220,LS2024-088-0220,88,VS2022>LS2024,1:1,0.85
VS2022-088-0221,LS2024-088-0221,88,VS2022>LS2024,1:1,0.85
VS2022-088-0222,LS2024-088-0222,88,VS2022>LS2024,1:1,0.85
VS2022-088-0223,LS2024-088-0223,88,VS2022>LS2024,1:1,0.85
VS2022-088-0224,LS2024-088-0224,88,VS2022>LS2024,1:1,0.85
VS2022-088-0225,LS2024-088-0225,88,VS2022>LS2024,1:1,0.85
VS2022-088-0226,LS2024-088-0226,88,VS2022>LS2024,1:1,0.85
VS2022-088-0227,LS2024-088-0227,88,VS2022>LS2024,1:1,0.85
VS2022-088-0228,LS2024-088-0228,88,VS2022>LS2024,1:1,0.85
VS2022-088-0229,LS2024-088-0229,88,VS2022>LS2024,1:1,0.85
VS2022-088-0230,LS2024-088-0230,88,VS2022>LS2024,1:1,0.85
VS2022-088-0231,LS2024-088-0231,88,VS2022>LS2024,1:1,0.85
VS2022-088-0232,LS2024-088-0232,88,VS2022>LS2024,1:1,0.85
VS2022-088-0233,LS2024-088-0233,88,VS2022>LS2024,1:1,0.85
VS2022-088-0234,LS2024-088-0234,88,VS2022>LS2024,1:1,0.85
VS2022-088-0235,LS2024-088-0235,88,VS2022>LS2024,1:1,0.85
VS2022-088-0236,LS2024-088-0236,88,VS2022>LS2024,1:1,0.85
VS2022-088-0237,LS2024-088-0237,88,VS2022>LS2024,1:1,0.85
VS2022-088-0238,LS2024-088-0238,88,VS2022>LS2024,1:1,0.85
VS2022-088-0239,LS2024-088-0239,88,VS2022>LS2024,1:1,0.85
VS2022-088-0240,LS2024-088-0240,88,VS2022>LS2024,1:1,0.85
VS2022-088-0241,LS2024-088-0241,88,VS2022>LS2024,1:1,0.85
VS2022-088-0242,LS2024-088-0242,88,VS2022>LS2024,1:1,0.85
VS2022-088-0243,LS2024-088-0243,88,VS2022>LS2024,1:1,0.85
VS2022-088-0244,LS2024-088-0244,88,VS2022>LS2024,1:1,0.85
VS2022-088-0245,LS2024-088-0245,88,VS2022>LS2024,1:1,0.85
VS2022-088-0246,LS2024-088-0246,88,VS2022>LS2024,1:1,0.85
VS2022-088-0247,LS2024-088-0247,88,VS2022>LS2024,1:1,0.85
VS2022-088-0248,LS2024-088-0248,88,VS2022>LS2024,1:1,0.85
VS2022-088-0249,LS2024-088-0249,88,VS2022>LS2024,1:1,0.85
VS2022-088-0250,LS2024-088-0250,88,VS2022>LS2024,1:1,0.85
VS2022-088-0251,LS2024-088-0251,88,VS2022>LS2024,1:1,0.85
VS2022-088-0252,LS2024-088-0252,88,VS2022>LS2024,1:1,0.85
VS2022-088-0253,LS2024-088-0253,88,VS2022>LS2024,1:1,0.85
VS2022-088-0254,LS2024-088-0254,88,VS2022>LS2024,1:1,0.85
VS2022-088-0255,LS2024-088-0255,88,VS2022>LS2024,1:1,0.85
VS2022-088-0256,LS2024-088-0256,88,VS2022>LS2024,1:1,0.85
VS2022-088-0257,LS2024-088-0257,88,VS2022>LS2024,1:1,0.85
VS2022-088-0258,LS2024-088-0258,88,VS2022>LS2024,1:1,0.85
VS2022-088-0259,LS2024-088-0259,88,VS2022>LS2024,1:1,0.85
VS2022-088-0260,LS2024-088-0260,88,VS2022>LS2024,1:1,0.85
VS2022-088-0261,LS2024-088-0261,88,VS2022>LS2024,1:1,0.85
VS2022-088-0262,LS2024-088-0262,88,VS2022>LS2024,1:1,0.85
VS2022-088-0263,LS2024-088-0263,88,VS2022>LS2024,1:1,0.85
VS2022-088-0264,LS2024-088-0264,88,VS2022>LS2024,1:1,0.85
VS2022-088-0265,LS2024-088-0265,88,VS2022>LS2024,1:1,0.85
VS2022-088-0266,LS2024-088-0266,88,VS2022>LS2024,1:1,0.85
VS2022-088-0267,LS2024-088-0267,88,VS2022>LS2024,1:1,0.85
VS2022-088-0268,LS2024-088-0268,88,VS2022>LS2024,1:1,0.85
VS2022-088-0269,LS2024-088-0269,88,VS2022>LS2024,1:1,0.85
VS2022-088-0270,LS2024-088-0270,88,VS2022>LS2024,1:1,0.85
VS2022-088-0271,LS2024-088-0271,88,VS2022>LS2024,1:1,0.85
VS2022-088-0272,LS2024-088-0272,88,VS2022>LS2024,1:1,0.85
VS2022-088-0273,LS2024-088-0273,88,VS2022>LS2024,1:1,0.85
VS2022-088-0274,LS2024-088-0274,88,VS2022>LS2024,1:1,0.85
VS2022-088-0275,LS2024-088-0275,88,VS2022>LS2024,1:1,0.85
VS2022-088-0276,LS2024-088-0276,88,VS2022>LS2024,1:1,0.85
VS2022-088-0277,LS2024-088-0277,88,VS2022>LS2024,1:1,0.85
VS2022-088-0278,LS2024-088-0278,88,VS2022>LS2024,1:1,0.85
VS2022-088-0279,LS2024-088-0279,88,VS2022>LS2024,1:1,0.85
VS2022-088-0280,LS2024-088-0280,88,VS2022>LS2024,1:1,0.85
VS2022-088-0281,LS2024-088-0281,88,VS2022>LS2024,1:1,0.85
VS2022-088-0282,LS2024-088-0282,88,VS2022>LS2024,1:1,0.85
VS2022-088-0283,LS2024-088-0283,88,VS2022>LS2024,1:1,0.85
VS2022-088-0284,LS2024-088-0284,88,VS2022>LS2024,1:1,0.85
VS2022-088-0285,LS2024-088-0285,88,VS2022>LS2024,1:1,0.85
VS2022-088-0286,LS2024-088-0286,88,VS2022>LS2024,1:1,0.85
VS2022-088-0287,LS2024-088-0287,88,VS2022>LS2024,1:1,0.85
VS2022-088-0288,LS2024-088-0288,88,VS2022>LS2024,1:1,0.85
VS2022-088-0289,LS2024-088-0289,88,VS2022>LS2024,1:1,0.85
VS2022-088-0290,LS2024-088-0290,88,VS2022>LS2024,1:1,0.85
VS2022-088-0291,LS2024-088-0291,88,VS2022>LS2024,1:1,0.85
VS2022-088-0292,LS2024-088-0292,88,VS2022>LS2024,1:1,0.85
VS2022-088-0293,LS2024-088-0293,88,VS2022>LS2024,1:1,0.85
VS2022-088-0294,LS2024-088-0294,88,VS2022>LS2024,1:1,0.85
VS2022-088-0295,LS2024-088-0295,88,VS2022>LS2024,1:1,0.85
VS2022-088-0296,LS2024-088-0296,88,VS2022>LS2024,1:1,0.85
VS2022-088-0297,LS2024-088-0297,88,VS2022>LS2024,1:1,0.85
VS2022-088-0298,LS2024-088-0298,88,VS2022>LS2024,1:1,0.85
VS2022-088-0299,LS2024-088-0299,88,VS2022>LS2024,1:1,0.85
VS2022-088-0300,LS2024-088-0300,88,VS2022>LS2024,1:1,0.85
VS2022-088-0301,LS2024-088-0301,88,VS2022>LS2024,1:1,0.85
VS2022-088-0302,LS2024-088-0302,88,VS2022>LS2024,1:1,0.85
VS2022-088-0303,LS2024-088-0303,88,VS2022>LS2024,1:1,0.85
VS2022-088-0304,LS2024-088-0304,88,VS2022>LS2024,1:1,0.85
VS2022-088-0305,LS2024-088-0305,88,VS2022>LS2024,1:1,0.85
VS2022-088-0306,LS2024-088-0306,88,VS2022>LS2024,1:1,0.85
VS2022-088-0307,LS2024-088-0307,88,VS2022>LS2024,1:1,0.85
VS2022-088-0308,LS2024-088-0308,88,VS2022>LS2024,1:1,0.85
VS2022-088-0309,LS2024-088-0309,88,VS2022>LS2024,1:1,0.85
VS2022-088-0310,LS2024-088-0310,88,VS2022>LS2024,1:1,0.85
VS2022-088-0311,LS2024-088-0311,88,VS2022>LS2024,1:1,0.85
VS2022-088-0312,LS2024-088-0312,88,VS2022>LS2024,1:1,0.85
VS2022-088-0313,LS2024-088-0313,88,VS2022>LS2024,1:1,0.85
VS2022-088-0314,LS2024-088-0314,88,VS2022>LS2024,1:1,0.85
VS2022-088-0315,LS2024-088-0315,88,VS2022>LS2024,1:1,0.85
VS2022-088-0316,LS2024-088-0316,88,VS2022>LS2024,1:1,0.85
VS2022-088-0317,LS2024-088-0317,88,VS2022>LS2024,1:1,0.85
VS2022-088-0318,LS2024-088-0318,88,VS2022>LS2024,1:1,0.85
VS2022-088-0319,LS2024-088-0319,88,VS2022>LS2024,1:1,0.85
VS2022-088-0320,LS2024-088-0320,88,VS2022>LS2024,1:1,0.85
VS2022-088-0321,LS2024-088-0321,88,VS2022>LS2024,1:1,0.85
VS2022-088-0322,LS2024-088-0322,88,VS2022>LS2024,1:1,0.85
VS2022-088-0323,LS2024-088-0323,88,VS2022>LS2024,1:1,0.85
VS2022-088-0324,LS2024-088-0324,88,VS2022>LS2024,1:1,0.85
VS2022-088-0325,LS2024-088-0325,88,VS2022>LS2024,1:1,0.85
VS2022-088-0326,LS2024-088-0326,88,VS2022>LS2024,1:1,0.85
VS2022-088-0327,LS2024-088-0327,88,VS2022>LS2024,1:1,0.85
VS2022-088-0328,LS2024-088-0328,88,VS2022>LS2024,1:1,0.85
VS2022-088-0329,LS2024-088-0329,88,VS2022>LS2024,1:1,0.85
VS2022-088-0330,LS2024-088-0330,88,VS2022>LS2024,1:1,0.85
VS2022-088-0331,LS2024-088-0331,88,VS2022>LS2024,1:1,0.85
VS2022-088-0332,LS2024-088-0332,88,VS2022>LS2024,1:1,0.85
VS2022-088-0333,LS2024-088-0333,88,VS2022>LS2024,1:1,0.85
VS2022-088-0334,LS2024-088-0334,88,VS2022>LS2024,1:1,0.85
VS2022-088-0335,LS2024-088-0335,88,VS2022>LS2024,1:1,0.85
VS2022-088-0336,LS2024-088-0336,88,VS2022>LS2024,1:1,0.85
VS2022-088-0337,LS2024-088-0337,88,VS2022>LS2024,1:1,0.85
VS2022-088-0338,LS2024-088-0338,88,VS2022>LS2024,1:1,0.85
VS2022-088-0339,LS2024-088-0339,88,VS2022>LS2024,1:1,0.85
VS2022-088-0340,LS2024-088-0340,88,VS2022>LS2024,1:1,0.85
VS2022-088-0341,LS2024-088-0341,88,VS2022>LS2024,1:1,0.85
VS2022-088-0342,LS2024-088-0342,88,VS2022>LS2024,1:1,0.85
VS2022-088-0343,LS2024-088-0343,88,VS2022>LS2024,1:1,0.85
VS2022-088-0344,LS2024-088-0344,88,VS2022>LS2024,1:1,0.85
VS2022-088-0345,LS2024-088-0345,88,VS2022>LS2024,1:1,0.85
VS2022-088-0346,LS2024-088-0346,88,VS2022>LS2024,1:1,0.85
VS2022-088-0347,LS2024-088-0347,88,VS2022>LS2024,1:1,0.85
VS2022-088-0348,LS2024-088-0348,88,VS2022>LS2024,1:1,0.85
VS2022-088-0349,LS2024-088-0349,88,VS2022>LS2024,1:1,0.85
VS2022-088-0350,LS2024-088-0350,88,VS2022>LS2024,1:1,0.85
VS2022-088-0351,LS2024-088-0351,88,VS2022>LS2024,1:1,0.85
VS2022-088-0352,LS2024-088-0352,88,VS2022>LS2024,1:1,0.85
VS2022-088-0353,LS2024-088-0353,88,VS2022>LS2024,1:1,0.85
VS2022-088-0354,LS2024-088-0354,88,VS2022>LS2024,1:1,0.85
VS2022-088-0355,LS2024-088-0355,88,VS2022>LS2024,1:1,0.85
VS2022-088-0356,LS2024-088-0356,88,VS2022>LS2024,1:1,0.85
VS2022-088-0357,LS2024-088-0357,88,VS2022>LS2024,1:1,0.85
VS2022-088-0358,LS2024-088-0358,88,VS2022>LS2024,1:1,0.85
VS2022-088-0359,LS2024-088-0359,88,VS2022>LS2024,1:1,0.85
VS2022-088-0360,LS2024-088-0360,88,VS2022>LS2024,1:1,0.85
VS2022-088-0361,LS2024-088-0361,88,VS2022>LS2024,1:1,0.85
VS2022-088-0362,LS2024-088-0362,88,VS2022>LS2024,1:1,0.85
VS2022-088-0363,LS2024-088-0363,88,VS2022>LS2024,1:1,0.85
VS2022-088-0364,LS2024-088-0364,88,VS2022>LS2024,1:1,0.85
VS2022-088-0365,LS2024-088-0365,88,VS2022>LS2024,1:1,0.85
VS2022-088-0366,LS2024-088-0366,88,VS2022>LS2024,1:1,0.85
VS2022-088-0367,LS2024-088-0367,88,VS2022>LS2024,1:1,0.85
VS2022-088-0368,LS2024-088-0368,88,VS2022>LS2024,1:1,0.85
VS2022-088-0369,LS2024-088-0369,88,VS2022>LS2024,1:1,0.85
VS2022-088-0370,LS2024-088-0370,88,VS2022>LS2024,1:1,0.85
VS2022-088-0371,LS2024-088-0371,88,VS2022>LS2024,1:1,0.85
VS2022-088-0372,LS2024-088-0372,88,VS2022>LS2024,1:1,0.85
VS2022-088-0373,LS2024-088-0373,88,VS2022>LS2024,1:1,0.85
VS2022-088-0374,LS2024-088-0374,88,VS2022>LS2024,1:1,0.85
VS2022-088-0375,LS2024-088-0375,88,VS2022>LS2024,1:1,0.85
VS2022-088-0376,LS2024-088-0376,88,VS2022>LS2024,1:1,0.85
VS2022-088-0377,LS2024-088-0377,88,VS2022>LS2024,1:1,0.85
VS2022-088-0378,LS2024-088-0378,88,VS2022>LS2024,1:1,0.85
VS2022-088-0379,LS2024-088-0379,88,VS2022>LS2024,1:1,0.85
VS2022-088-0380,LS2024-088-0380,88,VS2022>LS2024,1:1,0.85
VS2022-088-0381,LS2024-088-0381,88,VS2022>LS2024,1:1,0.85
VS2022-088-0382,LS2024-088-0382,88,VS2022>LS2024,1:1,0.85
VS2022-088-0383,LS2024-088-0383,88,VS2022>LS2024,1:1,0.85
VS2022-088-0384,LS2024-088-0384,88,VS2022>LS2024,1:1,0.85
VS2022-088-0385,LS2024-088-0385,88,VS2022>LS2024,1:1,0.85
VS2022-088-0386,LS2024-088-0386,88,VS2022>LS2024,1:1,0.85
VS2022-088-0387,LS2024-088-0387,88,VS2022>LS2024,1:1,0.85
VS2022-088-0388,LS2024-088-0388,88,VS2022>LS2024,1:1,0.85
VS2022-088-0389,LS2024-088-0389,88,VS2022>LS2024,1:1,0.85
VS2022-088-0390,LS2024-088-0390,88,VS2022>LS2024,1:1,0.85
VS2022-089-0001,LS2024-089-0001,89,VS2022>LS2024,1:1,0.85
VS2022-089-0002,LS2024-089-0002,89,VS2022>LS2024,1:1,0.85
VS2022-089-0003,LS2024-089-0003,89,VS2022>LS2024,1:1,0.85
VS2022-089-0004,LS2024-089-0004,89,VS2022>LS2024,1:1,0.85
VS2022-089-0005,LS2024-089-0005,89,VS2022>LS2024,1:1,0.85
VS2022-089-0006,LS2024-089-0006,89,VS2022>LS2024,1:1,0.85
VS2022-089-0007,LS2024-089-0007,89,VS2022>LS2024,1:1,0.85
VS2022-089-0008,LS2024-089-0008,89,VS2022>LS2024,1:1,0.85
VS2022-089-0009,LS2024-089-0009,89,VS2022>LS2024,1:1,0.85
VS2022-089-0010,LS2024-089-0010,89,VS2022>LS2024,1:1,0.85
VS2022-089-0011,LS2024-089-0011,89,VS2022>LS2024,1:1,0.85
VS2022-089-0012,LS2024-089-0012,89,VS2022>LS2024,1:1,0.85
VS2022-089-0013,LS2024-089-0013,89,VS2022>LS2024,1:1,0.85
VS2022-089-0014,LS2024-089-0014,89,VS2022>LS2024,1:1,0.85
VS2022-089-0015,LS2024-089-0015,89,VS2022>LS2024,1:1,0.85
VS2022-089-0016,LS2024-089-0016,89,VS2022>LS2024,1:1,0.85
VS2022-089-0017,LS2024-089-0017,89,VS2022>LS2024,1:1,0.85
VS2022-089-0018,LS2024-089-0018,89,VS2022>LS2024,1:1,0.85
VS2022-089-0019,LS2024-089-0019,89,VS2022>LS2024,1:1,0.85
VS2022-089-0020,LS2024-089-0020,89,VS2022>LS2024,1:1,0.85
VS2022-089-0021,LS2024-089-0021,89,VS2022>LS2024,1:1,0.85
VS2022-089-0022,LS2024-089-0022,89,VS2022>LS2024,1:1,0.85
VS2022-089-0023,LS2024-089-0023,89,VS2022>LS2024,1:1,0.85
VS2022-089-0024,LS2024-089-0024,89,VS2022>LS2024,1:1,0.85
VS2022-089-0025,LS2024-089-0025,89,VS2022>LS2024,1:1,0.85
VS2022-089-0026,LS2024-089-0026,89,VS2022>LS2024,1:1,0.85
VS2022-089-0027,LS2024-089-0027,89,VS2022>LS2024,1:1,0.85
VS2022-089-0028,LS2024-089-0028,89,VS2022>LS2024,1:1,0.85
VS2022-089-0029,LS2024-089-0029,89,VS2022>LS2024,1:1,0.85
VS2022-089-0030,LS2024-089-0030,89,VS2022>LS2024,1:1,0.85
VS2022-089-0031,LS2024-089-0031,89,VS2022>LS2024,1:1,0.85
VS2022-089-0032,LS2024-089-0032,89,VS2022>LS2024,1:1,0.85
VS2022-089-0033,LS2024-089-0033,89,VS2022>LS2024,1:1,0.85
VS2022-089-0034,LS2024-089-0034,89,VS2022>LS2024,1:1,0.85
VS2022-089-0035,LS2024-089-0035,89,VS2022>LS2024,1:1,0.85
VS2022-089-0036,LS2024-089-0036,89,VS2022>LS2024,1:1,0.85
VS2022-089-0037,LS2024-089-0037,89,VS2022>LS2024,1:1,0.85
VS2022-089-0038,LS2024-089-0038,89,VS2022>LS2024,1:1,0.85
VS2022-089-0039,LS2024-089-0039,89,VS2022>LS2024,1:1,0.85
VS2022-089-0040,LS2024-089-0040,89,VS2022>LS2024,1:1,0.85
VS2022-089-0041,LS2024-089-0041,89,VS2022>LS2024,1:1,0.85
VS2022-089-0042,LS2024-089-0042,89,VS2022>LS2024,1:1,0.85
VS2022-089-0043,LS2024-089-0043,89,VS2022>LS2024,1:1,0.85
VS2022-089-0044,LS2024-089-0044,89,VS2022>LS2024,1:1,0.85
VS2022-089-0045,LS2024-089-0045,89,VS2022>LS2024,1:1,0.85
VS2022-089-0046,LS2024-089-0046,89,VS2022>LS2024,1:1,0.85
VS2022-089-0047,LS2024-089-0047,89,VS2022>LS2024,1:1,0.85
VS2022-089-0048,LS2024-089-0048,89,VS2022>LS2024,1:1,0.85
VS2022-089-0049,LS2024-089-0049,89,VS2022>LS2024,1:1,0.85
VS2022-089-0050,LS2024-089-0050,89,VS2022>LS2024,1:1,0.85
VS2022-089-0051,LS2024-089-0051,89,VS2022>LS2024,1:1,0.85
VS2022-089-0052,LS2024-089-0052,89,VS2022>LS2024,1:1,0.85
VS2022-089-0053,LS2024-089-0053,89,VS2022>LS2024,1:1,0.85
VS2022-089-0054,LS2024-089-0054,89,VS2022>LS2024,1:1,0.85
VS2022-089-0055,LS2024-089-0055,89,VS2022>LS2024,1:1,0.85
VS2022-089-0056,LS2024-089-0056,89,VS2022>LS2024,1:1,0.85
VS2022-089-0057,LS2024-089-0057,89,VS2022>LS2024,1:1,0.85
VS2022-089-0058,LS2024-089-0058,89,VS2022>LS2024,1:1,0.85
VS2022-089-0059,LS2024-089-0059,89,VS2022>LS2024,1:1,0.85
VS2022-089-0060,LS2024-089-0060,89,VS2022>LS2024,1:1,0.85
VS2022-089-0061,LS2024-089-0061,89,VS2022>LS2024,1:1,0.85
VS2022-089-0062,LS2024-089-0062,89,VS2022>LS2024,1:1,0.85
VS2022-089-0063,LS2024-089-0063,89,VS2022>LS2024,1:1,0.85
VS2022-089-0064,LS2024-089-0064,89,VS2022>LS2024,1:1,0.85
VS2022-089-0065,LS2024-089-0065,89,VS2022>LS2024,1:1,0.85
VS2022-089-0066,LS2024-089-0066,89,VS2022>LS2024,1:1,0.85
VS2022-089-0067,LS2024-089-0067,89,VS2022>LS2024,1:1,0.85
VS2022-089-0068,LS2024-089-0068,89,VS2022>LS2024,1:1,0.85
VS2022-089-0069,LS2024-089-0069,89,VS2022>LS2024,1:1,0.85
VS2022-089-0070,LS2024-089-0070,89,VS2022>LS2024,1:1,0.85
VS2022-089-0071,LS2024-089-0071,89,VS2022>LS2024,1:1,0.85
VS2022-089-0072,LS2024-089-0072,89,VS2022>LS2024,1:1,0.85
VS2022-089-0073,LS2024-089-0073,89,VS2022>LS2024,1:1,0.85
VS2022-089-0074,LS2024-089-0074,89,VS2022>LS2024,1:1,0.85
VS2022-089-0075,LS2024-089-0075,89,VS2022>LS2024,1:1,0.85
VS2022-089-0076,LS2024-089-0076,89,VS2022>LS2024,1:1,0.85
VS2022-089-0077,LS2024-089-0077,89,VS2022>LS2024,1:1,0.85
VS2022-089-0078,LS2024-089-0078,89,VS2022>LS2024,1:1,0.85
VS2022-089-0079,LS2024-089-0079,89,VS2022>LS2024,1:1,0.85
VS2022-089-0080,LS2024-089-0080,89,VS2022>LS2024,1:1,0.85
VS2022-089-0081,LS2024-089-0081,89,VS2022>LS2024,1:1,0.85
VS2022-089-0082,LS2024-089-0082,89,VS2022>LS2024,1:1,0.85
VS2022-089-0083,LS2024-089-0083,89,VS2022>LS2024,1:1,0.85
VS2022-089-0084,LS2024-089-0084,89,VS2022>LS2024,1:1,0.85
VS2022-089-0085,LS2024-089-0085,89,VS2022>LS2024,1:1,0.85
VS2022-089-0086,LS2024-089-0086,89,VS2022>LS2024,1:1,0.85
VS2022-089-0087,LS2024-089-0087,89,VS2022>LS2024,1:1,0.85
VS2022-089-0088,LS2024-089-0088,89,VS2022>LS2024,1:1,0.85
VS2022-089-0089,LS2024-089-0089,89,VS2022>LS2024,1:1,0.85
VS2022-089-0090,LS2024-089-0090,89,VS2022>LS2024,1:1,0.85
VS2022-089-0091,LS2024-089-0091,89,VS2022>LS2024,1:1,0.85
VS2022-089-0092,LS2024-089-0092,89,VS2022>LS2024,1:1,0.85
VS2022-089-0093,LS2024-089-0093,89,VS2022>LS2024,1:1,0.85
VS2022-089-0094,LS2024-089-0094,89,VS2022>LS2024,1:1,0.85
VS2022-089-0095,LS2024-089-0095,89,VS2022>LS2024,1:1,0.85
VS2022-089-0096,LS2024-089-0096,89,VS2022>LS2024,1:1,0.85
VS2022-089-0097,LS2024-089-0097,89,VS2022>LS2024,1:1,0.85
VS2022-089-0098,LS2024-089-0098,89,VS2022>LS2024,1:1,0.85
VS2022-089-0099,LS2024-089-0099,89,VS2022>LS2024,1:1,0.85
VS2022-089-0100,LS2024-089-0100,89,VS2022>LS2024,1:1,0.85
VS2022-089-0101,LS2024-089-0101,89,VS2022>LS2024,1:1,0.85
VS2022-089-0102,LS2024-089-0102,89,VS2022>LS2024,1:1,0.85
VS2022-089-0103,LS2024-089-0103,89,VS2022>LS2024,1:1,0.85
VS2022-089-0104,LS2024-089-0104,89,VS2022>LS2024,1:1,0.85
VS2022-089-0105,LS2024-089-0105,89,VS2022>LS2024,1:1,0.85
VS2022-089-0106,LS2024-089-0106,89,VS2022>LS2024,1:1,0.85
VS2022-089-0107,LS2024-089-0107,89,VS2022>LS2024,1:1,0.85
VS2022-089-0108,LS2024-089-0108,89,VS2022>LS2024,1:1,0.85
VS2022-089-0109,LS2024-089-0109,89,VS2022>LS2024,1:1,0.85
VS2022-089-0110,LS2024-089-0110,89,VS2022>LS2024,1:1,0.85
VS2022-089-0111,LS2024-089-0111,89,VS2022>LS2024,1:1,0.85
VS2022-089-0112,LS2024-089-0112,89,VS2022>LS2024,1:1,0.85
VS2022-089-0113,LS2024-089-0113,89,VS2022>LS2024,1:1,0.85
VS2022-089-0114,LS2024-089-0114,89,VS2022>LS2024,1:1,0.85
VS2022-089-0115,LS2024-089-0115,89,VS2022>LS2024,1:1,0.85
VS2022-089-0116,LS2024-089-0116,89,VS2022>LS2024,1:1,0.85
VS2022-089-0117,LS2024-089-0117,89,VS2022>LS2024,1:1,0.85
VS2022-089-0118,LS2024-089-0118,89,VS2022>LS2024,1:1,0.85
VS2022-089-0119,LS2024-089-0119,89,VS2022>LS2024,1:1,0.85
VS2022-089-0120,LS2024-089-0120,89,VS2022>LS2024,1:1,0.85
VS2022-089-0121,LS2024-089-0121,89,VS2022>LS2024,1:1,0.85
VS2022-089-0122,LS2024-089-0122,89,VS2022>LS2024,1:1,0.85
VS2022-089-0123,LS2024-089-0123,89,VS2022>LS2024,1:1,0.85
VS2022-089-0124,LS2024-089-0124,89,VS2022>LS2024,1:1,0.85
VS2022-089-0125,LS2024-089-0125,89,VS2022>LS2024,1:1,0.85
VS2022-089-0126,LS2024-089-0126,89,VS2022>LS2024,1:1,0.85
VS2022-089-0127,LS2024-089-0127,89,VS2022>LS2024,1:1,0.85
VS2022-089-0128,LS2024-089-0128,89,VS2022>LS2024,1:1,0.85
VS2022-089-0129,LS2024-089-0129,89,VS2022>LS2024,1:1,0.85
VS2022-089-0130,LS2024-089-0130,89,VS2022>LS2024,1:1,0.85
VS2022-089-0131,LS2024-089-0131,89,VS2022>LS2024,1:1,0.85
VS2022-089-0132,LS2024-089-0132,89,VS2022>LS2024,1:1,0.85
VS2022-089-0133,LS2024-089-0133,89,VS2022>LS2024,1:1,0.85
VS2022-089-0134,LS2024-089-0134,89,VS2022>LS2024,1:1,0.85
VS2022-089-0135,LS2024-089-0135,89,VS2022>LS2024,1:1,0.85
VS2022-089-0136,LS2024-089-0136,89,VS2022>LS2024,1:1,0.85
VS2022-089-0137,LS2024-089-0137,89,VS2022>LS2024,1:1,0.85
VS2022-089-0138,LS2024-089-0138,89,VS2022>LS2024,1:1,0.85
VS2022-089-0139,LS2024-089-0139,89,VS2022>LS2024,1:1,0.85
VS2022-089-0140,LS2024-089-0140,89,VS2022>LS2024,1:1,0.85
VS2022-089-0141,LS2024-089-0141,89,VS2022>LS2024,1:1,0.85
VS2022-089-0142,LS2024-089-0142,89,VS2022>LS2024,1:1,0.85
VS2022-089-0143,LS2024-089-0143,89,VS2022>LS2024,1:1,0.85
VS2022-089-0144,LS2024-089-0144,89,VS2022>LS2024,1:1,0.85
VS2022-089-0145,LS2024-089-0145,89,VS2022>LS2024,1:1,0.85
VS2022-089-0146,LS2024-089-0146,89,VS2022>LS2024,1:1,0.85
VS2022-089-0147,LS2024-089-0147,89,VS2022>LS2024,1:1,0.85
VS2022-089-0148,LS2024-089-0148,89,VS2022>LS2024,1:1,0.85
VS2022-089-0149,LS2024-089-0149,89,VS2022>LS2024,1:1,0.85
VS2022-089-0150,LS2024-089-0150,89,VS2022>LS2024,1:1,0.85
VS2022-089-0151,LS2024-089-0151,89,VS2022>LS2024,1:1,0.85
VS2022-089-0152,LS2024-089-0152,89,VS2022>LS2024,1:1,0.85
VS2022-089-0153,LS2024-089-0153,89,VS2022>LS2024,1:1,0.85
VS2022-089-0154,LS2024-089-0154,89,VS2022>LS2024,1:1,0.85
VS2022-089-0155,LS2024-089-0155,89,VS2022>LS2024,1:1,0.85
VS2022-089-0156,LS2024-089-0156,89,VS2022>LS2024,1:1,0.85
VS2022-089-0157,LS2024-089-0157,89,VS2022>LS2024,1:1,0.85
VS2022-089-0158,LS2024-089-0158,89,VS2022>LS2024,1:1,0.85
VS2022-089-0159,LS2024-089-0159,89,VS2022>LS2024,1:1,0.85
VS2022-089-0160,LS2024-089-0160,89,VS2022>LS2024,1:1,0.85
VS2022-089-0161,LS2024-089-0161,89,VS2022>LS2024,1:1,0.85
VS2022-089-0162,LS2024-089-0162,89,VS2022>LS2024,1:1,0.85
VS2022-089-0163,LS2024-089-0163,89,VS2022>LS2024,1:1,0.85
VS2022-089-0164,LS2024-089-0164,89,VS2022>LS2024,1:1,0.85
VS2022-089-0165,LS2024-089-0165,89,VS2022>LS2024,1:1,0.85
VS2022-089-0166,LS2024-089-0166,89,VS2022>LS2024,1:1,0.85
VS2022-089-0167,LS2024-089-0167,89,VS2022>LS2024,1:1,0.85
VS2022-089-0168,LS2024-089-0168,89,VS2022>LS2024,1:1,0.85
VS2022-089-0169,LS2024-089-0169,89,VS2022>LS2024,1:1,0.85
VS2022-089-0170,LS2024-089-0170,89,VS2022>LS2024,1:1,0.85
VS2022-089-0171,LS2024-089-0171,89,VS2022>LS2024,1:1,0.85
VS2022-089-0172,LS2024-089-0172,89,VS2022>LS2024,1:1,0.85
VS2022-089-0173,LS2024-089-0173,89,VS2022>LS2024,1:1,0.85
VS2022-089-0174,LS2024-089-0174,89,VS2022>LS2024,1:1,0.85
VS2022-089-0175,LS2024-089-0175,89,VS2022>LS2024,1:1,0.85
VS2022-089-0176,LS2024-089-0176,89,VS2022>LS2024,1:1,0.85
VS2022-089-0177,LS2024-089-0177,89,VS2022>LS2024,1:1,0.85
VS2022-089-0178,LS2024-089-0178,89,VS2022>LS2024,1:1,0.85
VS2022-089-0179,LS2024-089-0179,89,VS2022>LS2024,1:1,0.85
VS2022-089-0180,LS2024-089-0180,89,VS2022>LS2024,1:1,0.85
VS2022-089-0181,LS2024-089-0181,89,VS2022>LS2024,1:1,0.85
VS2022-089-0182,LS2024-089-0182,89,VS2022>LS2024,1:1,0.85
VS2022-089-0183,LS2024-089-0183,89,VS2022>LS2024,1:1,0.85
VS2022-089-0184,LS2024-089-0184,89,VS2022>LS2024,1:1,0.85
VS2022-089-0185,LS2024-089-0185,89,VS2022>LS2024,1:1,0.85
VS2022-089-0186,LS2024-089-0186,89,VS2022>LS2024,1:1,0.85
VS2022-089-0187,LS2024-089-0187,89,VS2022>LS2024,1:1,0.85
VS2022-089-0188,LS2024-089-0188,89,VS2022>LS2024,1:1,0.85
VS2022-089-0189,LS2024-089-0189,89,VS2022>LS2024,1:1,0.85
VS2022-089-0190,LS2024-089-0190,89,VS2022>LS2024,1:1,0.85
VS2022-089-0191,LS2024-089-0191,89,VS2022>LS2024,1:1,0.85
VS2022-089-0192,LS2024-089-0192,89,VS2022>LS2024,1:1,0.85
VS2022-089-0193,LS2024-089-0193,89,VS2022>LS2024,1:1,0.85
VS2022-089-0194,LS2024-089-0194,89,VS2022>LS2024,1:1,0.85
VS2022-089-0195,LS2024-089-0195,89,VS2022>LS2024,1:1,0.85
VS2022-089-0196,LS2024-089-0196,89,VS2022>LS2024,1:1,0.85
VS2022-089-0197,LS2024-089-0197,89,VS2022>LS2024,1:1,0.85
VS2022-089-0198,LS2024-089-0198,89,VS2022>LS2024,1:1,0.85
VS2022-089-0199,LS2024-089-0199,89,VS2022>LS2024,1:1,0.85
VS2022-089-0200,LS2024-089-0200,89,VS2022>LS2024,1:1,0.85
VS2022-089-0201,LS2024-089-0201,89,VS2022>LS2024,1:1,0.85
VS2022-089-0202,LS2024-089-0202,89,VS2022>LS2024,1:1,0.85
VS2022-089-0203,LS2024-089-0203,89,VS2022>LS2024,1:1,0.85
VS2022-089-0204,LS2024-089-0204,89,VS2022>LS2024,1:1,0.85
VS2022-089-0205,LS2024-089-0205,89,VS2022>LS2024,1:1,0.85
VS2022-089-0206,LS2024-089-0206,89,VS2022>LS2024,1:1,0.85
VS2022-089-0207,LS2024-089-0207,89,VS2022>LS2024,1:1,0.85
VS2022-089-0208,LS2024-089-0208,89,VS2022>LS2024,1:1,0.85
VS2022-089-0209,LS2024-089-0209,89,VS2022>LS2024,1:1,0.85
VS2022-089-0210,LS2024-089-0210,89,VS2022>LS2024,1:1,0.85
VS2022-089-0211,LS2024-089-0211,89,VS2022>LS2024,1:1,0.85
VS2022-089-0212,LS2024-089-0212,89,VS2022>LS2024,1:1,0.85
VS2022-089-0213,LS2024-089-0213,89,VS2022>LS2024,1:1,0.85
VS2022-089-0214,LS2024-089-0214,89,VS2022>LS2024,1:1,0.85
VS2022-089-0215,LS2024-089-0215,89,VS2022>LS2024,1:1,0.85
VS2022-089-0216,LS2024-089-0216,89,VS2022>LS2024,1:1,0.85
VS2022-089-0217,LS2024-089-0217,89,VS2022>LS2024,1:1,0.85
VS2022-089-0218,LS2024-089-0218,89,VS2022>LS2024,1:1,0.85
VS2022-089-0219,LS2024-089-0219,89,VS2022>LS2024,1:1,0.85
VS2022-089-0220,LS2024-089-0220,89,VS2022>LS2024,1:1,0.85
VS2022-089-0221,LS2024-089-0221,89,VS2022>LS2024,1:1,0.85
VS2022-089-0222,LS2024-089-0222,89,VS2022>LS2024,1:1,0.85
VS2022-089-0223,LS2024-089-0223,89,VS2022>LS2024,1:1,0.85
VS2022-089-0224,LS2024-089-0224,89,VS2022>LS2024,1:1,0.85
VS2022-089-0225,LS2024-089-0225,89,VS2022>LS2024,1:1,0.85
VS2022-089-0226,LS2024-089-0226,89,VS2022>LS2024,1:1,0.85
VS2022-089-0227,LS2024-089-0227,89,VS2022>LS2024,1:1,0.85
VS2022-089-0228,LS2024-089-0228,89,VS2022>LS2024,1:1,0.85
VS2022-089-0229,LS2024-089-0229,89,VS2022>LS2024,1:1,0.85
VS2022-089-0230,LS2024-089-0230,89,VS2022>LS2024,1:1,0.85
VS2022-089-0231,LS2024-089-0231,89,VS2022>LS2024,1:1,0.85
VS2022-089-0232,LS2024-089-0232,89,VS2022>LS2024,1:1,0.85
VS2022-089-0233,LS2024-089-0233,89,VS2022>LS2024,1:1,0.85
VS2022-089-0234,LS2024-089-0234,89,VS2022>LS2024,1:1,0.85
VS2022-089-0235,LS2024-089-0235,89,VS2022>LS2024,1:1,0.85
VS2022-089-0236,LS2024-089-0236,89,VS2022>LS2024,1:1,0.85
VS2022-089-0237,LS2024-089-0237,89,VS2022>LS2024,1:1,0.85
VS2022-089-0238,LS2024-089-0238,89,VS2022>LS2024,1:1,0.85
VS2022-089-0239,LS2024-089-0239,89,VS2022>LS2024,1:1,0.85
VS2022-089-0240,LS2024-089-0240,89,VS2022>LS2024,1:1,0.85
VS2022-089-0241,LS2024-089-0241,89,VS2022>LS2024,1:1,0.85
VS2022-089-0242,LS2024-089-0242,89,VS2022>LS2024,1:1,0.85
VS2022-089-0243,LS2024-089-0243,89,VS2022>LS2024,1:1,0.85
VS2022-089-0244,LS2024-089-0244,89,VS2022>LS2024,1:1,0.85
VS2022-089-0245,LS2024-089-0245,89,VS2022>LS2024,1:1,0.85
VS2022-089-0246,LS2024-089-0246,89,VS2022>LS2024,1:1,0.85
VS2022-089-0247,LS2024-089-0247,89,VS2022>LS2024,1:1,0.85
VS2022-089-0248,LS2024-089-0248,89,VS2022>LS2024,1:1,0.85
VS2022-089-0249,LS2024-089-0249,89,VS2022>LS2024,1:1,0.85
VS2022-089-0250,LS2024-089-0250,89,VS2022>LS2024,1:1,0.85
VS2022-089-0251,LS2024-089-0251,89,VS2022>LS2024,1:1,0.85
VS2022-089-0252,LS2024-089-0252,89,VS2022>LS2024,1:1,0.85
VS2022-089-0253,LS2024-089-0253,89,VS2022>LS2024,1:1,0.85
VS2022-089-0254,LS2024-089-0254,89,VS2022>LS2024,1:1,0.85
VS2022-089-0255,LS2024-089-0255,89,VS2022>LS2024,1:1,0.85
VS2022-089-0256,LS2024-089-0256,89,VS2022>LS2024,1:1,0.85
VS2022-089-0257,LS2024-089-0257,89,VS2022>LS2024,1:1,0.85
VS2022-089-0258,LS2024-089-0258,89,VS2022>LS2024,1:1,0.85
VS2022-089-0259,LS2024-089-0259,89,VS2022>LS2024,1:1,0.85
VS2022-089-0260,LS2024-089-0260,89,VS2022>LS2024,1:1,0.85
VS2022-089-0261,LS2024-089-0261,89,VS2022>LS2024,1:1,0.85
VS2022-089-0262,LS2024-089-0262,89,VS2022>LS2024,1:1,0.85
VS2022-089-0263,LS2024-089-0263,89,VS2022>LS2024,1:1,0.85
VS2022-089-0264,LS2024-089-0264,89,VS2022>LS2024,1:1,0.85
VS2022-089-0265,LS2024-089-0265,89,VS2022>LS2024,1:1,0.85
VS2022-089-0266,LS2024-089-0266,89,VS2022>LS2024,1:1,0.85
VS2022-089-0267,LS2024-089-0267,89,VS2022>LS2024,1:1,0.85
VS2022-089-0268,LS2024-089-0268,89,VS2022>LS2024,1:1,0.85
VS2022-089-0269,LS2024-089-0269,89,VS2022>LS2024,1:1,0.85
VS2022-089-0270,LS2024-089-0270,89,VS2022>LS2024,1:1,0.85
VS2022-089-0271,LS2024-089-0271,89,VS2022>LS2024,1:1,0.85
VS2022-089-0272,LS2024-089-0272,89,VS2022>LS2024,1:1,0.85
VS2022-089-0273,LS2024-089-0273,89,VS2022>LS2024,1:1,0.85
VS2022-089-0274,LS2024-089-0274,89,VS2022>LS2024,1:1,0.85
VS2022-089-0275,LS2024-089-0275,89,VS2022>LS2024,1:1,0.85
VS2022-089-0276,LS2024-089-0276,89,VS2022>LS2024,1:1,0.85
VS2022-089-0277,LS2024-089-0277,89,VS2022>LS2024,1:1,0.85
VS2022-089-0278,LS2024-089-0278,89,VS2022>LS2024,1:1,0.85
VS2022-089-0279,LS2024-089-0279,89,VS2022>LS2024,1:1,0.85
VS2022-089-0280,LS2024-089-0280,89,VS2022>LS2024,1:1,0.85
VS2022-089-0281,LS2024-089-0281,89,VS2022>LS2024,1:1,0.85
VS2022-089-0282,LS2024-089-0282,89,VS2022>LS2024,1:1,0.85
VS2022-089-0283,LS2024-089-0283,89,VS2022>LS2024,1:1,0.85
VS2022-089-0284,LS2024-089-0284,89,VS2022>LS2024,1:1,0.85
VS2022-089-0285,LS2024-089-0285,89,VS2022>LS2024,1:1,0.85
VS2022-089-0286,LS2024-089-0286,89,VS2022>LS2024,1:1,0.85
VS2022-089-0287,LS2024-089-0287,89,VS2022>LS2024,1:1,0.85
VS2022-089-0288,LS2024-089-0288,89,VS2022>LS2024,1:1,0.85
VS2022-089-0289,LS2024-089-0289,89,VS2022>LS2024,1:1,0.85
VS2022-089-0290,LS2024-089-0290,89,VS2022>LS2024,1:1,0.85
VS2022-089-0291,LS2024-089-0291,89,VS2022>LS2024,1:1,0.85
VS2022-089-0292,LS2024-089-0292,89,VS2022>LS2024,1:1,0.85
VS2022-089-0293,LS2024-089-0293,89,VS2022>LS2024,1:1,0.85
VS2022-089-0294,LS2024-089-0294,89,VS2022>LS2024,1:1,0.85
VS2022-089-0295,LS2024-089-0295,89,VS2022>LS2024,1:1,0.85
VS2022-089-0296,LS2024-089-0296,89,VS2022>LS2024,1:1,0.85
VS2022-089-0297,LS2024-089-0297,89,VS2022>LS2024,1:1,0.85
VS2022-089-0298,LS2024-089-0298,89,VS2022>LS2024,1:1,0.85
VS2022-089-0299,LS2024-089-0299,89,VS2022>LS2024,1:1,0.85
VS2022-089-0300,LS2024-089-0300,89,VS2022>LS2024,1:1,0.85
VS2022-089-0301,LS2024-089-0301,89,VS2022>LS2024,1:1,0.85
VS2022-089-0302,LS2024-089-0302,89,VS2022>LS2024,1:1,0.85
VS2022-089-0303,LS2024-089-0303,89,VS2022>LS2024,1:1,0.85
VS2022-089-0304,LS2024-089-0304,89,VS2022>LS2024,1:1,0.85
VS2022-089-0305,LS2024-089-0305,89,VS2022>LS2024,1:1,0.85
VS2022-089-0306,LS2024-089-0306,89,VS2022>LS2024,1:1,0.85
VS2022-089-0307,LS2024-089-0307,89,VS2022>LS2024,1:1,0.85
VS2022-089-0308,LS2024-089-0308,89,VS2022>LS2024,1:1,0.85
VS2022-089-0309,LS2024-089-0309,89,VS2022>LS2024,1:1,0.85
VS2022-089-0310,LS2024-089-0310,89,VS2022>LS2024,1:1,0.85
VS2022-089-0311,LS2024-089-0311,89,VS2022>LS2024,1:1,0.85
VS2022-089-0312,LS2024-089-0312,89,VS2022>LS2024,1:1,0.85
VS2022-089-0313,LS2024-089-0313,89,VS2022>LS2024,1:1,0.85
VS2022-089-0314,LS2024-089-0314,89,VS2022>LS2024,1:1,0.85
VS2022-089-0315,LS2024-089-0315,89,VS2022>LS2024,1:1,0.85
VS2022-089-0316,LS2024-089-0316,89,VS2022>LS2024,1:1,0.85
VS2022-089-0317,LS2024-089-0317,89,VS2022>LS2024,1:1,0.85
VS2022-089-0318,LS2024-089-0318,89,VS2022>LS2024,1:1,0.85
VS2022-089-0319,LS2024-089-0319,89,VS2022>LS2024,1:1,0.85
VS2022-089-0320,LS2024-089-0320,89,VS2022>LS2024,1:1,0.85
VS2022-089-0321,LS2024-089-0321,89,VS2022>LS2024,1:1,0.85
VS2022-089-0322,LS2024-089-0322,89,VS2022>LS2024,1:1,0.85
VS2022-089-0323,LS2024-089-0323,89,VS2022>LS2024,1:1,0.85
VS2022-089-0324,LS2024-089-0324,89,VS2022>LS2024,1:1,0.85
VS2022-089-0325,LS2024-089-0325,89,VS2022>LS2024,1:1,0.85
VS2022-089-0326,LS2024-089-0326,89,VS2022>LS2024,1:1,0.85
VS2022-089-0327,LS2024-089-0327,89,VS2022>LS2024,1:1,0.85
VS2022-089-0328,LS2024-089-0328,89,VS2022>LS2024,1:1,0.85
VS2022-089-0329,LS2024-089-0329,89,VS2022>LS2024,1:1,0.85
VS2022-089-0330,LS2024-089-0330,89,VS2022>LS2024,1:1,0.85
VS2022-089-0331,LS2024-089-0331,89,VS2022>LS2024,1:1,0.85
VS2022-089-0332,LS2024-089-0332,89,VS2022>LS2024,1:1,0.85
VS2022-089-0333,LS2024-089-0333,89,VS2022>LS2024,1:1,0.85
VS2022-089-0334,LS2024-089-0334,89,VS2022>LS2024,1:1,0.85
VS2022-089-0335,LS2024-089-0335,89,VS2022>LS2024,1:1,0.85
VS2022-089-0336,LS2024-089-0336,89,VS2022>LS2024,1:1,0.85
VS2022-089-0337,LS2024-089-0337,89,VS2022>LS2024,1:1,0.85
VS2022-089-0338,LS2024-089-0338,89,VS2022>LS2024,1:1,0.85
VS2022-089-0339,LS2024-089-0339,89,VS2022>LS2024,1:1,0.85
VS2022-089-0340,LS2024-089-0340,89,VS2022>LS2024,1:1,0.85
VS2022-089-0341,LS2024-089-0341,89,VS2022>LS2024,1:1,0.85
VS2022-089-0342,LS2024-089-0342,89,VS2022>LS2024,1:1,0.85
VS2022-089-0343,LS2024-089-0343,89,VS2022>LS2024,1:1,0.85
VS2022-089-0344,LS2024-089-0344,89,VS2022>LS2024,1:1,0.85
VS2022-089-0345,LS2024-089-0345,89,VS2022>LS2024,1:1,0.85
VS2022-089-0346,LS2024-089-0346,89,VS2022>LS2024,1:1,0.85
VS2022-089-0347,LS2024-089-0347,89,VS2022>LS2024,1:1,0.85
VS2022-089-0348,LS2024-089-0348,89,VS2022>LS2024,1:1,0.85
VS2022-089-0349,LS2024-089-0349,89,VS2022>LS2024,1:1,0.85
VS2022-089-0350,LS2024-089-0350,89,VS2022>LS2024,1:1,0.85
VS2022-089-0351,LS2024-089-0351,89,VS2022>LS2024,1:1,0.85
VS2022-089-0352,LS2024-089-0352,89,VS2022>LS2024,1:1,0.85
VS2022-089-0353,LS2024-089-0353,89,VS2022>LS2024,1:1,0.85
VS2022-089-0354,LS2024-089-0354,89,VS2022>LS2024,1:1,0.85
VS2022-089-0355,LS2024-089-0355,89,VS2022>LS2024,1:1,0.85
VS2022-089-0356,LS2024-089-0356,89,VS2022>LS2024,1:1,0.85
VS2022-089-0357,LS2024-089-0357,89,VS2022>LS2024,1:1,0.85
VS2022-089-0358,LS2024-089-0358,89,VS2022>LS2024,1:1,0.85
VS2022-089-0359,LS2024-089-0359,89,VS2022>LS2024,1:1,0.85
VS2022-089-0360,LS2024-089-0360,89,VS2022>LS2024,1:1,0.85
VS2022-089-0361,LS2024-089-0361,89,VS2022>LS2024,1:1,0.85
VS2022-089-0362,LS2024-089-0362,89,VS2022>LS2024,1:1,0.85
VS2022-089-0363,LS2024-089-0363,89,VS2022>LS2024,1:1,0.85
VS2022-089-0364,LS2024-089-0364,89,VS2022>LS2024,1:1,0.85
VS2022-089-0365,LS2024-089-0365,89,VS2022>LS2024,1:1,0.85
VS2022-089-0366,LS2024-089-0366,89,VS2022>LS2024,1:1,0.85
VS2022-089-0367,LS2024-089-0367,89,VS2022>LS2024,1:1,0.85
VS2022-089-0368,LS2024-089-0368,89,VS2022>LS2024,1:1,0.85
VS2022-089-0369,LS2024-089-0369,89,VS2022>LS2024,1:1,0.85
VS2022-089-0370,LS2024-089-0370,89,VS2022>LS2024,1:1,0.85
VS2022-089-0371,LS2024-089-0371,89,VS2022>LS2024,1:1,0.85
VS2022-089-0372,LS2024-089-0372,89,VS2022>LS2024,1:1,0.85
VS2022-089-0373,LS2024-089-0373,89,VS2022>LS2024,1:1,0.85
VS2022-089-0374,LS2024-089-0374,89,VS2022>LS2024,1:1,0.85
VS2022-089-0375,LS2024-089-0375,89,VS2022>LS2024,1:1,0.85
VS2022-089-0376,LS2024-089-0376,89,VS2022>LS2024,1:1,0.85
VS2022-089-0377,LS2024-089-0377,89,VS2022>LS2024,1:1,0.85
VS2022-089-0378,LS2024-089-0378,89,VS2022>LS2024,1:1,0.85
VS2022-089-0379,LS2024-089-0379,89,VS2022>LS2024,1:1,0.85
VS2022-089-0380,LS2024-089-0380,89,VS2022>LS2024,1:1,0.85
VS2022-089-0381,LS2024-089-0381,89,VS2022>LS2024,1:1,0.85
VS2022-089-0382,LS2024-089-0382,89,VS2022>LS2024,1:1,0.85
VS2022-089-0383,LS2024-089-0383,89,VS2022>LS2024,1:1,0.85
VS2022-089-0384,LS2024-089-0384,89,VS2022>LS2024,1:1,0.85
VS2022-089-0385,LS2024-089-0385,89,VS2022>LS2024,1:1,0.85
VS2022-089-0386,LS2024-089-0386,89,VS2022>LS2024,1:1,0.85
VS2022-089-0387,LS2024-089-0387,89,VS2022>LS2024,1:1,0.85
VS2022-089-0388,LS2024-089-0388,89,VS2022>LS2024,1:1,0.85
VS2022-089-0389,LS2024-089-0389,89,VS2022>LS2024,1:1,0.85
VS2022-089-0390,LS2024-089-0390,89,VS2022>LS2024,1:1,0.85
VS2022-089-0391,LS2024-089-0391,89,VS2022>LS2024,1:1,0.85
VS2022-089-0392,LS2024-089-0392,89,VS2022>LS2024,1:1,0.85
VS2022-089-0393,LS2024-089-0393,89,VS2022>LS2024,1:1,0.85
VS2022-089-0394,LS2024-089-0394,89,VS2022>LS2024,1:1,0.85
VS2022-089-0395,LS2024-089-0395,89,VS2022>LS2024,1:1,0.85
VS2022-089-0396,LS2024-089-0396,89,VS2022>LS2024,1:1,0.85
VS2022-089-0397,LS2024-089-0397,89,VS2022>LS2024,1:1,0.85
VS2022-089-0398,LS2024-089-0398,89,VS2022>LS2024,1:1,0.85
VS2022-089-0399,LS2024-089-0399,89,VS2022>LS2024,1:1,0.85
VS2022-089-0400,LS2024-089-0400,89,VS2022>LS2024,1:1,0.85
VS2022-089-0401,LS2024-089-0401,89,VS2022>LS2024,1:1,0.85
VS2022-089-0402,LS2024-089-0402,89,VS2022>LS2024,1:1,0.85
VS2022-089-0403,LS2024-089-0403,89,VS2022>LS2024,1:1,0.85
VS2022-089-0404,LS2024-089-0404,89,VS2022>LS2024,1:1,0.85
VS2022-089-0405,LS2024-089-0405,89,VS2022>LS2024,1:1,0.85
VS2022-089-0406,LS2024-089-0406,89,VS2022>LS2024,1:1,0.85
VS2022-089-0407,LS2024-089-0407,89,VS2022>LS2024,1:1,0.85
VS2022-089-0408,LS2024-089-0408,89,VS2022>LS2024,1:1,0.85
VS2022-089-0409,LS2024-089-0409,89,VS2022>LS2024,1:1,0.85
VS2022-089-0410,LS2024-089-0410,89,VS2022>LS2024,1:1,0.85
VS2022-089-0411,LS2024-089-0411,89,VS2022>LS2024,1:1,0.85
VS2022-089-0412,LS2024-089-0412,89,VS2022>LS2024,1:1,0.85
VS2022-089-0413,LS2024-089-0413,89,VS2022>LS2024,1:1,0.85
VS2022-089-0414,LS2024-089-0414,89,VS2022>LS2024,1:1,0.85
VS2022-089-0415,LS2024-089-0415,89,VS2022>LS2024,1:1,0.85
VS2022-089-0416,LS2024-089-0416,89,VS2022>LS2024,1:1,0.85
VS2022-089-0417,LS2024-089-0417,89,VS2022>LS2024,1:1,0.85
VS2022-089-0418,LS2024-089-0418,89,VS2022>LS2024,1:1,0.85
VS2022-089-0419,LS2024-089-0419,89,VS2022>LS2024,1:1,0.85
VS2022-089-0420,LS2024-089-0420,89,VS2022>LS2024,1:1,0.85
VS2022-089-0421,LS2024-089-0421,89,VS2022>LS2024,1:1,0.85
VS2022-089-0422,LS2024-089-0422,89,VS2022>LS2024,1:1,0.85
VS2022-089-0423,LS2024-089-0423,89,VS2022>LS2024,1:1,0.85
VS2022-089-0424,LS2024-089-0424,89,VS2022>LS2024,1:1,0.85
VS2022-089-0425,LS2024-089-0425,89,VS2022>LS2024,1:1,0.85
VS2022-089-0426,LS2024-089-0426,89,VS2022>LS2024,1:1,0.85
VS2022-089-0427,LS2024-089-0427,89,VS2022>LS2024,1:1,0.85
VS2022-089-0428,LS2024-089-0428,89,VS2022>LS2024,1:1,0.85
VS2022-090-0001,LS2024-090-0001,90,VS2022>LS2024,1:1,0.85
VS2022-090-0002,LS2024-090-0002,90,VS2022>LS2024,1:1,0.85
VS2022-090-0003,LS2024-090-0003,90,VS2022>LS2024,1:1,0.85
VS2022-090-0004,LS2024-090-0004,90,VS2022>LS2024,1:1,0.85
VS2022-090-0005,LS2024-090-0005,90,VS2022>LS2024,1:1,0.85
VS2022-090-0006,LS2024-090-0006,90,VS2022>LS2024,1:1,0.85
VS2022-090-0007,LS2024-090-0007,90,VS2022>LS2024,1:1,0.85
VS2022-090-0008,LS2024-090-0008,90,VS2022>LS2024,1:1,0.85
VS2022-090-0009,LS2024-090-0009,90,VS2022>LS2024,1:1,0.85
VS2022-090-0010,LS2024-090-0010,90,VS2022>LS2024,1:1,0.85
VS2022-090-0011,LS2024-090-0011,90,VS2022>LS2024,1:1,0.85
VS2022-090-0012,LS2024-090-0012,90,VS2022>LS2024,1:1,0.85
VS2022-090-0013,LS2024-090-0013,90,VS2022>LS2024,1:1,0.85
VS2022-090-0014,LS2024-090-0014,90,VS2022>LS2024,1:1,0.85
VS2022-090-0015,LS2024-090-0015,90,VS2022>LS2024,1:1,0.85
VS2022-090-0016,LS2024-090-0016,90,VS2022>LS2024,1:1,0.85
VS2022-090-0017,LS2024-090-0017,90,VS2022>LS2024,1:1,0.85
VS2022-090-0018,LS2024-090-0018,90,VS2022>LS2024,1:1,0.85
VS2022-090-0019,LS2024-090-0019,90,VS2022>LS2024,1:1,0.85
VS2022-090-0020,LS2024-090-0020,90,VS2022>LS2024,1:1,0.85
VS2022-090-0021,LS2024-090-0021,90,VS2022>LS2024,1:1,0.85
VS2022-090-0022,LS2024-090-0022,90,VS2022>LS2024,1:1,0.85
VS2022-090-0023,LS2024-090-0023,90,VS2022>LS2024,1:1,0.85
VS2022-090-0024,LS2024-090-0024,90,VS2022>LS2024,1:1,0.85
VS2022-090-0025,LS2024-090-0025,90,VS2022>LS2024,1:1,0.85
VS2022-090-0026,LS2024-090-0026,90,VS2022>LS2024,1:1,0.85
VS2022-090-0027,LS2024-090-0027,90,VS2022>LS2024,1:1,0.85
VS2022-090-0028,LS2024-090-0028,90,VS2022>LS2024,1:1,0.85
VS2022-090-0029,LS2024-090-0029,90,VS2022>LS2024,1:1,0.85
VS2022-090-0030,LS2024-090-0030,90,VS2022>LS2024,1:1,0.85
VS2022-090-0031,LS2024-090-0031,90,VS2022>LS2024,1:1,0.85
VS2022-090-0032,LS2024-090-0032,90,VS2022>LS2024,1:1,0.85
VS2022-090-0033,LS2024-090-0033,90,VS2022>LS2024,1:1,0.85
VS2022-090-0034,LS2024-090-0034,90,VS2022>LS2024,1:1,0.85
VS2022-090-0035,LS2024-090-0035,90,VS2022>LS2024,1:1,0.85
VS2022-090-0036,LS2024-090-0036,90,VS2022>LS2024,1:1,0.85
VS2022-090-0037,LS2024-090-0037,90,VS2022>LS2024,1:1,0.85
VS2022-090-0038,LS2024-090-0038,90,VS2022>LS2024,1:1,0.85
VS2022-090-0039,LS2024-090-0039,90,VS2022>LS2024,1:1,0.85
VS2022-090-0040,LS2024-090-0040,90,VS2022>LS2024,1:1,0.85
VS2022-090-0041,LS2024-090-0041,90,VS2022>LS2024,1:1,0.85
VS2022-090-0042,LS2024-090-0042,90,VS2022>LS2024,1:1,0.85
VS2022-090-0043,LS2024-090-0043,90,VS2022>LS2024,1:1,0.85
VS2022-090-0044,LS2024-090-0044,90,VS2022>LS2024,1:1,0.85
VS2022-090-0045,LS2024-090-0045,90,VS2022>LS2024,1:1,0.85
VS2022-090-0046,LS2024-090-0046,90,VS2022>LS2024,1:1,0.85
VS2022-090-0047,LS2024-090-0047,90,VS2022>LS2024,1:1,0.85
VS2022-090-0048,LS2024-090-0048,90,VS2022>LS2024,1:1,0.85
VS2022-090-0049,LS2024-090-0049,90,VS2022>LS2024,1:1,0.85
VS2022-090-0050,LS2024-090-0050,90,VS2022>LS2024,1:1,0.85
VS2022-090-0051,LS2024-090-0051,90,VS2022>LS2024,1:1,0.85
VS2022-090-0052,LS2024-090-0052,90,VS2022>LS2024,1:1,0.85
VS2022-090-0053,LS2024-090-0053,90,VS2022>LS2024,1:1,0.85
VS2022-090-0054,LS2024-090-0054,90,VS2022>LS2024,1:1,0.85
VS2022-090-0055,LS2024-090-0055,90,VS2022>LS2024,1:1,0.85
VS2022-090-0056,LS2024-090-0056,90,VS2022>LS2024,1:1,0.85
VS2022-090-0057,LS2024-090-0057,90,VS2022>LS2024,1:1,0.85
VS2022-090-0058,LS2024-090-0058,90,VS2022>LS2024,1:1,0.85
VS2022-090-0059,LS2024-090-0059,90,VS2022>LS2024,1:1,0.85
VS2022-090-0060,LS2024-090-0060,90,VS2022>LS2024,1:1,0.85
VS2022-090-0061,LS2024-090-0061,90,VS2022>LS2024,1:1,0.85
VS2022-090-0062,LS2024-090-0062,90,VS2022>LS2024,1:1,0.85
VS2022-090-0063,LS2024-090-0063,90,VS2022>LS2024,1:1,0.85
VS2022-090-0064,LS2024-090-0064,90,VS2022>LS2024,1:1,0.85
VS2022-090-0065,LS2024-090-0065,90,VS2022>LS2024,1:1,0.85
VS2022-090-0066,LS2024-090-0066,90,VS2022>LS2024,1:1,0.85
VS2022-090-0067,LS2024-090-0067,90,VS2022>LS2024,1:1,0.85
VS2022-090-0068,LS2024-090-0068,90,VS2022>LS2024,1:1,0.85
VS2022-090-0069,LS2024-090-0069,90,VS2022>LS2024,1:1,0.85
VS2022-090-0070,LS2024-090-0070,90,VS2022>LS2024,1:1,0.85
VS2022-090-0071,LS2024-090-0071,90,VS2022>LS2024,1:1,0.85
VS2022-090-0072,LS2024-090-0072,90,VS2022>LS2024,1:1,0.85
VS2022-090-0073,LS2024-090-0073,90,VS2022>LS2024,1:1,0.85
VS2022-090-0074,LS2024-090-0074,90,VS2022>LS2024,1:1,0.85
VS2022-090-0075,LS2024-090-0075,90,VS2022>LS2024,1:1,0.85
VS2022-090-0076,LS2024-090-0076,90,VS2022>LS2024,1:1,0.85
VS2022-090-0077,LS2024-090-0077,90,VS2022>LS2024,1:1,0.85
VS2022-090-0078,LS2024-090-0078,90,VS2022>LS2024,1:1,0.85
VS2022-090-0079,LS2024-090-0079,90,VS2022>LS2024,1:1,0.85
VS2022-090-0080,LS2024-090-0080,90,VS2022>LS2024,1:1,0.85
VS2022-090-0081,LS2024-090-0081,90,VS2022>LS2024,1:1,0.85
VS2022-090-0082,LS2024-090-0082,90,VS2022>LS2024,1:1,0.85
VS2022-090-0083,LS2024-090-0083,90,VS2022>LS2024,1:1,0.85
VS2022-090-0084,LS2024-090-0084,90,VS2022>LS2024,1:1,0.85
VS2022-090-0085,LS2024-090-0085,90,VS2022>LS2024,1:1,0.85
VS2022-090-0086,LS2024-090-0086,90,VS2022>LS2024,1:1,0.85
VS2022-090-0087,LS2024-090-0087,90,VS2022>LS2024,1:1,0.85
VS2022-090-0088,LS2024-090-0088,90,VS2022>LS2024,1:1,0.85
VS2022-090-0089,LS2024-090-0089,90,VS2022>LS2024,1:1,0.85
VS2022-090-0090,LS2024-090-0090,90,VS2022>LS2024,1:1,0.85
VS2022-090-0091,LS2024-090-0091,90,VS2022>LS2024,1:1,0.85
VS2022-090-0092,LS2024-090-0092,90,VS2022>LS2024,1:1,0.85
VS2022-090-0093,LS2024-090-0093,90,VS2022>LS2024,1:1,0.85
VS2022-090-0094,LS2024-090-0094,90,VS2022>LS2024,1:1,0.85
VS2022-090-0095,LS2024-090-0095,90,VS2022>LS2024,1:1,0.85
VS2022-090-0096,LS2024-090-0096,90,VS2022>LS2024,1:1,0.85
VS2022-090-0097,LS2024-090-0097,90,VS2022>LS2024,1:1,0.85
VS2022-090-0098,LS2024-090-0098,90,VS2022>LS2024,1:1,0.85
VS2022-090-0099,LS2024-090-0099,90,VS2022>LS2024,1:1,0.85
VS2022-090-0100,LS2024-090-0100,90,VS2022>LS2024,1:1,0.85
VS2022-090-0101,LS2024-090-0101,90,VS2022>LS2024,1:1,0.85
VS2022-090-0102,LS2024-090-0102,90,VS2022>LS2024,1:1,0.85
VS2022-090-0103,LS2024-090-0103,90,VS2022>LS2024,1:1,0.85
VS2022-090-0104,LS2024-090-0104,90,VS2022>LS2024,1:1,0.85
VS2022-090-0105,LS2024-090-0105,90,VS2022>LS2024,1:1,0.85
VS2022-090-0106,LS2024-090-0106,90,VS2022>LS2024,1:1,0.85
VS2022-090-0107,LS2024-090-0107,90,VS2022>LS2024,1:1,0.85
VS2022-090-0108,LS2024-090-0108,90,VS2022>LS2024,1:1,0.85
VS2022-090-0109,LS2024-090-0109,90,VS2022>LS2024,1:1,0.85
VS2022-090-0110,LS2024-090-0110,90,VS2022>LS2024,1:1,0.85
VS2022-090-0111,LS2024-090-0111,90,VS2022>LS2024,1:1,0.85
VS2022-090-0112,LS2024-090-0112,90,VS2022>LS2024,1:1,0.85
VS2022-090-0113,LS2024-090-0113,90,VS2022>LS2024,1:1,0.85
VS2022-090-0114,LS2024-090-0114,90,VS2022>LS2024,1:1,0.85
VS2022-090-0115,LS2024-090-0115,90,VS2022>LS2024,1:1,0.85
VS2022-090-0116,LS2024-090-0116,90,VS2022>LS2024,1:1,0.85
VS2022-090-0117,LS2024-090-0117,90,VS2022>LS2024,1:1,0.85
VS2022-090-0118,LS2024-090-0118,90,VS2022>LS2024,1:1,0.85
VS2022-090-0119,LS2024-090-0119,90,VS2022>LS2024,1:1,0.85
VS2022-090-0120,LS2024-090-0120,90,VS2022>LS2024,1:1,0.85
VS2022-090-0121,LS2024-090-0121,90,VS2022>LS2024,1:1,0.85
VS2022-090-0122,LS2024-090-0122,90,VS2022>LS2024,1:1,0.85
VS2022-090-0123,LS2024-090-0123,90,VS2022>LS2024,1:1,0.85
VS2022-090-0124,LS2024-090-0124,90,VS2022>LS2024,1:1,0.85
VS2022-090-0125,LS2024-090-0125,90,VS2022>LS2024,1:1,0.85
VS2022-090-0126,LS2024-090-0126,90,VS2022>LS2024,1:1,0.85
VS2022-090-0127,LS2024-090-0127,90,VS2022>LS2024,1:1,0.85
VS2022-090-0128,LS2024-090-0128,90,VS2022>LS2024,1:1,0.85
VS2022-090-0129,LS2024-090-0129,90,VS2022>LS2024,1:1,0.85
VS2022-090-0130,LS2024-090-0130,90,VS2022>LS2024,1:1,0.85
VS2022-090-0131,LS2024-090-0131,90,VS2022>LS2024,1:1,0.85
VS2022-090-0132,LS2024-090-0132,90,VS2022>LS2024,1:1,0.85
VS2022-090-0133,LS2024-090-0133,90,VS2022>LS2024,1:1,0.85
VS2022-090-0134,LS2024-090-0134,90,VS2022>LS2024,1:1,0.85
VS2022-090-0135,LS2024-090-0135,90,VS2022>LS2024,1:1,0.85
VS2022-090-0136,LS2024-090-0136,90,VS2022>LS2024,1:1,0.85
VS2022-090-0137,LS2024-090-0137,90,VS2022>LS2024,1:1,0.85
VS2022-090-0138,LS2024-090-0138,90,VS2022>LS2024,1:1,0.85
VS2022-090-0139,LS2024-090-0139,90,VS2022>LS2024,1:1,0.85
VS2022-090-0140,LS2024-090-0140,90,VS2022>LS2024,1:1,0.85
VS2022-090-0141,LS2024-090-0141,90,VS2022>LS2024,1:1,0.85
VS2022-090-0142,LS2024-090-0142,90,VS2022>LS2024,1:1,0.85
VS2022-090-0143,LS2024-090-0143,90,VS2022>LS2024,1:1,0.85
VS2022-090-0144,LS2024-090-0144,90,VS2022>LS2024,1:1,0.85
VS2022-090-0145,LS2024-090-0145,90,VS2022>LS2024,1:1,0.85
VS2022-090-0146,LS2024-090-0146,90,VS2022>LS2024,1:1,0.85
VS2022-090-0147,LS2024-090-0147,90,VS2022>LS2024,1:1,0.85
VS2022-090-0148,LS2024-090-0148,90,VS2022>LS2024,1:1,0.85
VS2022-090-0149,LS2024-090-0149,90,VS2022>LS2024,1:1,0.85
VS2022-090-0150,LS2024-090-0150,90,VS2022>LS2024,1:1,0.85
VS2022-090-0151,LS2024-090-0151,90,VS2022>LS2024,1:1,0.85
VS2022-090-0152,LS2024-090-0152,90,VS2022>LS2024,1:1,0.85
VS2022-090-0153,LS2024-090-0153,90,VS2022>LS2024,1:1,0.85
VS2022-090-0154,LS2024-090-0154,90,VS2022>LS2024,1:1,0.85
VS2022-090-0155,LS2024-090-0155,90,VS2022>LS2024,1:1,0.85
VS2022-090-0156,LS2024-090-0156,90,VS2022>LS2024,1:1,0.85
VS2022-090-0157,LS2024-090-0157,90,VS2022>LS2024,1:1,0.85
VS2022-090-0158,LS2024-090-0158,90,VS2022>LS2024,1:1,0.85
VS2022-090-0159,LS2024-090-0159,90,VS2022>LS2024,1:1,0.85
VS2022-090-0160,LS2024-090-0160,90,VS2022>LS2024,1:1,0.85
VS2022-090-0161,LS2024-090-0161,90,VS2022>LS2024,1:1,0.85
VS2022-090-0162,LS2024-090-0162,90,VS2022>LS2024,1:1,0.85
VS2022-090-0163,LS2024-090-0163,90,VS2022>LS2024,1:1,0.85
VS2022-090-0164,LS2024-090-0164,90,VS2022>LS2024,1:1,0.85
VS2022-090-0165,LS2024-090-0165,90,VS2022>LS2024,1:1,0.85
VS2022-090-0166,LS2024-090-0166,90,VS2022>LS2024,1:1,0.85
VS2022-090-0167,LS2024-090-0167,90,VS2022>LS2024,1:1,0.85
VS2022-090-0168,LS2024-090-0168,90,VS2022>LS2024,1:1,0.85
VS2022-090-0169,LS2024-090-0169,90,VS2022>LS2024,1:1,0.85
VS2022-090-0170,LS2024-090-0170,90,VS2022>LS2024,1:1,0.85
VS2022-090-0171,LS2024-090-0171,90,VS2022>LS2024,1:1,0.85
VS2022-090-0172,LS2024-090-0172,90,VS2022>LS2024,1:1,0.85
VS2022-090-0173,LS2024-090-0173,90,VS2022>LS2024,1:1,0.85
VS2022-090-0174,LS2024-090-0174,90,VS2022>LS2024,1:1,0.85
VS2022-090-0175,LS2024-090-0175,90,VS2022>LS2024,1:1,0.85
VS2022-090-0176,LS2024-090-0176,90,VS2022>LS2024,1:1,0.85
VS2022-090-0177,LS2024-090-0177,90,VS2022>LS2024,1:1,0.85
VS2022-090-0178,LS2024-090-0178,90,VS2022>LS2024,1:1,0.85
VS2022-090-0179,LS2024-090-0179,90,VS2022>LS2024,1:1,0.85
VS2022-090-0180,LS2024-090-0180,90,VS2022>LS2024,1:1,0.85
VS2022-090-0181,LS2024-090-0181,90,VS2022>LS2024,1:1,0.85
VS2022-090-0182,LS2024-090-0182,90,VS2022>LS2024,1:1,0.85
VS2022-090-0183,LS2024-090-0183,90,VS2022>LS2024,1:1,0.85
VS2022-090-0184,LS2024-090-0184,90,VS2022>LS2024,1:1,0.85
VS2022-090-0185,LS2024-090-0185,90,VS2022>LS2024,1:1,0.85
VS2022-090-0186,LS2024-090-0186,90,VS2022>LS2024,1:1,0.85
VS2022-090-0187,LS2024-090-0187,90,VS2022>LS2024,1:1,0.85
VS2022-090-0188,LS2024-090-0188,90,VS2022>LS2024,1:1,0.85
VS2022-090-0189,LS2024-090-0189,90,VS2022>LS2024,1:1,0.85
VS2022-090-0190,LS2024-090-0190,90,VS2022>LS2024,1:1,0.85
VS2022-090-0191,LS2024-090-0191,90,VS2022>LS2024,1:1,0.85
VS2022-090-0192,LS2024-090-0192,90,VS2022>LS2024,1:1,0.85
VS2022-090-0193,LS2024-090-0193,90,VS2022>LS2024,1:1,0.85
VS2022-090-0194,LS2024-090-0194,90,VS2022>LS2024,1:1,0.85
VS2022-090-0195,LS2024-090-0195,90,VS2022>LS2024,1:1,0.85
VS2022-090-0196,LS2024-090-0196,90,VS2022>LS2024,1:1,0.85
VS2022-090-0197,LS2024-090-0197,90,VS2022>LS2024,1:1,0.85
VS2022-090-0198,LS2024-090-0198,90,VS2022>LS2024,1:1,0.85
VS2022-090-0199,LS2024-090-0199,90,VS2022>LS2024,1:1,0.85
VS2022-090-0200,LS2024-090-0200,90,VS2022>LS2024,1:1,0.85
VS2022-090-0201,LS2024-090-0201,90,VS2022>LS2024,1:1,0.85
VS2022-090-0202,LS2024-090-0202,90,VS2022>LS2024,1:1,0.85
VS2022-090-0203,LS2024-090-0203,90,VS2022>LS2024,1:1,0.85
VS2022-090-0204,LS2024-090-0204,90,VS2022>LS2024,1:1,0.85
VS2022-090-0205,LS2024-090-0205,90,VS2022>LS2024,1:1,0.85
VS2022-090-0206,LS2024-090-0206,90,VS2022>LS2024,1:1,0.85
VS2022-090-0207,LS2024-090-0207,90,VS2022>LS2024,1:1,0.85
VS2022-090-0208,LS2024-090-0208,90,VS2022>LS2024,1:1,0.85
VS2022-090-0209,LS2024-090-0209,90,VS2022>LS2024,1:1,0.85
VS2022-090-0210,LS2024-090-0210,90,VS2022>LS2024,1:1,0.85
VS2022-090-0211,LS2024-090-0211,90,VS2022>LS2024,1:1,0.85
VS2022-090-0212,LS2024-090-0212,90,VS2022>LS2024,1:1,0.85
VS2022-090-0213,LS2024-090-0213,90,VS2022>LS2024,1:1,0.85
VS2022-090-0214,LS2024-090-0214,90,VS2022>LS2024,1:1,0.85
VS2022-090-0215,LS2024-090-0215,90,VS2022>LS2024,1:1,0.85
VS2022-090-0216,LS2024-090-0216,90,VS2022>LS2024,1:1,0.85
VS2022-090-0217,LS2024-090-0217,90,VS2022>LS2024,1:1,0.85
VS2022-090-0218,LS2024-090-0218,90,VS2022>LS2024,1:1,0.85
VS2022-090-0219,LS2024-090-0219,90,VS2022>LS2024,1:1,0.85
VS2022-090-0220,LS2024-090-0220,90,VS2022>LS2024,1:1,0.85
VS2022-090-0221,LS2024-090-0221,90,VS2022>LS2024,1:1,0.85
VS2022-090-0222,LS2024-090-0222,90,VS2022>LS2024,1:1,0.85
VS2022-090-0223,LS2024-090-0223,90,VS2022>LS2024,1:1,0.85
VS2022-090-0224,LS2024-090-0224,90,VS2022>LS2024,1:1,0.85
VS2022-090-0225,LS2024-090-0225,90,VS2022>LS2024,1:1,0.85
VS2022-090-0226,LS2024-090-0226,90,VS2022>LS2024,1:1,0.85
VS2022-090-0227,LS2024-090-0227,90,VS2022>LS2024,1:1,0.85
VS2022-090-0228,LS2024-090-0228,90,VS2022>LS2024,1:1,0.85
VS2022-090-0229,LS2024-090-0229,90,VS2022>LS2024,1:1,0.85
VS2022-090-0230,LS2024-090-0230,90,VS2022>LS2024,1:1,0.85
VS2022-090-0231,LS2024-090-0231,90,VS2022>LS2024,1:1,0.85
VS2022-090-0232,LS2024-090-0232,90,VS2022>LS2024,1:1,0.85
VS2022-090-0233,LS2024-090-0233,90,VS2022>LS2024,1:1,0.85
VS2022-090-0234,LS2024-090-0234,90,VS2022>LS2024,1:1,0.85
VS2022-090-0235,LS2024-090-0235,90,VS2022>LS2024,1:1,0.85
VS2022-090-0236,LS2024-090-0236,90,VS2022>LS2024,1:1,0.85
VS2022-090-0237,LS2024-090-0237,90,VS2022>LS2024,1:1,0.85
VS2022-090-0238,LS2024-090-0238,90,VS2022>LS2024,1:1,0.85
VS2022-090-0239,LS2024-090-0239,90,VS2022>LS2024,1:1,0.85
VS2022-090-0240,LS2024-090-0240,90,VS2022>LS2024,1:1,0.85
VS2022-090-0241,LS2024-090-0241,90,VS2022>LS2024,1:1,0.85
VS2022-090-0242,LS2024-090-0242,90,VS2022>LS2024,1:1,0.85
VS2022-090-0243,LS2024-090-0243,90,VS2022>LS2024,1:1,0.85
VS2022-090-0244,LS2024-090-0244,90,VS2022>LS2024,1:1,0.85
VS2022-090-0245,LS2024-090-0245,90,VS2022>LS2024,1:1,0.85
VS2022-090-0246,LS2024-090-0246,90,VS2022>LS2024,1:1,0.85
VS2022-090-0247,LS2024-090-0247,90,VS2022>LS2024,1:1,0.85
VS2022-090-0248,LS2024-090-0248,90,VS2022>LS2024,1:1,0.85
VS2022-090-0249,LS2024-090-0249,90,VS2022>LS2024,1:1,0.85
VS2022-090-0250,LS2024-090-0250,90,VS2022>LS2024,1:1,0.85
VS2022-090-0251,LS2024-090-0251,90,VS2022>LS2024,1:1,0.85
VS2022-090-0252,LS2024-090-0252,90,VS2022>LS2024,1:1,0.85
VS2022-090-0253,LS2024-090-0253,90,VS2022>LS2024,1:1,0.85
VS2022-090-0254,LS2024-090-0254,90,VS2022>LS2024,1:1,0.85
VS2022-090-0255,LS2024-090-0255,90,VS2022>LS2024,1:1,0.85
VS2022-090-0256,LS2024-090-0256,90,VS2022>LS2024,1:1,0.85
VS2022-090-0257,LS2024-090-0257,90,VS2022>LS2024,1:1,0.85
VS2022-090-0258,LS2024-090-0258,90,VS2022>LS2024,1:1,0.85
VS2022-090-0259,LS2024-090-0259,90,VS2022>LS2024,1:1,0.85
VS2022-090-0260,LS2024-090-0260,90,VS2022>LS2024,1:1,0.85
VS2022-090-0261,LS2024-090-0261,90,VS2022>LS2024,1:1,0.85
VS2022-090-0262,LS2024-090-0262,90,VS2022>LS2024,1:1,0.85
VS2022-090-0263,LS2024-090-0263,90,VS2022>LS2024,1:1,0.85
VS2022-090-0264,LS2024-090-0264,90,VS2022>LS2024,1:1,0.85
VS2022-090-0265,LS2024-090-0265,90,VS2022>LS2024,1:1,0.85
VS2022-090-0266,LS2024-090-0266,90,VS2022>LS2024,1:1,0.85
VS2022-090-0267,LS2024-090-0267,90,VS2022>LS2024,1:1,0.85
VS2022-090-0268,LS2024-090-0268,90,VS2022>LS2024,1:1,0.85
VS2022-090-0269,LS2024-090-0269,90,VS2022>LS2024,1:1,0.85
VS2022-090-0270,LS2024-090-0270,90,VS2022>LS2024,1:1,0.85
VS2022-090-0271,LS2024-090-0271,90,VS2022>LS2024,1:1,0.85
VS2022-090-0272,LS2024-090-0272,90,VS2022>LS2024,1:1,0.85
VS2022-090-0273,LS2024-090-0273,90,VS2022>LS2024,1:1,0.85
VS2022-090-0274,LS2024-090-0274,90,VS2022>LS2024,1:1,0.85
VS2022-090-0275,LS2024-090-0275,90,VS2022>LS2024,1:1,0.85
VS2022-090-0276,LS2024-090-0276,90,VS2022>LS2024,1:1,0.85
VS2022-090-0277,LS2024-090-0277,90,VS2022>LS2024,1:1,0.85
VS2022-090-0278,LS2024-090-0278,90,VS2022>LS2024,1:1,0.85
VS2022-090-0279,LS2024-090-0279,90,VS2022>LS2024,1:1,0.85
VS2022-090-0280,LS2024-090-0280,90,VS2022>LS2024,1:1,0.85
VS2022-090-0281,LS2024-090-0281,90,VS2022>LS2024,1:1,0.85
VS2022-090-0282,LS2024-090-0282,90,VS2022>LS2024,1:1,0.85
VS2022-090-0283,LS2024-090-0283,90,VS2022>LS2024,1:1,0.85
VS2022-090-0284,LS2024-090-0284,90,VS2022>LS2024,1:1,0.85
VS2022-090-0285,LS2024-090-0285,90,VS2022>LS2024,1:1,0.85
VS2022-090-0286,LS2024-090-0286,90,VS2022>LS2024,1:1,0.85
VS2022-090-0287,LS2024-090-0287,90,VS2022>LS2024,1:1,0.85
VS2022-090-0288,LS2024-090-0288,90,VS2022>LS2024,1:1,0.85
VS2022-090-0289,LS2024-090-0289,90,VS2022>LS2024,1:1,0.85
VS2022-090-0290,LS2024-090-0290,90,VS2022>LS2024,1:1,0.85
VS2022-090-0291,LS2024-090-0291,90,VS2022>LS2024,1:1,0.85
VS2022-090-0292,LS2024-090-0292,90,VS2022>LS2024,1:1,0.85
VS2022-090-0293,LS2024-090-0293,90,VS2022>LS2024,1:1,0.85
VS2022-090-0294,LS2024-090-0294,90,VS2022>LS2024,1:1,0.85
VS2022-090-0295,LS2024-090-0295,90,VS2022>LS2024,1:1,0.85
VS2022-090-0296,LS2024-090-0296,90,VS2022>LS2024,1:1,0.85
VS2022-090-0297,LS2024-090-0297,90,VS2022>LS2024,1:1,0.85
VS2022-090-0298,LS2024-090-0298,90,VS2022>LS2024,1:1,0.85
VS2022-090-0299,LS2024-090-0299,90,VS2022>LS2024,1:1,0.85
VS2022-090-0300,LS2024-090-0300,90,VS2022>LS2024,1:1,0.85
VS2022-090-0301,LS2024-090-0301,90,VS2022>LS2024,1:1,0.85
VS2022-090-0302,LS2024-090-0302,90,VS2022>LS2024,1:1,0.85
VS2022-090-0303,LS2024-090-0303,90,VS2022>LS2024,1:1,0.85
VS2022-090-0304,LS2024-090-0304,90,VS2022>LS2024,1:1,0.85
VS2022-090-0305,LS2024-090-0305,90,VS2022>LS2024,1:1,0.85
VS2022-090-0306,LS2024-090-0306,90,VS2022>LS2024,1:1,0.85
VS2022-090-0307,LS2024-090-0307,90,VS2022>LS2024,1:1,0.85
VS2022-090-0308,LS2024-090-0308,90,VS2022>LS2024,1:1,0.85
VS2022-090-0309,LS2024-090-0309,90,VS2022>LS2024,1:1,0.85
VS2022-090-0310,LS2024-090-0310,90,VS2022>LS2024,1:1,0.85
VS2022-090-0311,LS2024-090-0311,90,VS2022>LS2024,1:1,0.85
VS2022-090-0312,LS2024-090-0312,90,VS2022>LS2024,1:1,0.85
VS2022-090-0313,LS2024-090-0313,90,VS2022>LS2024,1:1,0.85
VS2022-090-0314,LS2024-090-0314,90,VS2022>LS2024,1:1,0.85
VS2022-090-0315,LS2024-090-0315,90,VS2022>LS2024,1:1,0.85
VS2022-090-0316,LS2024-090-0316,90,VS2022>LS2024,1:1,0.85
VS2022-090-0317,LS2024-090-0317,90,VS2022>LS2024,1:1,0.85
VS2022-090-0318,LS2024-090-0318,90,VS2022>LS2024,1:1,0.85
VS2022-090-0319,LS2024-090-0319,90,VS2022>LS2024,1:1,0.85
VS2022-090-0320,LS2024-090-0320,90,VS2022>LS2024,1:1,0.85
VS2022-090-0321,LS2024-090-0321,90,VS2022>LS2024,1:1,0.85
VS2022-090-0322,LS2024-090-0322,90,VS2022>LS2024,1:1,0.85
VS2022-090-0323,LS2024-090-0323,90,VS2022>LS2024,1:1,0.85
VS2022-090-0324,LS2024-090-0324,90,VS2022>LS2024,1:1,0.85
VS2022-090-0325,LS2024-090-0325,90,VS2022>LS2024,1:1,0.85
VS2022-090-0326,LS2024-090-0326,90,VS2022>LS2024,1:1,0.85
VS2022-090-0327,LS2024-090-0327,90,VS2022>LS2024,1:1,0.85
VS2022-090-0328,LS2024-090-0328,90,VS2022>LS2024,1:1,0.85
VS2022-090-0329,LS2024-090-0329,90,VS2022>LS2024,1:1,0.85
VS2022-090-0330,LS2024-090-0330,90,VS2022>LS2024,1:1,0.85
VS2022-090-0331,LS2024-090-0331,90,VS2022>LS2024,1:1,0.85
VS2022-090-0332,LS2024-090-0332,90,VS2022>LS2024,1:1,0.85
VS2022-090-0333,LS2024-090-0333,90,VS2022>LS2024,1:1,0.85
VS2022-090-0334,LS2024-090-0334,90,VS2022>LS2024,1:1,0.85
VS2022-090-0335,LS2024-090-0335,90,VS2022>LS2024,1:1,0.85
VS2022-090-0336,LS2024-090-0336,90,VS2022>LS2024,1:1,0.85
VS2022-090-0337,LS2024-090-0337,90,VS2022>LS2024,1:1,0.85
VS2022-090-0338,LS2024-090-0338,90,VS2022>LS2024,1:1,0.85
VS2022-090-0339,LS2024-090-0339,90,VS2022>LS2024,1:1,0.85
VS2022-090-0340,LS2024-090-0340,90,VS2022>LS2024,1:1,0.85
VS2022-090-0341,LS2024-090-0341,90,VS2022>LS2024,1:1,0.85
VS2022-090-0342,LS2024-090-0342,90,VS2022>LS2024,1:1,0.85
VS2022-090-0343,LS2024-090-0343,90,VS2022>LS2024,1:1,0.85
VS2022-090-0344,LS2024-090-0344,90,VS2022>LS2024,1:1,0.85
VS2022-090-0345,LS2024-090-0345,90,VS2022>LS2024,1:1,0.85
VS2022-090-0346,LS2024-090-0346,90,VS2022>LS2024,1:1,0.85
VS2022-090-0347,LS2024-090-0347,90,VS2022>LS2024,1:1,0.85
VS2022-090-0348,LS2024-090-0348,90,VS2022>LS2024,1:1,0.85
VS2022-090-0349,LS2024-090-0349,90,VS2022>LS2024,1:1,0.85
VS2022-090-0350,LS2024-090-0350,90,VS2022>LS2024,1:1,0.85
VS2022-090-0351,LS2024-090-0351,90,VS2022>LS2024,1:1,0.85
VS2022-090-0352,LS2024-090-0352,90,VS2022>LS2024,1:1,0.85
VS2022-090-0353,LS2024-090-0353,90,VS2022>LS2024,1:1,0.85
VS2022-090-0354,LS2024-090-0354,90,VS2022>LS2024,1:1,0.85
VS2022-090-0355,LS2024-090-0355,90,VS2022>LS2024,1:1,0.85
VS2022-090-0356,LS2024-090-0356,90,VS2022>LS2024,1:1,0.85
VS2022-090-0357,LS2024-090-0357,90,VS2022>LS2024,1:1,0.85
VS2022-090-0358,LS2024-090-0358,90,VS2022>LS2024,1:1,0.85
VS2022-090-0359,LS2024-090-0359,90,VS2022>LS2024,1:1,0.85
VS2022-090-0360,LS2024-090-0360,90,VS2022>LS2024,1:1,0.85
VS2022-090-0361,LS2024-090-0361,90,VS2022>LS2024,1:1,0.85
VS2022-090-0362,LS2024-090-0362,90,VS2022>LS2024,1:1,0.85
VS2022-090-0363,LS2024-090-0363,90,VS2022>LS2024,1:1,0.85
VS2022-090-0364,LS2024-090-0364,90,VS2022>LS2024,1:1,0.85
VS2022-090-0365,LS2024-090-0365,90,VS2022>LS2024,1:1,0.85
VS2022-090-0366,LS2024-090-0366,90,VS2022>LS2024,1:1,0.85
VS2022-090-0367,LS2024-090-0367,90,VS2022>LS2024,1:1,0.85
VS2022-090-0368,LS2024-090-0368,90,VS2022>LS2024,1:1,0.85
VS2022-090-0369,LS2024-090-0369,90,VS2022>LS2024,1:1,0.85
VS2022-090-0370,LS2024-090-0370,90,VS2022>LS2024,1:1,0.85
VS2022-090-0371,LS2024-090-0371,90,VS2022>LS2024,1:1,0.85
VS2022-090-0372,LS2024-090-0372,90,VS2022>LS2024,1:1,0.85
VS2022-090-0373,LS2024-090-0373,90,VS2022>LS2024,1:1,0.85
VS2022-090-0374,LS2024-090-0374,90,VS2022>LS2024,1:1,0.85
VS2022-090-0375,LS2024-090-0375,90,VS2022>LS2024,1:1,0.85
VS2022-090-0376,LS2024-090-0376,90,VS2022>LS2024,1:1,0.85
VS2022-090-0377,LS2024-090-0377,90,VS2022>LS2024,1:1,0.85
VS2022-090-0378,LS2024-090-0378,90,VS2022>LS2024,1:1,0.85
VS2022-090-0379,LS2024-090-0379,90,VS2022>LS2024,1:1,0.85
VS2022-090-0380,LS2024-090-0380,90,VS2022>LS2024,1:1,0.85
VS2022-090-0381,LS2024-090-0381,90,VS2022>LS2024,1:1,0.85
VS2022-090-0382,LS2024-090-0382,90,VS2022>LS2024,1:1,0.85
VS2022-090-0383,LS2024-090-0383,90,VS2022>LS2024,1:1,0.85
VS2022-090-0384,LS2024-090-0384,90,VS2022>LS2024,1:1,0.85
VS2022-090-0385,LS2024-090-0385,90,VS2022>LS2024,1:1,0.85
VS2022-090-0386,LS2024-090-0386,90,VS2022>LS2024,1:1,0.85
VS2022-090-0387,LS2024-090-0387,90,VS2022>LS2024,1:1,0.85
VS2022-090-0388,LS2024-090-0388,90,VS2022>LS2024,1:1,0.85
VS2022-090-0389,LS2024-090-0389,90,VS2022>LS2024,1:1,0.85
VS2022-090-0390,LS2024-090-0390,90,VS2022>LS2024,1:1,0.85
VS2022-090-0391,LS2024-090-0391,90,VS2022>LS2024,1:1,0.85
VS2022-090-0392,LS2024-090-0392,90,VS2022>LS2024,1:1,0.85
VS2022-090-0393,LS2024-090-0393,90,VS2022>LS2024,1:1,0.85
VS2022-090-0394,LS2024-090-0394,90,VS2022>LS2024,1:1,0.85
VS2022-090-0395,LS2024-090-0395,90,VS2022>LS2024,1:1,0.85
VS2022-090-0396,LS2024-090-0396,90,VS2022>LS2024,1:1,0.85
VS2022-090-0397,LS2024-090-0397,90,VS2022>LS2024,1:1,0.85
VS2022-090-0398,LS2024-090-0398,90,VS2022>LS2024,1:1,0.85
VS2022-090-0399,LS2024-090-0399,90,VS2022>LS2024,1:1,0.85
VS2022-090-0400,LS2024-090-0400,90,VS2022>LS2024,1:1,0.85
VS2022-090-0401,LS2024-090-0401,90,VS2022>LS2024,1:1,0.85
VS2022-090-0402,LS2024-090-0402,90,VS2022>LS2024,1:1,0.85
VS2022-090-0403,LS2024-090-0403,90,VS2022>LS2024,1:1,0.85
VS2022-090-0404,LS2024-090-0404,90,VS2022>LS2024,1:1,0.85
VS2022-090-0405,LS2024-090-0405,90,VS2022>LS2024,1:1,0.85
VS2022-090-0406,LS2024-090-0406,90,VS2022>LS2024,1:1,0.85
VS2022-090-0407,LS2024-090-0407,90,VS2022>LS2024,1:1,0.85
VS2022-090-0408,LS2024-090-0408,90,VS2022>LS2024,1:1,0.85
VS2022-090-0409,LS2024-090-0409,90,VS2022>LS2024,1:1,0.85
VS2022-090-0410,LS2024-090-0410,90,VS2022>LS2024,1:1,0.85
VS2022-090-0411,LS2024-090-0411,90,VS2022>LS2024,1:1,0.85
VS2022-090-0412,LS2024-090-0412,90,VS2022>LS2024,1:1,0.85
VS2022-090-0413,LS2024-090-0413,90,VS2022>LS2024,1:1,0.85
VS2022-090-0414,LS2024-090-0414,90,VS2022>LS2024,1:1,0.85
VS2022-090-0415,LS2024-090-0415,90,VS2022>LS2024,1:1,0.85
VS2022-090-0416,LS2024-090-0416,90,VS2022>LS2024,1:1,0.85
VS2022-090-0417,LS2024-090-0417,90,VS2022>LS2024,1:1,0.85
VS2022-090-0418,LS2024-090-0418,90,VS2022>LS2024,1:1,0.85
VS2022-090-0419,LS2024-090-0419,90,VS2022>LS2024,1:1,0.85
VS2022-090-0420,LS2024-090-0420,90,VS2022>LS2024,1:1,0.85
VS2022-090-0421,LS2024-090-0421,90,VS2022>LS2024,1:1,0.85
VS2022-090-0422,LS2024-090-0422,90,VS2022>LS2024,1:1,0.85
VS2022-090-0423,LS2024-090-0423,90,VS2022>LS2024,1:1,0.85
VS2022-090-0424,LS2024-090-0424,90,VS2022>LS2024,1:1,0.85
VS2022-090-0425,LS2024-090-0425,90,VS2022>LS2024,1:1,0.85
VS2022-090-0426,LS2024-090-0426,90,VS2022>LS2024,1:1,0.85
VS2022-090-0427,LS2024-090-0427,90,VS2022>LS2024,1:1,0.85
VS2022-090-0428,LS2024-090-0428,90,VS2022>LS2024,1:1,0.85
VS2022-090-0429,LS2024-090-0429,90,VS2022>LS2024,1:1,0.85
VS2022-090-0430,LS2024-090-0430,90,VS2022>LS2024,1:1,0.85
VS2022-090-0431,LS2024-090-0431,90,VS2022>LS2024,1:1,0.85
VS2022-090-0432,LS2024-090-0432,90,VS2022>LS2024,1:1,0.85
VS2022-090-0433,LS2024-090-0433,90,VS2022>LS2024,1:1,0.85
VS2022-090-0434,LS2024-090-0434,90,VS2022>LS2024,1:1,0.85
VS2022-090-0435,LS2024-090-0435,90,VS2022>LS2024,1:1,0.85
VS2022-090-0436,LS2024-090-0436,90,VS2022>LS2024,1:1,0.85
VS2022-090-0437,LS2024-090-0437,90,VS2022>LS2024,1:1,0.85
VS2022-090-0438,LS2024-090-0438,90,VS2022>LS2024,1:1,0.85
VS2022-090-0439,LS2024-090-0439,90,VS2022>LS2024,1:1,0.85
VS2022-090-0440,LS2024-090-0440,90,VS2022>LS2024,1:1,0.85
VS2022-090-0441,LS2024-090-0441,90,VS2022>LS2024,1:1,0.85
VS2022-090-0442,LS2024-090-0442,90,VS2022>LS2024,1:1,0.85
VS2022-090-0443,LS2024-090-0443,90,VS2022>LS2024,1:1,0.85
VS2022-090-0444,LS2024-090-0444,90,VS2022>LS2024,1:1,0.85
VS2022-090-0445,LS2024-090-0445,90,VS2022>LS2024,1:1,0.85
VS2022-090-0446,LS2024-090-0446,90,VS2022>LS2024,1:1,0.85
VS2022-090-0447,LS2024-090-0447,90,VS2022>LS2024,1:1,0.85
VS2022-090-0448,LS2024-090-0448,90,VS2022>LS2024,1:1,0.85
VS2022-091-0001,LS2024-091-0001,91,VS2022>LS2024,1:1,0.85
VS2022-091-0002,LS2024-091-0002,91,VS2022>LS2024,1:1,0.85
VS2022-091-0003,LS2024-091-0003,91,VS2022>LS2024,1:1,0.85
VS2022-091-0004,LS2024-091-0004,91,VS2022>LS2024,1:1,0.85
VS2022-091-0005,LS2024-091-0005,91,VS2022>LS2024,1:1,0.85
VS2022-091-0006,LS2024-091-0006,91,VS2022>LS2024,1:1,0.85
VS2022-091-0007,LS2024-091-0007,91,VS2022>LS2024,1:1,0.85
VS2022-091-0008,LS2024-091-0008,91,VS2022>LS2024,1:1,0.85
VS2022-091-0009,LS2024-091-0009,91,VS2022>LS2024,1:1,0.85
VS2022-091-0010,LS2024-091-0010,91,VS2022>LS2024,1:1,0.85
VS2022-091-0011,LS2024-091-0011,91,VS2022>LS2024,1:1,0.85
VS2022-091-0012,LS2024-091-0012,91,VS2022>LS2024,1:1,0.85
VS2022-091-0013,LS2024-091-0013,91,VS2022>LS2024,1:1,0.85
VS2022-091-0014,LS2024-091-0014,91,VS2022>LS2024,1:1,0.85
VS2022-091-0015,LS2024-091-0015,91,VS2022>LS2024,1:1,0.85
VS2022-091-0016,LS2024-091-0016,91,VS2022>LS2024,1:1,0.85
VS2022-091-0017,LS2024-091-0017,91,VS2022>LS2024,1:1,0.85
VS2022-091-0018,LS2024-091-0018,91,VS2022>LS2024,1:1,0.85
VS2022-091-0019,LS2024-091-0019,91,VS2022>LS2024,1:1,0.85
VS2022-091-0020,LS2024-091-0020,91,VS2022>LS2024,1:1,0.85
VS2022-091-0021,LS2024-091-0021,91,VS2022>LS2024,1:1,0.85
VS2022-091-0022,LS2024-091-0022,91,VS2022>LS2024,1:1,0.85
VS2022-091-0023,LS2024-091-0023,91,VS2022>LS2024,1:1,0.85
VS2022-091-0024,LS2024-091-0024,91,VS2022>LS2024,1:1,0.85
VS2022-091-0025,LS2024-091-0025,91,VS2022>LS2024,1:1,0.85
VS2022-091-0026,LS2024-091-0026,91,VS2022>LS2024,1:1,0.85
VS2022-091-0027,LS2024-091-0027,91,VS2022>LS2024,1:1,0.85
VS2022-091-0028,LS2024-091-0028,91,VS2022>LS2024,1:1,0.85
VS2022-091-0029,LS2024-091-0029,91,VS2022>LS2024,1:1,0.85
VS2022-091-0030,LS2024-091-0030,91,VS2022>LS2024,1:1,0.85
VS2022-091-0031,LS2024-091-0031,91,VS2022>LS2024,1:1,0.85
VS2022-091-0032,LS2024-091-0032,91,VS2022>LS2024,1:1,0.85
VS2022-091-0033,LS2024-091-0033,91,VS2022>LS2024,1:1,0.85
VS2022-091-0034,LS2024-091-0034,91,VS2022>LS2024,1:1,0.85
VS2022-091-0035,LS2024-091-0035,91,VS2022>LS2024,1:1,0.85
VS2022-091-0036,LS2024-091-0036,91,VS2022>LS2024,1:1,0.85
VS2022-091-0037,LS2024-091-0037,91,VS2022>LS2024,1:1,0.85
VS2022-091-0038,LS2024-091-0038,91,VS2022>LS2024,1:1,0.85
VS2022-091-0039,LS2024-091-0039,91,VS2022>LS2024,1:1,0.85
VS2022-091-0040,LS2024-091-0040,91,VS2022>LS2024,1:1,0.85
VS2022-091-0041,LS2024-091-0041,91,VS2022>LS2024,1:1,0.85
VS2022-091-0042,LS2024-091-0042,91,VS2022>LS2024,1:1,0.85
VS2022-091-0043,LS2024-091-0043,91,VS2022>LS2024,1:1,0.85
VS2022-091-0044,LS2024-091-0044,91,VS2022>LS2024,1:1,0.85
VS2022-091-0045,LS2024-091-0045,91,VS2022>LS2024,1:1,0.85
VS2022-091-0046,LS2024-091-0046,91,VS2022>LS2024,1:1,0.85
VS2022-091-0047,LS2024-091-0047,91,VS2022>LS2024,1:1,0.85
VS2022-091-0048,LS2024-091-0048,91,VS2022>LS2024,1:1,0.85
VS2022-091-0049,LS2024-091-0049,91,VS2022>LS2024,1:1,0.85
VS2022-091-0050,LS2024-091-0050,91,VS2022>LS2024,1:1,0.85
VS2022-091-0051,LS2024-091-0051,91,VS2022>LS2024,1:1,0.85
VS2022-091-0052,LS2024-091-0052,91,VS2022>LS2024,1:1,0.85
VS2022-091-0053,LS2024-091-0053,91,VS2022>LS2024,1:1,0.85
VS2022-091-0054,LS2024-091-0054,91,VS2022>LS2024,1:1,0.85
VS2022-091-0055,LS2024-091-0055,91,VS2022>LS2024,1:1,0.85
VS2022-091-0056,LS2024-091-0056,91,VS2022>LS2024,1:1,0.85
VS2022-091-0057,LS2024-091-0057,91,VS2022>LS2024,1:1,0.85
VS2022-091-0058,LS2024-091-0058,91,VS2022>LS2024,1:1,0.85
VS2022-091-0059,LS2024-091-0059,91,VS2022>LS2024,1:1,0.85
VS2022-091-0060,LS2024-091-0060,91,VS2022>LS2024,1:1,0.85
VS2022-091-0061,LS2024-091-0061,91,VS2022>LS2024,1:1,0.85
VS2022-091-0062,LS2024-091-0062,91,VS2022>LS2024,1:1,0.85
VS2022-091-0063,LS2024-091-0063,91,VS2022>LS2024,1:1,0.85
VS2022-091-0064,LS2024-091-0064,91,VS2022>LS2024,1:1,0.85
VS2022-091-0065,LS2024-091-0065,91,VS2022>LS2024,1:1,0.85
VS2022-091-0066,LS2024-091-0066,91,VS2022>LS2024,1:1,0.85
VS2022-091-0067,LS2024-091-0067,91,VS2022>LS2024,1:1,0.85
VS2022-091-0068,LS2024-091-0068,91,VS2022>LS2024,1:1,0.85
VS2022-091-0069,LS2024-091-0069,91,VS2022>LS2024,1:1,0.85
VS2022-091-0070,LS2024-091-0070,91,VS2022>LS2024,1:1,0.85
VS2022-091-0071,LS2024-091-0071,91,VS2022>LS2024,1:1,0.85
VS2022-091-0072,LS2024-091-0072,91,VS2022>LS2024,1:1,0.85
VS2022-091-0073,LS2024-091-0073,91,VS2022>LS2024,1:1,0.85
VS2022-091-0074,LS2024-091-0074,91,VS2022>LS2024,1:1,0.85
VS2022-091-0075,LS2024-091-0075,91,VS2022>LS2024,1:1,0.85
VS2022-091-0076,LS2024-091-0076,91,VS2022>LS2024,1:1,0.85
VS2022-091-0077,LS2024-091-0077,91,VS2022>LS2024,1:1,0.85
VS2022-091-0078,LS2024-091-0078,91,VS2022>LS2024,1:1,0.85
VS2022-091-0079,LS2024-091-0079,91,VS2022>LS2024,1:1,0.85
VS2022-091-0080,LS2024-091-0080,91,VS2022>LS2024,1:1,0.85
VS2022-091-0081,LS2024-091-0081,91,VS2022>LS2024,1:1,0.85
VS2022-091-0082,LS2024-091-0082,91,VS2022>LS2024,1:1,0.85
VS2022-091-0083,LS2024-091-0083,91,VS2022>LS2024,1:1,0.85
VS2022-091-0084,LS2024-091-0084,91,VS2022>LS2024,1:1,0.85
VS2022-091-0085,LS2024-091-0085,91,VS2022>LS2024,1:1,0.85
VS2022-091-0086,LS2024-091-0086,91,VS2022>LS2024,1:1,0.85
VS2022-091-0087,LS2024-091-0087,91,VS2022>LS2024,1:1,0.85
VS2022-091-0088,LS2024-091-0088,91,VS2022>LS2024,1:1,0.85
VS2022-091-0089,LS2024-091-0089,91,VS2022>LS2024,1:1,0.85
VS2022-091-0090,LS2024-091-0090,91,VS2022>LS2024,1:1,0.85
VS2022-091-0091,LS2024-091-0091,91,VS2022>LS2024,1:1,0.85
VS2022-091-0092,LS2024-091-0092,91,VS2022>LS2024,1:1,0.85
VS2022-091-0093,LS2024-091-0093,91,VS2022>LS2024,1:1,0.85
VS2022-091-0094,LS2024-091-0094,91,VS2022>LS2024,1:1,0.85
VS2022-091-0095,LS2024-091-0095,91,VS2022>LS2024,1:1,0.85
VS2022-091-0096,LS2024-091-0096,91,VS2022>LS2024,1:1,0.85
VS2022-091-0097,LS2024-091-0097,91,VS2022>LS2024,1:1,0.85
VS2022-091-0098,LS2024-091-0098,91,VS2022>LS2024,1:1,0.85
VS2022-091-0099,LS2024-091-0099,91,VS2022>LS2024,1:1,0.85
VS2022-091-0100,LS2024-091-0100,91,VS2022>LS2024,1:1,0.85
VS2022-091-0101,LS2024-091-0101,91,VS2022>LS2024,1:1,0.85
VS2022-091-0102,LS2024-091-0102,91,VS2022>LS2024,1:1,0.85
VS2022-091-0103,LS2024-091-0103,91,VS2022>LS2024,1:1,0.85
VS2022-091-0104,LS2024-091-0104,91,VS2022>LS2024,1:1,0.85
VS2022-091-0105,LS2024-091-0105,91,VS2022>LS2024,1:1,0.85
VS2022-091-0106,LS2024-091-0106,91,VS2022>LS2024,1:1,0.85
VS2022-091-0107,LS2024-091-0107,91,VS2022>LS2024,1:1,0.85
VS2022-091-0108,LS2024-091-0108,91,VS2022>LS2024,1:1,0.85
VS2022-091-0109,LS2024-091-0109,91,VS2022>LS2024,1:1,0.85
VS2022-091-0110,LS2024-091-0110,91,VS2022>LS2024,1:1,0.85
VS2022-091-0111,LS2024-091-0111,91,VS2022>LS2024,1:1,0.85
VS2022-091-0112,LS2024-091-0112,91,VS2022>LS2024,1:1,0.85
VS2022-091-0113,LS2024-091-0113,91,VS2022>LS2024,1:1,0.85
VS2022-091-0114,LS2024-091-0114,91,VS2022>LS2024,1:1,0.85
VS2022-091-0115,LS2024-091-0115,91,VS2022>LS2024,1:1,0.85
VS2022-091-0116,LS2024-091-0116,91,VS2022>LS2024,1:1,0.85
VS2022-091-0117,LS2024-091-0117,91,VS2022>LS2024,1:1,0.85
VS2022-091-0118,LS2024-091-0118,91,VS2022>LS2024,1:1,0.85
VS2022-091-0119,LS2024-091-0119,91,VS2022>LS2024,1:1,0.85
VS2022-091-0120,LS2024-091-0120,91,VS2022>LS2024,1:1,0.85
VS2022-091-0121,LS2024-091-0121,91,VS2022>LS2024,1:1,0.85
VS2022-091-0122,LS2024-091-0122,91,VS2022>LS2024,1:1,0.85
VS2022-091-0123,LS2024-091-0123,91,VS2022>LS2024,1:1,0.85
VS2022-091-0124,LS2024-091-0124,91,VS2022>LS2024,1:1,0.85
VS2022-091-0125,LS2024-091-0125,91,VS2022>LS2024,1:1,0.85
VS2022-091-0126,LS2024-091-0126,91,VS2022>LS2024,1:1,0.85
VS2022-091-0127,LS2024-091-0127,91,VS2022>LS2024,1:1,0.85
VS2022-091-0128,LS2024-091-0128,91,VS2022>LS2024,1:1,0.85
VS2022-091-0129,LS2024-091-0129,91,VS2022>LS2024,1:1,0.85
VS2022-091-0130,LS2024-091-0130,91,VS2022>LS2024,1:1,0.85
VS2022-091-0131,LS2024-091-0131,91,VS2022>LS2024,1:1,0.85
VS2022-091-0132,LS2024-091-0132,91,VS2022>LS2024,1:1,0.85
VS2022-091-0133,LS2024-091-0133,91,VS2022>LS2024,1:1,0.85
VS2022-091-0134,LS2024-091-0134,91,VS2022>LS2024,1:1,0.85
VS2022-091-0135,LS2024-091-0135,91,VS2022>LS2024,1:1,0.85
VS2022-091-0136,LS2024-091-0136,91,VS2022>LS2024,1:1,0.85
VS2022-091-0137,LS2024-091-0137,91,VS2022>LS2024,1:1,0.85
VS2022-091-0138,LS2024-091-0138,91,VS2022>LS2024,1:1,0.85
VS2022-091-0139,LS2024-091-0139,91,VS2022>LS2024,1:1,0.85
VS2022-091-0140,LS2024-091-0140,91,VS2022>LS2024,1:1,0.85
VS2022-091-0141,LS2024-091-0141,91,VS2022>LS2024,1:1,0.85
VS2022-091-0142,LS2024-091-0142,91,VS2022>LS2024,1:1,0.85
VS2022-091-0143,LS2024-091-0143,91,VS2022>LS2024,1:1,0.85
VS2022-091-0144,LS2024-091-0144,91,VS2022>LS2024,1:1,0.85
VS2022-091-0145,LS2024-091-0145,91,VS2022>LS2024,1:1,0.85
VS2022-091-0146,LS2024-091-0146,91,VS2022>LS2024,1:1,0.85
VS2022-091-0147,LS2024-091-0147,91,VS2022>LS2024,1:1,0.85
VS2022-091-0148,LS2024-091-0148,91,VS2022>LS2024,1:1,0.85
VS2022-091-0149,LS2024-091-0149,91,VS2022>LS2024,1:1,0.85
VS2022-091-0150,LS2024-091-0150,91,VS2022>LS2024,1:1,0.85
VS2022-091-0151,LS2024-091-0151,91,VS2022>LS2024,1:1,0.85
VS2022-091-0152,LS2024-091-0152,91,VS2022>LS2024,1:1,0.85
VS2022-091-0153,LS2024-091-0153,91,VS2022>LS2024,1:1,0.85
VS2022-091-0154,LS2024-091-0154,91,VS2022>LS2024,1:1,0.85
VS2022-091-0155,LS2024-091-0155,91,VS2022>LS2024,1:1,0.85
VS2022-091-0156,LS2024-091-0156,91,VS2022>LS2024,1:1,0.85
VS2022-091-0157,LS2024-091-0157,91,VS2022>LS2024,1:1,0.85
VS2022-091-0158,LS2024-091-0158,91,VS2022>LS2024,1:1,0.85
VS2022-091-0159,LS2024-091-0159,91,VS2022>LS2024,1:1,0.85
VS2022-091-0160,LS2024-091-0160,91,VS2022>LS2024,1:1,0.85
VS2022-091-0161,LS2024-091-0161,91,VS2022>LS2024,1:1,0.85
VS2022-091-0162,LS2024-091-0162,91,VS2022>LS2024,1:1,0.85
VS2022-091-0163,LS2024-091-0163,91,VS2022>LS2024,1:1,0.85
VS2022-091-0164,LS2024-091-0164,91,VS2022>LS2024,1:1,0.85
VS2022-091-0165,LS2024-091-0165,91,VS2022>LS2024,1:1,0.85
VS2022-091-0166,LS2024-091-0166,91,VS2022>LS2024,1:1,0.85
VS2022-091-0167,LS2024-091-0167,91,VS2022>LS2024,1:1,0.85
VS2022-091-0168,LS2024-091-0168,91,VS2022>LS2024,1:1,0.85
VS2022-091-0169,LS2024-091-0169,91,VS2022>LS2024,1:1,0.85
VS2022-091-0170,LS2024-091-0170,91,VS2022>LS2024,1:1,0.85
VS2022-091-0171,LS2024-091-0171,91,VS2022>LS2024,1:1,0.85
VS2022-091-0172,LS2024-091-0172,91,VS2022>LS2024,1:1,0.85
VS2022-091-0173,LS2024-091-0173,91,VS2022>LS2024,1:1,0.85
VS2022-091-0174,LS2024-091-0174,91,VS2022>LS2024,1:1,0.85
VS2022-091-0175,LS2024-091-0175,91,VS2022>LS2024,1:1,0.85
VS2022-091-0176,LS2024-091-0176,91,VS2022>LS2024,1:1,0.85
VS2022-091-0177,LS2024-091-0177,91,VS2022>LS2024,1:1,0.85
VS2022-091-0178,LS2024-091-0178,91,VS2022>LS2024,1:1,0.85
VS2022-091-0179,LS2024-091-0179,91,VS2022>LS2024,1:1,0.85
VS2022-091-0180,LS2024-091-0180,91,VS2022>LS2024,1:1,0.85
VS2022-091-0181,LS2024-091-0181,91,VS2022>LS2024,1:1,0.85
VS2022-091-0182,LS2024-091-0182,91,VS2022>LS2024,1:1,0.85
VS2022-091-0183,LS2024-091-0183,91,VS2022>LS2024,1:1,0.85
VS2022-091-0184,LS2024-091-0184,91,VS2022>LS2024,1:1,0.85
VS2022-091-0185,LS2024-091-0185,91,VS2022>LS2024,1:1,0.85
VS2022-091-0186,LS2024-091-0186,91,VS2022>LS2024,1:1,0.85
VS2022-091-0187,LS2024-091-0187,91,VS2022>LS2024,1:1,0.85
VS2022-091-0188,LS2024-091-0188,91,VS2022>LS2024,1:1,0.85
VS2022-091-0189,LS2024-091-0189,91,VS2022>LS2024,1:1,0.85
VS2022-091-0190,LS2024-091-0190,91,VS2022>LS2024,1:1,0.85
VS2022-091-0191,LS2024-091-0191,91,VS2022>LS2024,1:1,0.85
VS2022-091-0192,LS2024-091-0192,91,VS2022>LS2024,1:1,0.85
VS2022-091-0193,LS2024-091-0193,91,VS2022>LS2024,1:1,0.85
VS2022-091-0194,LS2024-091-0194,91,VS2022>LS2024,1:1,0.85
VS2022-091-0195,LS2024-091-0195,91,VS2022>LS2024,1:1,0.85
VS2022-091-0196,LS2024-091-0196,91,VS2022>LS2024,1:1,0.85
VS2022-091-0197,LS2024-091-0197,91,VS2022>LS2024,1:1,0.85
VS2022-091-0198,LS2024-091-0198,91,VS2022>LS2024,1:1,0.85
VS2022-091-0199,LS2024-091-0199,91,VS2022>LS2024,1:1,0.85
VS2022-091-0200,LS2024-091-0200,91,VS2022>LS2024,1:1,0.85
VS2022-091-0201,LS2024-091-0201,91,VS2022>LS2024,1:1,0.85
VS2022-091-0202,LS2024-091-0202,91,VS2022>LS2024,1:1,0.85
VS2022-091-0203,LS2024-091-0203,91,VS2022>LS2024,1:1,0.85
VS2022-091-0204,LS2024-091-0204,91,VS2022>LS2024,1:1,0.85
VS2022-091-0205,LS2024-091-0205,91,VS2022>LS2024,1:1,0.85
VS2022-091-0206,LS2024-091-0206,91,VS2022>LS2024,1:1,0.85
VS2022-091-0207,LS2024-091-0207,91,VS2022>LS2024,1:1,0.85
VS2022-091-0208,LS2024-091-0208,91,VS2022>LS2024,1:1,0.85
VS2022-091-0209,LS2024-091-0209,91,VS2022>LS2024,1:1,0.85
VS2022-091-0210,LS2024-091-0210,91,VS2022>LS2024,1:1,0.85
VS2022-091-0211,LS2024-091-0211,91,VS2022>LS2024,1:1,0.85
VS2022-091-0212,LS2024-091-0212,91,VS2022>LS2024,1:1,0.85
VS2022-091-0213,LS2024-091-0213,91,VS2022>LS2024,1:1,0.85
VS2022-091-0214,LS2024-091-0214,91,VS2022>LS2024,1:1,0.85
VS2022-091-0215,LS2024-091-0215,91,VS2022>LS2024,1:1,0.85
VS2022-091-0216,LS2024-091-0216,91,VS2022>LS2024,1:1,0.85
VS2022-091-0217,LS2024-091-0217,91,VS2022>LS2024,1:1,0.85
VS2022-091-0218,LS2024-091-0218,91,VS2022>LS2024,1:1,0.85
VS2022-091-0219,LS2024-091-0219,91,VS2022>LS2024,1:1,0.85
VS2022-091-0220,LS2024-091-0220,91,VS2022>LS2024,1:1,0.85
VS2022-091-0221,LS2024-091-0221,91,VS2022>LS2024,1:1,0.85
VS2022-091-0222,LS2024-091-0222,91,VS2022>LS2024,1:1,0.85
VS2022-091-0223,LS2024-091-0223,91,VS2022>LS2024,1:1,0.85
VS2022-091-0224,LS2024-091-0224,91,VS2022>LS2024,1:1,0.85
VS2022-091-0225,LS2024-091-0225,91,VS2022>LS2024,1:1,0.85
VS2022-091-0226,LS2024-091-0226,91,VS2022>LS2024,1:1,0.85
VS2022-091-0227,LS2024-091-0227,91,VS2022>LS2024,1:1,0.85
VS2022-091-0228,LS2024-091-0228,91,VS2022>LS2024,1:1,0.85
VS2022-091-0229,LS2024-091-0229,91,VS2022>LS2024,1:1,0.85
VS2022-091-0230,LS2024-091-0230,91,VS2022>LS2024,1:1,0.85
VS2022-091-0231,LS2024-091-0231,91,VS2022>LS2024,1:1,0.85
VS2022-091-0232,LS2024-091-0232,91,VS2022>LS2024,1:1,0.85
VS2022-091-0233,LS2024-091-0233,91,VS2022>LS2024,1:1,0.85
VS2022-091-0234,LS2024-091-0234,91,VS2022>LS2024,1:1,0.85
VS2022-091-0235,LS2024-091-0235,91,VS2022>LS2024,1:1,0.85
VS2022-091-0236,LS2024-091-0236,91,VS2022>LS2024,1:1,0.85
VS2022-091-0237,LS2024-091-0237,91,VS2022>LS2024,1:1,0.85
VS2022-091-0238,LS2024-091-0238,91,VS2022>LS2024,1:1,0.85
VS2022-091-0239,LS2024-091-0239,91,VS2022>LS2024,1:1,0.85
VS2022-091-0240,LS2024-091-0240,91,VS2022>LS2024,1:1,0.85
VS2022-091-0241,LS2024-091-0241,91,VS2022>LS2024,1:1,0.85
VS2022-091-0242,LS2024-091-0242,91,VS2022>LS2024,1:1,0.85
VS2022-091-0243,LS2024-091-0243,91,VS2022>LS2024,1:1,0.85
VS2022-091-0244,LS2024-091-0244,91,VS2022>LS2024,1:1,0.85
VS2022-091-0245,LS2024-091-0245,91,VS2022>LS2024,1:1,0.85
VS2022-091-0246,LS2024-091-0246,91,VS2022>LS2024,1:1,0.85
VS2022-091-0247,LS2024-091-0247,91,VS2022>LS2024,1:1,0.85
VS2022-091-0248,LS2024-091-0248,91,VS2022>LS2024,1:1,0.85
VS2022-091-0249,LS2024-091-0249,91,VS2022>LS2024,1:1,0.85
VS2022-091-0250,LS2024-091-0250,91,VS2022>LS2024,1:1,0.85
VS2022-091-0251,LS2024-091-0251,91,VS2022>LS2024,1:1,0.85
VS2022-091-0252,LS2024-091-0252,91,VS2022>LS2024,1:1,0.85
VS2022-091-0253,LS2024-091-0253,91,VS2022>LS2024,1:1,0.85
VS2022-091-0254,LS2024-091-0254,91,VS2022>LS2024,1:1,0.85
VS2022-091-0255,LS2024-091-0255,91,VS2022>LS2024,1:1,0.85
VS2022-091-0256,LS2024-091-0256,91,VS2022>LS2024,1:1,0.85
VS2022-091-0257,LS2024-091-0257,91,VS2022>LS2024,1:1,0.85
VS2022-091-0258,LS2024-091-0258,91,VS2022>LS2024,1:1,0.85
VS2022-091-0259,LS2024-091-0259,91,VS2022>LS2024,1:1,0.85
VS2022-091-0260,LS2024-091-0260,91,VS2022>LS2024,1:1,0.85
VS2022-091-0261,LS2024-091-0261,91,VS2022>LS2024,1:1,0.85
VS2022-091-0262,LS2024-091-0262,91,VS2022>LS2024,1:1,0.85
VS2022-091-0263,LS2024-091-0263,91,VS2022>LS2024,1:1,0.85
VS2022-091-0264,LS2024-091-0264,91,VS2022>LS2024,1:1,0.85
VS2022-091-0265,LS2024-091-0265,91,VS2022>LS2024,1:1,0.85
VS2022-091-0266,LS2024-091-0266,91,VS2022>LS2024,1:1,0.85
VS2022-091-0267,LS2024-091-0267,91,VS2022>LS2024,1:1,0.85
VS2022-091-0268,LS2024-091-0268,91,VS2022>LS2024,1:1,0.85
VS2022-091-0269,LS2024-091-0269,91,VS2022>LS2024,1:1,0.85
VS2022-091-0270,LS2024-091-0270,91,VS2022>LS2024,1:1,0.85
VS2022-091-0271,LS2024-091-0271,91,VS2022>LS2024,1:1,0.85
VS2022-091-0272,LS2024-091-0272,91,VS2022>LS2024,1:1,0.85
VS2022-091-0273,LS2024-091-0273,91,VS2022>LS2024,1:1,0.85
VS2022-091-0274,LS2024-091-0274,91,VS2022>LS2024,1:1,0.85
VS2022-091-0275,LS2024-091-0275,91,VS2022>LS2024,1:1,0.85
VS2022-091-0276,LS2024-091-0276,91,VS2022>LS2024,1:1,0.85
VS2022-091-0277,LS2024-091-0277,91,VS2022>LS2024,1:1,0.85
VS2022-091-0278,LS2024-091-0278,91,VS2022>LS2024,1:1,0.85
VS2022-091-0279,LS2024-091-0279,91,VS2022>LS2024,1:1,0.85
VS2022-091-0280,LS2024-091-0280,91,VS2022>LS2024,1:1,0.85
VS2022-091-0281,LS2024-091-0281,91,VS2022>LS2024,1:1,0.85
VS2022-091-0282,LS2024-091-0282,91,VS2022>LS2024,1:1,0.85
VS2022-091-0283,LS2024-091-0283,91,VS2022>LS2024,1:1,0.85
VS2022-091-0284,LS2024-091-0284,91,VS2022>LS2024,1:1,0.85
VS2022-091-0285,LS2024-091-0285,91,VS2022>LS2024,1:1,0.85
VS2022-091-0286,LS2024-091-0286,91,VS2022>LS2024,1:1,0.85
VS2022-091-0287,LS2024-091-0287,91,VS2022>LS2024,1:1,0.85
VS2022-091-0288,LS2024-091-0288,91,VS2022>LS2024,1:1,0.85
VS2022-091-0289,LS2024-091-0289,91,VS2022>LS2024,1:1,0.85
VS2022-091-0290,LS2024-091-0290,91,VS2022>LS2024,1:1,0.85
VS2022-091-0291,LS2024-091-0291,91,VS2022>LS2024,1:1,0.85
VS2022-091-0292,LS2024-091-0292,91,VS2022>LS2024,1:1,0.85
VS2022-091-0293,LS2024-091-0293,91,VS2022>LS2024,1:1,0.85
VS2022-091-0294,LS2024-091-0294,91,VS2022>LS2024,1:1,0.85
VS2022-091-0295,LS2024-091-0295,91,VS2022>LS2024,1:1,0.85
VS2022-091-0296,LS2024-091-0296,91,VS2022>LS2024,1:1,0.85
VS2022-091-0297,LS2024-091-0297,91,VS2022>LS2024,1:1,0.85
VS2022-091-0298,LS2024-091-0298,91,VS2022>LS2024,1:1,0.85
VS2022-091-0299,LS2024-091-0299,91,VS2022>LS2024,1:1,0.85
VS2022-091-0300,LS2024-091-0300,91,VS2022>LS2024,1:1,0.85
VS2022-091-0301,LS2024-091-0301,91,VS2022>LS2024,1:1,0.85
VS2022-091-0302,LS2024-091-0302,91,VS2022>LS2024,1:1,0.85
VS2022-091-0303,LS2024-091-0303,91,VS2022>LS2024,1:1,0.85
VS2022-091-0304,LS2024-091-0304,91,VS2022>LS2024,1:1,0.85
VS2022-091-0305,LS2024-091-0305,91,VS2022>LS2024,1:1,0.85
VS2022-091-0306,LS2024-091-0306,91,VS2022>LS2024,1:1,0.85
VS2022-091-0307,LS2024-091-0307,91,VS2022>LS2024,1:1,0.85
VS2022-091-0308,LS2024-091-0308,91,VS2022>LS2024,1:1,0.85
VS2022-091-0309,LS2024-091-0309,91,VS2022>LS2024,1:1,0.85
VS2022-091-0310,LS2024-091-0310,91,VS2022>LS2024,1:1,0.85
VS2022-091-0311,LS2024-091-0311,91,VS2022>LS2024,1:1,0.85
VS2022-091-0312,LS2024-091-0312,91,VS2022>LS2024,1:1,0.85
VS2022-091-0313,LS2024-091-0313,91,VS2022>LS2024,1:1,0.85
VS2022-091-0314,LS2024-091-0314,91,VS2022>LS2024,1:1,0.85
VS2022-091-0315,LS2024-091-0315,91,VS2022>LS2024,1:1,0.85
VS2022-091-0316,LS2024-091-0316,91,VS2022>LS2024,1:1,0.85
VS2022-091-0317,LS2024-091-0317,91,VS2022>LS2024,1:1,0.85
VS2022-091-0318,LS2024-091-0318,91,VS2022>LS2024,1:1,0.85
VS2022-091-0319,LS2024-091-0319,91,VS2022>LS2024,1:1,0.85
VS2022-091-0320,LS2024-091-0320,91,VS2022>LS2024,1:1,0.85
VS2022-091-0321,LS2024-091-0321,91,VS2022>LS2024,1:1,0.85
VS2022-091-0322,LS2024-091-0322,91,VS2022>LS2024,1:1,0.85
VS2022-091-0323,LS2024-091-0323,91,VS2022>LS2024,1:1,0.85
VS2022-091-0324,LS2024-091-0324,91,VS2022>LS2024,1:1,0.85
VS2022-091-0325,LS2024-091-0325,91,VS2022>LS2024,1:1,0.85
VS2022-091-0326,LS2024-091-0326,91,VS2022>LS2024,1:1,0.85
VS2022-091-0327,LS2024-091-0327,91,VS2022>LS2024,1:1,0.85
VS2022-091-0328,LS2024-091-0328,91,VS2022>LS2024,1:1,0.85
VS2022-091-0329,LS2024-091-0329,91,VS2022>LS2024,1:1,0.85
VS2022-091-0330,LS2024-091-0330,91,VS2022>LS2024,1:1,0.85
VS2022-091-0331,LS2024-091-0331,91,VS2022>LS2024,1:1,0.85
VS2022-091-0332,LS2024-091-0332,91,VS2022>LS2024,1:1,0.85
VS2022-091-0333,LS2024-091-0333,91,VS2022>LS2024,1:1,0.85
VS2022-091-0334,LS2024-091-0334,91,VS2022>LS2024,1:1,0.85
VS2022-091-0335,LS2024-091-0335,91,VS2022>LS2024,1:1,0.85
VS2022-091-0336,LS2024-091-0336,91,VS2022>LS2024,1:1,0.85
VS2022-091-0337,LS2024-091-0337,91,VS2022>LS2024,1:1,0.85
VS2022-091-0338,LS2024-091-0338,91,VS2022>LS2024,1:1,0.85
VS2022-091-0339,LS2024-091-0339,91,VS2022>LS2024,1:1,0.85
VS2022-091-0340,LS2024-091-0340,91,VS2022>LS2024,1:1,0.85
VS2022-091-0341,LS2024-091-0341,91,VS2022>LS2024,1:1,0.85
VS2022-091-0342,LS2024-091-0342,91,VS2022>LS2024,1:1,0.85
VS2022-091-0343,LS2024-091-0343,91,VS2022>LS2024,1:1,0.85
VS2022-091-0344,LS2024-091-0344,91,VS2022>LS2024,1:1,0.85
VS2022-091-0345,LS2024-091-0345,91,VS2022>LS2024,1:1,0.85
VS2022-091-0346,LS2024-091-0346,91,VS2022>LS2024,1:1,0.85
VS2022-091-0347,LS2024-091-0347,91,VS2022>LS2024,1:1,0.85
VS2022-091-0348,LS2024-091-0348,91,VS2022>LS2024,1:1,0.85
VS2022-091-0349,LS2024-091-0349,91,VS2022>LS2024,1:1,0.85
VS2022-091-0350,LS2024-091-0350,91,VS2022>LS2024,1:1,0.85
VS2022-091-0351,LS2024-091-0351,91,VS2022>LS2024,1:1,0.85
VS2022-091-0352,LS2024-091-0352,91,VS2022>LS2024,1:1,0.85
VS2022-091-0353,LS2024-091-0353,91,VS2022>LS2024,1:1,0.85
VS2022-091-0354,LS2024-091-0354,91,VS2022>LS2024,1:1,0.85
VS2022-091-0355,LS2024-091-0355,91,VS2022>LS2024,1:1,0.85
VS2022-091-0356,LS2024-091-0356,91,VS2022>LS2024,1:1,0.85
VS2022-091-0357,LS2024-091-0357,91,VS2022>LS2024,1:1,0.85
VS2022-091-0358,LS2024-091-0358,91,VS2022>LS2024,1:1,0.85
VS2022-091-0359,LS2024-091-0359,91,VS2022>LS2024,1:1,0.85
VS2022-091-0360,LS2024-091-0360,91,VS2022>LS2024,1:1,0.85
VS2022-091-0361,LS2024-091-0361,91,VS2022>LS2024,1:1,0.85
VS2022-091-0362,LS2024-091-0362,91,VS2022>LS2024,1:1,0.85
VS2022-091-0363,LS2024-091-0363,91,VS2022>LS2024,1:1,0.85
VS2022-091-0364,LS2024-091-0364,91,VS2022>LS2024,1:1,0.85
VS2022-091-0365,LS2024-091-0365,91,VS2022>LS2024,1:1,0.85
VS2022-091-0366,LS2024-091-0366,91,VS2022>LS2024,1:1,0.85
VS2022-091-0367,LS2024-091-0367,91,VS2022>LS2024,1:1,0.85
VS2022-091-0368,LS2024-091-0368,91,VS2022>LS2024,1:1,0.85
VS2022-091-0369,LS2024-091-0369,91,VS2022>LS2024,1:1,0.85
VS2022-091-0370,LS2024-091-0370,91,VS2022>LS2024,1:1,0.85
VS2022-091-0371,LS2024-091-0371,91,VS2022>LS2024,1:1,0.85
VS2022-091-0372,LS2024-091-0372,91,VS2022>LS2024,1:1,0.85
VS2022-091-0373,LS2024-091-0373,91,VS2022>LS2024,1:1,0.85
VS2022-091-0374,LS2024-091-0374,91,VS2022>LS2024,1:1,0.85
VS2022-091-0375,LS2024-091-0375,91,VS2022>LS2024,1:1,0.85
VS2022-091-0376,LS2024-091-0376,91,VS2022>LS2024,1:1,0.85
VS2022-091-0377,LS2024-091-0377,91,VS2022>LS2024,1:1,0.85
VS2022-091-0378,LS2024-091-0378,91,VS2022>LS2024,1:1,0.85
VS2022-091-0379,LS2024-091-0379,91,VS2022>LS2024,1:1,0.85
VS2022-091-0380,LS2024-091-0380,91,VS2022>LS2024,1:1,0.85
VS2022-091-0381,LS2024-091-0381,91,VS2022>LS2024,1:1,0.85
VS2022-091-0382,LS2024-091-0382,91,VS2022>LS2024,1:1,0.85
VS2022-091-0383,LS2024-091-0383,91,VS2022>LS2024,1:1,0.85
VS2022-091-0384,LS2024-091-0384,91,VS2022>LS2024,1:1,0.85
VS2022-091-0385,LS2024-091-0385,91,VS2022>LS2024,1:1,0.85
VS2022-091-0386,LS2024-091-0386,91,VS2022>LS2024,1:1,0.85
VS2022-091-0387,LS2024-091-0387,91,VS2022>LS2024,1:1,0.85
VS2022-091-0388,LS2024-091-0388,91,VS2022>LS2024,1:1,0.85
VS2022-091-0389,LS2024-091-0389,91,VS2022>LS2024,1:1,0.85
VS2022-091-0390,LS2024-091-0390,91,VS2022>LS2024,1:1,0.85
VS2022-091-0391,LS2024-091-0391,91,VS2022>LS2024,1:1,0.85
VS2022-091-0392,LS2024-091-0392,91,VS2022>LS2024,1:1,0.85
VS2022-091-0393,LS2024-091-0393,91,VS2022>LS2024,1:1,0.85
VS2022-091-0394,LS2024-091-0394,91,VS2022>LS2024,1:1,0.85
VS2022-091-0395,LS2024-091-0395,91,VS2022>LS2024,1:1,0.85
VS2022-091-0396,LS2024-091-0396,91,VS2022>LS2024,1:1,0.85
VS2022-091-0397,LS2024-091-0397,91,VS2022>LS2024,1:1,0.85
VS2022-091-0398,LS2024-091-0398,91,VS2022>LS2024,1:1,0.85
VS2022-092-0001,LS2024-092-0001,92,VS2022>LS2024,1:1,0.85
VS2022-092-0002,LS2024-092-0002,92,VS2022>LS2024,1:1,0.85
VS2022-092-0003,LS2024-092-0003,92,VS2022>LS2024,1:1,0.85
VS2022-092-0004,LS2024-092-0004,92,VS2022>LS2024,1:1,0.85
VS2022-092-0005,LS2024-092-0005,92,VS2022>LS2024,1:1,0.85
VS2022-092-0006,LS2024-092-0006,92,VS2022>LS2024,1:1,0.85
VS2022-092-0007,LS2024-092-0007,92,VS2022>LS2024,1:1,0.85
VS2022-092-0008,LS2024-092-0008,92,VS2022>LS2024,1:1,0.85
VS2022-092-0009,LS2024-092-0009,92,VS2022>LS2024,1:1,0.85
VS2022-092-0010,LS2024-092-0010,92,VS2022>LS2024,1:1,0.85
VS2022-092-0011,LS2024-092-0011,92,VS2022>LS2024,1:1,0.85
VS2022-092-0012,LS2024-092-0012,92,VS2022>LS2024,1:1,0.85
VS2022-092-0013,LS2024-092-0013,92,VS2022>LS2024,1:1,0.85
VS2022-092-0014,LS2024-092-0014,92,VS2022>LS2024,1:1,0.85
VS2022-092-0015,LS2024-092-0015,92,VS2022>LS2024,1:1,0.85
VS2022-092-0016,LS2024-092-0016,92,VS2022>LS2024,1:1,0.85
VS2022-092-0017,LS2024-092-0017,92,VS2022>LS2024,1:1,0.85
VS2022-092-0018,LS2024-092-0018,92,VS2022>LS2024,1:1,0.85
VS2022-092-0019,LS2024-092-0019,92,VS2022>LS2024,1:1,0.85
VS2022-092-0020,LS2024-092-0020,92,VS2022>LS2024,1:1,0.85
VS2022-092-0021,LS2024-092-0021,92,VS2022>LS2024,1:1,0.85
VS2022-092-0022,LS2024-092-0022,92,VS2022>LS2024,1:1,0.85
VS2022-092-0023,LS2024-092-0023,92,VS2022>LS2024,1:1,0.85
VS2022-092-0024,LS2024-092-0024,92,VS2022>LS2024,1:1,0.85
VS2022-092-0025,LS2024-092-0025,92,VS2022>LS2024,1:1,0.85
VS2022-092-0026,LS2024-092-0026,92,VS2022>LS2024,1:1,0.85
VS2022-092-0027,LS2024-092-0027,92,VS2022>LS2024,1:1,0.85
VS2022-092-0028,LS2024-092-0028,92,VS2022>LS2024,1:1,0.85
VS2022-092-0029,LS2024-092-0029,92,VS2022>LS2024,1:1,0.85
VS2022-092-0030,LS2024-092-0030,92,VS2022>LS2024,1:1,0.85
VS2022-092-0031,LS2024-092-0031,92,VS2022>LS2024,1:1,0.85
VS2022-092-0032,LS2024-092-0032,92,VS2022>LS2024,1:1,0.85
VS2022-092-0033,LS2024-092-0033,92,VS2022>LS2024,1:1,0.85
VS2022-092-0034,LS2024-092-0034,92,VS2022>LS2024,1:1,0.85
VS2022-092-0035,LS2024-092-0035,92,VS2022>LS2024,1:1,0.85
VS2022-092-0036,LS2024-092-0036,92,VS2022>LS2024,1:1,0.85
VS2022-092-0037,LS2024-092-0037,92,VS2022>LS2024,1:1,0.85
VS2022-092-0038,LS2024-092-0038,92,VS2022>LS2024,1:1,0.85
VS2022-092-0039,LS2024-092-0039,92,VS2022>LS2024,1:1,0.85
VS2022-092-0040,LS2024-092-0040,92,VS2022>LS2024,1:1,0.85
VS2022-092-0041,LS2024-092-0041,92,VS2022>LS2024,1:1,0.85
VS2022-092-0042,LS2024-092-0042,92,VS2022>LS2024,1:1,0.85
VS2022-092-0043,LS2024-092-0043,92,VS2022>LS2024,1:1,0.85
VS2022-092-0044,LS2024-092-0044,92,VS2022>LS2024,1:1,0.85
VS2022-092-0045,LS2024-092-0045,92,VS2022>LS2024,1:1,0.85
VS2022-092-0046,LS2024-092-0046,92,VS2022>LS2024,1:1,0.85
VS2022-092-0047,LS2024-092-0047,92,VS2022>LS2024,1:1,0.85
VS2022-092-0048,LS2024-092-0048,92,VS2022>LS2024,1:1,0.85
VS2022-092-0049,LS2024-092-0049,92,VS2022>LS2024,1:1,0.85
VS2022-092-0050,LS2024-092-0050,92,VS2022>LS2024,1:1,0.85
VS2022-092-0051,LS2024-092-0051,92,VS2022>LS2024,1:1,0.85
VS2022-092-0052,LS2024-092-0052,92,VS2022>LS2024,1:1,0.85
VS2022-092-0053,LS2024-092-0053,92,VS2022>LS2024,1:1,0.85
VS2022-092-0054,LS2024-092-0054,92,VS2022>LS2024,1:1,0.85
VS2022-092-0055,LS2024-092-0055,92,VS2022>LS2024,1:1,0.85
VS2022-092-0056,LS2024-092-0056,92,VS2022>LS2024,1:1,0.85
VS2022-092-0057,LS2024-092-0057,92,VS2022>LS2024,1:1,0.85
VS2022-092-0058,LS2024-092-0058,92,VS2022>LS2024,1:1,0.85
VS2022-092-0059,LS2024-092-0059,92,VS2022>LS2024,1:1,0.85
VS2022-092-0060,LS2024-092-0060,92,VS2022>LS2024,1:1,0.85
VS2022-092-0061,LS2024-092-0061,92,VS2022>LS2024,1:1,0.85
VS2022-092-0062,LS2024-092-0062,92,VS2022>LS2024,1:1,0.85
VS2022-092-0063,LS2024-092-0063,92,VS2022>LS2024,1:1,0.85
VS2022-092-0064,LS2024-092-0064,92,VS2022>LS2024,1:1,0.85
VS2022-092-0065,LS2024-092-0065,92,VS2022>LS2024,1:1,0.85
VS2022-092-0066,LS2024-092-0066,92,VS2022>LS2024,1:1,0.85
VS2022-092-0067,LS2024-092-0067,92,VS2022>LS2024,1:1,0.85
VS2022-092-0068,LS2024-092-0068,92,VS2022>LS2024,1:1,0.85
VS2022-092-0069,LS2024-092-0069,92,VS2022>LS2024,1:1,0.85
VS2022-092-0070,LS2024-092-0070,92,VS2022>LS2024,1:1,0.85
VS2022-092-0071,LS2024-092-0071,92,VS2022>LS2024,1:1,0.85
VS2022-092-0072,LS2024-092-0072,92,VS2022>LS2024,1:1,0.85
VS2022-092-0073,LS2024-092-0073,92,VS2022>LS2024,1:1,0.85
VS2022-092-0074,LS2024-092-0074,92,VS2022>LS2024,1:1,0.85
VS2022-092-0075,LS2024-092-0075,92,VS2022>LS2024,1:1,0.85
VS2022-092-0076,LS2024-092-0076,92,VS2022>LS2024,1:1,0.85
VS2022-092-0077,LS2024-092-0077,92,VS2022>LS2024,1:1,0.85
VS2022-092-0078,LS2024-092-0078,92,VS2022>LS2024,1:1,0.85
VS2022-092-0079,LS2024-092-0079,92,VS2022>LS2024,1:1,0.85
VS2022-092-0080,LS2024-092-0080,92,VS2022>LS2024,1:1,0.85
VS2022-092-0081,LS2024-092-0081,92,VS2022>LS2024,1:1,0.85
VS2022-092-0082,LS2024-092-0082,92,VS2022>LS2024,1:1,0.85
VS2022-092-0083,LS2024-092-0083,92,VS2022>LS2024,1:1,0.85
VS2022-092-0084,LS2024-092-0084,92,VS2022>LS2024,1:1,0.85
VS2022-092-0085,LS2024-092-0085,92,VS2022>LS2024,1:1,0.85
VS2022-092-0086,LS2024-092-0086,92,VS2022>LS2024,1:1,0.85
VS2022-092-0087,LS2024-092-0087,92,VS2022>LS2024,1:1,0.85
VS2022-092-0088,LS2024-092-0088,92,VS2022>LS2024,1:1,0.85
VS2022-092-0089,LS2024-092-0089,92,VS2022>LS2024,1:1,0.85
VS2022-092-0090,LS2024-092-0090,92,VS2022>LS2024,1:1,0.85
VS2022-092-0091,LS2024-092-0091,92,VS2022>LS2024,1:1,0.85
VS2022-092-0092,LS2024-092-0092,92,VS2022>LS2024,1:1,0.85
VS2022-092-0093,LS2024-092-0093,92,VS2022>LS2024,1:1,0.85
VS2022-092-0094,LS2024-092-0094,92,VS2022>LS2024,1:1,0.85
VS2022-092-0095,LS2024-092-0095,92,VS2022>LS2024,1:1,0.85
VS2022-092-0096,LS2024-092-0096,92,VS2022>LS2024,1:1,0.85
VS2022-092-0097,LS2024-092-0097,92,VS2022>LS2024,1:1,0.85
VS2022-092-0098,LS2024-092-0098,92,VS2022>LS2024,1:1,0.85
VS2022-092-0099,LS2024-092-0099,92,VS2022>LS2024,1:1,0.85
VS2022-092-0100,LS2024-092-0100,92,VS2022>LS2024,1:1,0.85
VS2022-092-0101,LS2024-092-0101,92,VS2022>LS2024,1:1,0.85
VS2022-092-0102,LS2024-092-0102,92,VS2022>LS2024,1:1,0.85
VS2022-092-0103,LS2024-092-0103,92,VS2022>LS2024,1:1,0.85
VS2022-092-0104,LS2024-092-0104,92,VS2022>LS2024,1:1,0.85
VS2022-092-0105,LS2024-092-0105,92,VS2022>LS2024,1:1,0.85
VS2022-092-0106,LS2024-092-0106,92,VS2022>LS2024,1:1,0.85
VS2022-092-0107,LS2024-092-0107,92,VS2022>LS2024,1:1,0.85
VS2022-092-0108,LS2024-092-0108,92,VS2022>LS2024,1:1,0.85
VS2022-092-0109,LS2024-092-0109,92,VS2022>LS2024,1:1,0.85
VS2022-092-0110,LS2024-092-0110,92,VS2022>LS2024,1:1,0.85
VS2022-092-0111,LS2024-092-0111,92,VS2022>LS2024,1:1,0.85
VS2022-092-0112,LS2024-092-0112,92,VS2022>LS2024,1:1,0.85
VS2022-092-0113,LS2024-092-0113,92,VS2022>LS2024,1:1,0.85
VS2022-092-0114,LS2024-092-0114,92,VS2022>LS2024,1:1,0.85
VS2022-092-0115,LS2024-092-0115,92,VS2022>LS2024,1:1,0.85
VS2022-092-0116,LS2024-092-0116,92,VS2022>LS2024,1:1,0.85
VS2022-092-0117,LS2024-092-0117,92,VS2022>LS2024,1:1,0.85
VS2022-092-0118,LS2024-092-0118,92,VS2022>LS2024,1:1,0.85
VS2022-092-0119,LS2024-092-0119,92,VS2022>LS2024,1:1,0.85
VS2022-092-0120,LS2024-092-0120,92,VS2022>LS2024,1:1,0.85
VS2022-092-0121,LS2024-092-0121,92,VS2022>LS2024,1:1,0.85
VS2022-092-0122,LS2024-092-0122,92,VS2022>LS2024,1:1,0.85
VS2022-092-0123,LS2024-092-0123,92,VS2022>LS2024,1:1,0.85
VS2022-092-0124,LS2024-092-0124,92,VS2022>LS2024,1:1,0.85
VS2022-092-0125,LS2024-092-0125,92,VS2022>LS2024,1:1,0.85
VS2022-092-0126,LS2024-092-0126,92,VS2022>LS2024,1:1,0.85
VS2022-092-0127,LS2024-092-0127,92,VS2022>LS2024,1:1,0.85
VS2022-092-0128,LS2024-092-0128,92,VS2022>LS2024,1:1,0.85
VS2022-092-0129,LS2024-092-0129,92,VS2022>LS2024,1:1,0.85
VS2022-092-0130,LS2024-092-0130,92,VS2022>LS2024,1:1,0.85
VS2022-092-0131,LS2024-092-0131,92,VS2022>LS2024,1:1,0.85
VS2022-092-0132,LS2024-092-0132,92,VS2022>LS2024,1:1,0.85
VS2022-092-0133,LS2024-092-0133,92,VS2022>LS2024,1:1,0.85
VS2022-092-0134,LS2024-092-0134,92,VS2022>LS2024,1:1,0.85
VS2022-092-0135,LS2024-092-0135,92,VS2022>LS2024,1:1,0.85
VS2022-092-0136,LS2024-092-0136,92,VS2022>LS2024,1:1,0.85
VS2022-092-0137,LS2024-092-0137,92,VS2022>LS2024,1:1,0.85
VS2022-092-0138,LS2024-092-0138,92,VS2022>LS2024,1:1,0.85
VS2022-092-0139,LS2024-092-0139,92,VS2022>LS2024,1:1,0.85
VS2022-092-0140,LS2024-092-0140,92,VS2022>LS2024,1:1,0.85
VS2022-092-0141,LS2024-092-0141,92,VS2022>LS2024,1:1,0.85
VS2022-092-0142,LS2024-092-0142,92,VS2022>LS2024,1:1,0.85
VS2022-092-0143,LS2024-092-0143,92,VS2022>LS2024,1:1,0.85
VS2022-092-0144,LS2024-092-0144,92,VS2022>LS2024,1:1,0.85
VS2022-092-0145,LS2024-092-0145,92,VS2022>LS2024,1:1,0.85
VS2022-092-0146,LS2024-092-0146,92,VS2022>LS2024,1:1,0.85
VS2022-092-0147,LS2024-092-0147,92,VS2022>LS2024,1:1,0.85
VS2022-092-0148,LS2024-092-0148,92,VS2022>LS2024,1:1,0.85
VS2022-092-0149,LS2024-092-0149,92,VS2022>LS2024,1:1,0.85
VS2022-092-0150,LS2024-092-0150,92,VS2022>LS2024,1:1,0.85
VS2022-092-0151,LS2024-092-0151,92,VS2022>LS2024,1:1,0.85
VS2022-092-0152,LS2024-092-0152,92,VS2022>LS2024,1:1,0.85
VS2022-092-0153,LS2024-092-0153,92,VS2022>LS2024,1:1,0.85
VS2022-092-0154,LS2024-092-0154,92,VS2022>LS2024,1:1,0.85
VS2022-092-0155,LS2024-092-0155,92,VS2022>LS2024,1:1,0.85
VS2022-092-0156,LS2024-092-0156,92,VS2022>LS2024,1:1,0.85
VS2022-092-0157,LS2024-092-0157,92,VS2022>LS2024,1:1,0.85
VS2022-092-0158,LS2024-092-0158,92,VS2022>LS2024,1:1,0.85
VS2022-092-0159,LS2024-092-0159,92,VS2022>LS2024,1:1,0.85
VS2022-092-0160,LS2024-092-0160,92,VS2022>LS2024,1:1,0.85
VS2022-092-0161,LS2024-092-0161,92,VS2022>LS2024,1:1,0.85
VS2022-092-0162,LS2024-092-0162,92,VS2022>LS2024,1:1,0.85
VS2022-092-0163,LS2024-092-0163,92,VS2022>LS2024,1:1,0.85
VS2022-092-0164,LS2024-092-0164,92,VS2022>LS2024,1:1,0.85
VS2022-092-0165,LS2024-092-0165,92,VS2022>LS2024,1:1,0.85
VS2022-092-0166,LS2024-092-0166,92,VS2022>LS2024,1:1,0.85
VS2022-092-0167,LS2024-092-0167,92,VS2022>LS2024,1:1,0.85
VS2022-092-0168,LS2024-092-0168,92,VS2022>LS2024,1:1,0.85
VS2022-092-0169,LS2024-092-0169,92,VS2022>LS2024,1:1,0.85
VS2022-092-0170,LS2024-092-0170,92,VS2022>LS2024,1:1,0.85
VS2022-092-0171,LS2024-092-0171,92,VS2022>LS2024,1:1,0.85
VS2022-092-0172,LS2024-092-0172,92,VS2022>LS2024,1:1,0.85
VS2022-092-0173,LS2024-092-0173,92,VS2022>LS2024,1:1,0.85
VS2022-092-0174,LS2024-092-0174,92,VS2022>LS2024,1:1,0.85
VS2022-092-0175,LS2024-092-0175,92,VS2022>LS2024,1:1,0.85
VS2022-092-0176,LS2024-092-0176,92,VS2022>LS2024,1:1,0.85
VS2022-092-0177,LS2024-092-0177,92,VS2022>LS2024,1:1,0.85
VS2022-092-0178,LS2024-092-0178,92,VS2022>LS2024,1:1,0.85
VS2022-092-0179,LS2024-092-0179,92,VS2022>LS2024,1:1,0.85
VS2022-092-0180,LS2024-092-0180,92,VS2022>LS2024,1:1,0.85
VS2022-092-0181,LS2024-092-0181,92,VS2022>LS2024,1:1,0.85
VS2022-092-0182,LS2024-092-0182,92,VS2022>LS2024,1:1,0.85
VS2022-092-0183,LS2024-092-0183,92,VS2022>LS2024,1:1,0.85
VS2022-092-0184,LS2024-092-0184,92,VS2022>LS2024,1:1,0.85
VS2022-092-0185,LS2024-092-0185,92,VS2022>LS2024,1:1,0.85
VS2022-092-0186,LS2024-092-0186,92,VS2022>LS2024,1:1,0.85
VS2022-092-0187,LS2024-092-0187,92,VS2022>LS2024,1:1,0.85
VS2022-092-0188,LS2024-092-0188,92,VS2022>LS2024,1:1,0.85
VS2022-092-0189,LS2024-092-0189,92,VS2022>LS2024,1:1,0.85
VS2022-092-0190,LS2024-092-0190,92,VS2022>LS2024,1:1,0.85
VS2022-092-0191,LS2024-092-0191,92,VS2022>LS2024,1:1,0.85
VS2022-092-0192,LS2024-092-0192,92,VS2022>LS2024,1:1,0.85
VS2022-092-0193,LS2024-092-0193,92,VS2022>LS2024,1:1,0.85
VS2022-092-0194,LS2024-092-0194,92,VS2022>LS2024,1:1,0.85
VS2022-092-0195,LS2024-092-0195,92,VS2022>LS2024,1:1,0.85
VS2022-092-0196,LS2024-092-0196,92,VS2022>LS2024,1:1,0.85
VS2022-092-0197,LS2024-092-0197,92,VS2022>LS2024,1:1,0.85
VS2022-092-0198,LS2024-092-0198,92,VS2022>LS2024,1:1,0.85
VS2022-092-0199,LS2024-092-0199,92,VS2022>LS2024,1:1,0.85
VS2022-092-0200,LS2024-092-0200,92,VS2022>LS2024,1:1,0.85
VS2022-092-0201,LS2024-092-0201,92,VS2022>LS2024,1:1,0.85
VS2022-092-0202,LS2024-092-0202,92,VS2022>LS2024,1:1,0.85
VS2022-092-0203,LS2024-092-0203,92,VS2022>LS2024,1:1,0.85
VS2022-092-0204,LS2024-092-0204,92,VS2022>LS2024,1:1,0.85
VS2022-092-0205,LS2024-092-0205,92,VS2022>LS2024,1:1,0.85
VS2022-092-0206,LS2024-092-0206,92,VS2022>LS2024,1:1,0.85
VS2022-092-0207,LS2024-092-0207,92,VS2022>LS2024,1:1,0.85
VS2022-092-0208,LS2024-092-0208,92,VS2022>LS2024,1:1,0.85
VS2022-092-0209,LS2024-092-0209,92,VS2022>LS2024,1:1,0.85
VS2022-092-0210,LS2024-092-0210,92,VS2022>LS2024,1:1,0.85
VS2022-092-0211,LS2024-092-0211,92,VS2022>LS2024,1:1,0.85
VS2022-092-0212,LS2024-092-0212,92,VS2022>LS2024,1:1,0.85
VS2022-092-0213,LS2024-092-0213,92,VS2022>LS2024,1:1,0.85
VS2022-092-0214,LS2024-092-0214,92,VS2022>LS2024,1:1,0.85
VS2022-092-0215,LS2024-092-0215,92,VS2022>LS2024,1:1,0.85
VS2022-092-0216,LS2024-092-0216,92,VS2022>LS2024,1:1,0.85
VS2022-092-0217,LS2024-092-0217,92,VS2022>LS2024,1:1,0.85
VS2022-092-0218,LS2024-092-0218,92,VS2022>LS2024,1:1,0.85
VS2022-092-0219,LS2024-092-0219,92,VS2022>LS2024,1:1,0.85
VS2022-092-0220,LS2024-092-0220,92,VS2022>LS2024,1:1,0.85
VS2022-092-0221,LS2024-092-0221,92,VS2022>LS2024,1:1,0.85
VS2022-092-0222,LS2024-092-0222,92,VS2022>LS2024,1:1,0.85
VS2022-092-0223,LS2024-092-0223,92,VS2022>LS2024,1:1,0.85
VS2022-092-0224,LS2024-092-0224,92,VS2022>LS2024,1:1,0.85
VS2022-092-0225,LS2024-092-0225,92,VS2022>LS2024,1:1,0.85
VS2022-092-0226,LS2024-092-0226,92,VS2022>LS2024,1:1,0.85
VS2022-092-0227,LS2024-092-0227,92,VS2022>LS2024,1:1,0.85
VS2022-092-0228,LS2024-092-0228,92,VS2022>LS2024,1:1,0.85
VS2022-092-0229,LS2024-092-0229,92,VS2022>LS2024,1:1,0.85
VS2022-092-0230,LS2024-092-0230,92,VS2022>LS2024,1:1,0.85
VS2022-092-0231,LS2024-092-0231,92,VS2022>LS2024,1:1,0.85
VS2022-092-0232,LS2024-092-0232,92,VS2022>LS2024,1:1,0.85
VS2022-092-0233,LS2024-092-0233,92,VS2022>LS2024,1:1,0.85
VS2022-092-0234,LS2024-092-0234,92,VS2022>LS2024,1:1,0.85
VS2022-092-0235,LS2024-092-0235,92,VS2022>LS2024,1:1,0.85
VS2022-092-0236,LS2024-092-0236,92,VS2022>LS2024,1:1,0.85
VS2022-092-0237,LS2024-092-0237,92,VS2022>LS2024,1:1,0.85
VS2022-092-0238,LS2024-092-0238,92,VS2022>LS2024,1:1,0.85
VS2022-092-0239,LS2024-092-0239,92,VS2022>LS2024,1:1,0.85
VS2022-092-0240,LS2024-092-0240,92,VS2022>LS2024,1:1,0.85
VS2022-092-0241,LS2024-092-0241,92,VS2022>LS2024,1:1,0.85
VS2022-092-0242,LS2024-092-0242,92,VS2022>LS2024,1:1,0.85
VS2022-092-0243,LS2024-092-0243,92,VS2022>LS2024,1:1,0.85
VS2022-092-0244,LS2024-092-0244,92,VS2022>LS2024,1:1,0.85
VS2022-092-0245,LS2024-092-0245,92,VS2022>LS2024,1:1,0.85
VS2022-092-0246,LS2024-092-0246,92,VS2022>LS2024,1:1,0.85
VS2022-092-0247,LS2024-092-0247,92,VS2022>LS2024,1:1,0.85
VS2022-092-0248,LS2024-092-0248,92,VS2022>LS2024,1:1,0.85
VS2022-092-0249,LS2024-092-0249,92,VS2022>LS2024,1:1,0.85
VS2022-092-0250,LS2024-092-0250,92,VS2022>LS2024,1:1,0.85
VS2022-092-0251,LS2024-092-0251,92,VS2022>LS2024,1:1,0.85
VS2022-092-0252,LS2024-092-0252,92,VS2022>LS2024,1:1,0.85
VS2022-092-0253,LS2024-092-0253,92,VS2022>LS2024,1:1,0.85
VS2022-092-0254,LS2024-092-0254,92,VS2022>LS2024,1:1,0.85
VS2022-092-0255,LS2024-092-0255,92,VS2022>LS2024,1:1,0.85
VS2022-092-0256,LS2024-092-0256,92,VS2022>LS2024,1:1,0.85
VS2022-092-0257,LS2024-092-0257,92,VS2022>LS2024,1:1,0.85
VS2022-092-0258,LS2024-092-0258,92,VS2022>LS2024,1:1,0.85
VS2022-092-0259,LS2024-092-0259,92,VS2022>LS2024,1:1,0.85
VS2022-092-0260,LS2024-092-0260,92,VS2022>LS2024,1:1,0.85
VS2022-092-0261,LS2024-092-0261,92,VS2022>LS2024,1:1,0.85
VS2022-092-0262,LS2024-092-0262,92,VS2022>LS2024,1:1,0.85
VS2022-092-0263,LS2024-092-0263,92,VS2022>LS2024,1:1,0.85
VS2022-092-0264,LS2024-092-0264,92,VS2022>LS2024,1:1,0.85
VS2022-092-0265,LS2024-092-0265,92,VS2022>LS2024,1:1,0.85
VS2022-092-0266,LS2024-092-0266,92,VS2022>LS2024,1:1,0.85
VS2022-092-0267,LS2024-092-0267,92,VS2022>LS2024,1:1,0.85
VS2022-092-0268,LS2024-092-0268,92,VS2022>LS2024,1:1,0.85
VS2022-092-0269,LS2024-092-0269,92,VS2022>LS2024,1:1,0.85
VS2022-092-0270,LS2024-092-0270,92,VS2022>LS2024,1:1,0.85
VS2022-092-0271,LS2024-092-0271,92,VS2022>LS2024,1:1,0.85
VS2022-092-0272,LS2024-092-0272,92,VS2022>LS2024,1:1,0.85
VS2022-092-0273,LS2024-092-0273,92,VS2022>LS2024,1:1,0.85
VS2022-092-0274,LS2024-092-0274,92,VS2022>LS2024,1:1,0.85
VS2022-092-0275,LS2024-092-0275,92,VS2022>LS2024,1:1,0.85
VS2022-092-0276,LS2024-092-0276,92,VS2022>LS2024,1:1,0.85
VS2022-092-0277,LS2024-092-0277,92,VS2022>LS2024,1:1,0.85
VS2022-092-0278,LS2024-092-0278,92,VS2022>LS2024,1:1,0.85
VS2022-092-0279,LS2024-092-0279,92,VS2022>LS2024,1:1,0.85
VS2022-092-0280,LS2024-092-0280,92,VS2022>LS2024,1:1,0.85
VS2022-092-0281,LS2024-092-0281,92,VS2022>LS2024,1:1,0.85
VS2022-092-0282,LS2024-092-0282,92,VS2022>LS2024,1:1,0.85
VS2022-092-0283,LS2024-092-0283,92,VS2022>LS2024,1:1,0.85
VS2022-092-0284,LS2024-092-0284,92,VS2022>LS2024,1:1,0.85
VS2022-092-0285,LS2024-092-0285,92,VS2022>LS2024,1:1,0.85
VS2022-092-0286,LS2024-092-0286,92,VS2022>LS2024,1:1,0.85
VS2022-092-0287,LS2024-092-0287,92,VS2022>LS2024,1:1,0.85
VS2022-092-0288,LS2024-092-0288,92,VS2022>LS2024,1:1,0.85
VS2022-092-0289,LS2024-092-0289,92,VS2022>LS2024,1:1,0.85
VS2022-092-0290,LS2024-092-0290,92,VS2022>LS2024,1:1,0.85
VS2022-092-0291,LS2024-092-0291,92,VS2022>LS2024,1:1,0.85
VS2022-092-0292,LS2024-092-0292,92,VS2022>LS2024,1:1,0.85
VS2022-092-0293,LS2024-092-0293,92,VS2022>LS2024,1:1,0.85
VS2022-092-0294,LS2024-092-0294,92,VS2022>LS2024,1:1,0.85
VS2022-092-0295,LS2024-092-0295,92,VS2022>LS2024,1:1,0.85
VS2022-092-0296,LS2024-092-0296,92,VS2022>LS2024,1:1,0.85
VS2022-092-0297,LS2024-092-0297,92,VS2022>LS2024,1:1,0.85
VS2022-092-0298,LS2024-092-0298,92,VS2022>LS2024,1:1,0.85
VS2022-092-0299,LS2024-092-0299,92,VS2022>LS2024,1:1,0.85
VS2022-092-0300,LS2024-092-0300,92,VS2022>LS2024,1:1,0.85
VS2022-092-0301,LS2024-092-0301,92,VS2022>LS2024,1:1,0.85
VS2022-092-0302,LS2024-092-0302,92,VS2022>LS2024,1:1,0.85
VS2022-092-0303,LS2024-092-0303,92,VS2022>LS2024,1:1,0.85
VS2022-092-0304,LS2024-092-0304,92,VS2022>LS2024,1:1,0.85
VS2022-092-0305,LS2024-092-0305,92,VS2022>LS2024,1:1,0.85
VS2022-092-0306,LS2024-092-0306,92,VS2022>LS2024,1:1,0.85
VS2022-092-0307,LS2024-092-0307,92,VS2022>LS2024,1:1,0.85
VS2022-092-0308,LS2024-092-0308,92,VS2022>LS2024,1:1,0.85
VS2022-092-0309,LS2024-092-0309,92,VS2022>LS2024,1:1,0.85
VS2022-092-0310,LS2024-092-0310,92,VS2022>LS2024,1:1,0.85
VS2022-092-0311,LS2024-092-0311,92,VS2022>LS2024,1:1,0.85
VS2022-092-0312,LS2024-092-0312,92,VS2022>LS2024,1:1,0.85
VS2022-092-0313,LS2024-092-0313,92,VS2022>LS2024,1:1,0.85
VS2022-092-0314,LS2024-092-0314,92,VS2022>LS2024,1:1,0.85
VS2022-092-0315,LS2024-092-0315,92,VS2022>LS2024,1:1,0.85
VS2022-092-0316,LS2024-092-0316,92,VS2022>LS2024,1:1,0.85
VS2022-092-0317,LS2024-092-0317,92,VS2022>LS2024,1:1,0.85
VS2022-092-0318,LS2024-092-0318,92,VS2022>LS2024,1:1,0.85
VS2022-092-0319,LS2024-092-0319,92,VS2022>LS2024,1:1,0.85
VS2022-092-0320,LS2024-092-0320,92,VS2022>LS2024,1:1,0.85
VS2022-092-0321,LS2024-092-0321,92,VS2022>LS2024,1:1,0.85
VS2022-092-0322,LS2024-092-0322,92,VS2022>LS2024,1:1,0.85
VS2022-092-0323,LS2024-092-0323,92,VS2022>LS2024,1:1,0.85
VS2022-092-0324,LS2024-092-0324,92,VS2022>LS2024,1:1,0.85
VS2022-092-0325,LS2024-092-0325,92,VS2022>LS2024,1:1,0.85
VS2022-092-0326,LS2024-092-0326,92,VS2022>LS2024,1:1,0.85
VS2022-092-0327,LS2024-092-0327,92,VS2022>LS2024,1:1,0.85
VS2022-092-0328,LS2024-092-0328,92,VS2022>LS2024,1:1,0.85
VS2022-092-0329,LS2024-092-0329,92,VS2022>LS2024,1:1,0.85
VS2022-092-0330,LS2024-092-0330,92,VS2022>LS2024,1:1,0.85
VS2022-092-0331,LS2024-092-0331,92,VS2022>LS2024,1:1,0.85
VS2022-092-0332,LS2024-092-0332,92,VS2022>LS2024,1:1,0.85
VS2022-092-0333,LS2024-092-0333,92,VS2022>LS2024,1:1,0.85
VS2022-092-0334,LS2024-092-0334,92,VS2022>LS2024,1:1,0.85
VS2022-092-0335,LS2024-092-0335,92,VS2022>LS2024,1:1,0.85
VS2022-092-0336,LS2024-092-0336,92,VS2022>LS2024,1:1,0.85
VS2022-092-0337,LS2024-092-0337,92,VS2022>LS2024,1:1,0.85
VS2022-092-0338,LS2024-092-0338,92,VS2022>LS2024,1:1,0.85
VS2022-092-0339,LS2024-092-0339,92,VS2022>LS2024,1:1,0.85
VS2022-092-0340,LS2024-092-0340,92,VS2022>LS2024,1:1,0.85
VS2022-092-0341,LS2024-092-0341,92,VS2022>LS2024,1:1,0.85
VS2022-092-0342,LS2024-092-0342,92,VS2022>LS2024,1:1,0.85
VS2022-092-0343,LS2024-092-0343,92,VS2022>LS2024,1:1,0.85
VS2022-092-0344,LS2024-092-0344,92,VS2022>LS2024,1:1,0.85
VS2022-092-0345,LS2024-092-0345,92,VS2022>LS2024,1:1,0.85
VS2022-092-0346,LS2024-092-0346,92,VS2022>LS2024,1:1,0.85
VS2022-092-0347,LS2024-092-0347,92,VS2022>LS2024,1:1,0.85
VS2022-092-0348,LS2024-092-0348,92,VS2022>LS2024,1:1,0.85
VS2022-092-0349,LS2024-092-0349,92,VS2022>LS2024,1:1,0.85
VS2022-092-0350,LS2024-092-0350,92,VS2022>LS2024,1:1,0.85
VS2022-092-0351,LS2024-092-0351,92,VS2022>LS2024,1:1,0.85
VS2022-092-0352,LS2024-092-0352,92,VS2022>LS2024,1:1,0.85
VS2022-092-0353,LS2024-092-0353,92,VS2022>LS2024,1:1,0.85
VS2022-092-0354,LS2024-092-0354,92,VS2022>LS2024,1:1,0.85
VS2022-092-0355,LS2024-092-0355,92,VS2022>LS2024,1:1,0.85
VS2022-092-0356,LS2024-092-0356,92,VS2022>LS2024,1:1,0.85
VS2022-092-0357,LS2024-092-0357,92,VS2022>LS2024,1:1,0.85
VS2022-092-0358,LS2024-092-0358,92,VS2022>LS2024,1:1,0.85
VS2022-092-0359,LS2024-092-0359,92,VS2022>LS2024,1:1,0.85
VS2022-092-0360,LS2024-092-0360,92,VS2022>LS2024,1:1,0.85
VS2022-093-0001,LS2024-093-0001,93,VS2022>LS2024,1:1,0.85
VS2022-093-0002,LS2024-093-0002,93,VS2022>LS2024,1:1,0.85
VS2022-093-0003,LS2024-093-0003,93,VS2022>LS2024,1:1,0.85
VS2022-093-0004,LS2024-093-0004,93,VS2022>LS2024,1:1,0.85
VS2022-093-0005,LS2024-093-0005,93,VS2022>LS2024,1:1,0.85
VS2022-093-0006,LS2024-093-0006,93,VS2022>LS2024,1:1,0.85
VS2022-093-0007,LS2024-093-0007,93,VS2022>LS2024,1:1,0.85
VS2022-093-0008,LS2024-093-0008,93,VS2022>LS2024,1:1,0.85
VS2022-093-0009,LS2024-093-0009,93,VS2022>LS2024,1:1,0.85
VS2022-093-0010,LS2024-093-0010,93,VS2022>LS2024,1:1,0.85
VS2022-093-0011,LS2024-093-0011,93,VS2022>LS2024,1:1,0.85
VS2022-093-0012,LS2024-093-0012,93,VS2022>LS2024,1:1,0.85
VS2022-093-0013,LS2024-093-0013,93,VS2022>LS2024,1:1,0.85
VS2022-093-0014,LS2024-093-0014,93,VS2022>LS2024,1:1,0.85
VS2022-093-0015,LS2024-093-0015,93,VS2022>LS2024,1:1,0.85
VS2022-093-0016,LS2024-093-0016,93,VS2022>LS2024,1:1,0.85
VS2022-093-0017,LS2024-093-0017,93,VS2022>LS2024,1:1,0.85
VS2022-093-0018,LS2024-093-0018,93,VS2022>LS2024,1:1,0.85
VS2022-093-0019,LS2024-093-0019,93,VS2022>LS2024,1:1,0.85
VS2022-093-0020,LS2024-093-0020,93,VS2022>LS2024,1:1,0.85
VS2022-093-0021,LS2024-093-0021,93,VS2022>LS2024,1:1,0.85
VS2022-093-0022,LS2024-093-0022,93,VS2022>LS2024,1:1,0.85
VS2022-093-0023,LS2024-093-0023,93,VS2022>LS2024,1:1,0.85
VS2022-093-0024,LS2024-093-0024,93,VS2022>LS2024,1:1,0.85
VS2022-093-0025,LS2024-093-0025,93,VS2022>LS2024,1:1,0.85
VS2022-093-0026,LS2024-093-0026,93,VS2022>LS2024,1:1,0.85
VS2022-093-0027,LS2024-093-0027,93,VS2022>LS2024,1:1,0.85
VS2022-093-0028,LS2024-093-0028,93,VS2022>LS2024,1:1,0.85
VS2022-093-0029,LS2024-093-0029,93,VS2022>LS2024,1:1,0.85
VS2022-093-0030,LS2024-093-0030,93,VS2022>LS2024,1:1,0.85
VS2022-093-0031,LS2024-093-0031,93,VS2022>LS2024,1:1,0.85
VS2022-093-0032,LS2024-093-0032,93,VS2022>LS2024,1:1,0.85
VS2022-093-0033,LS2024-093-0033,93,VS2022>LS2024,1:1,0.85
VS2022-093-0034,LS2024-093-0034,93,VS2022>LS2024,1:1,0.85
VS2022-093-0035,LS2024-093-0035,93,VS2022>LS2024,1:1,0.85
VS2022-093-0036,LS2024-093-0036,93,VS2022>LS2024,1:1,0.85
VS2022-093-0037,LS2024-093-0037,93,VS2022>LS2024,1:1,0.85
VS2022-093-0038,LS2024-093-0038,93,VS2022>LS2024,1:1,0.85
VS2022-093-0039,LS2024-093-0039,93,VS2022>LS2024,1:1,0.85
VS2022-093-0040,LS2024-093-0040,93,VS2022>LS2024,1:1,0.85
VS2022-093-0041,LS2024-093-0041,93,VS2022>LS2024,1:1,0.85
VS2022-093-0042,LS2024-093-0042,93,VS2022>LS2024,1:1,0.85
VS2022-093-0043,LS2024-093-0043,93,VS2022>LS2024,1:1,0.85
VS2022-093-0044,LS2024-093-0044,93,VS2022>LS2024,1:1,0.85
VS2022-093-0045,LS2024-093-0045,93,VS2022>LS2024,1:1,0.85
VS2022-093-0046,LS2024-093-0046,93,VS2022>LS2024,1:1,0.85
VS2022-093-0047,LS2024-093-0047,93,VS2022>LS2024,1:1,0.85
VS2022-093-0048,LS2024-093-0048,93,VS2022>LS2024,1:1,0.85
VS2022-093-0049,LS2024-093-0049,93,VS2022>LS2024,1:1,0.85
VS2022-093-0050,LS2024-093-0050,93,VS2022>LS2024,1:1,0.85
VS2022-093-0051,LS2024-093-0051,93,VS2022>LS2024,1:1,0.85
VS2022-093-0052,LS2024-093-0052,93,VS2022>LS2024,1:1,0.85
VS2022-093-0053,LS2024-093-0053,93,VS2022>LS2024,1:1,0.85
VS2022-093-0054,LS2024-093-0054,93,VS2022>LS2024,1:1,0.85
VS2022-093-0055,LS2024-093-0055,93,VS2022>LS2024,1:1,0.85
VS2022-093-0056,LS2024-093-0056,93,VS2022>LS2024,1:1,0.85
VS2022-093-0057,LS2024-093-0057,93,VS2022>LS2024,1:1,0.85
VS2022-093-0058,LS2024-093-0058,93,VS2022>LS2024,1:1,0.85
VS2022-093-0059,LS2024-093-0059,93,VS2022>LS2024,1:1,0.85
VS2022-093-0060,LS2024-093-0060,93,VS2022>LS2024,1:1,0.85
VS2022-093-0061,LS2024-093-0061,93,VS2022>LS2024,1:1,0.85
VS2022-093-0062,LS2024-093-0062,93,VS2022>LS2024,1:1,0.85
VS2022-093-0063,LS2024-093-0063,93,VS2022>LS2024,1:1,0.85
VS2022-093-0064,LS2024-093-0064,93,VS2022>LS2024,1:1,0.85
VS2022-093-0065,LS2024-093-0065,93,VS2022>LS2024,1:1,0.85
VS2022-093-0066,LS2024-093-0066,93,VS2022>LS2024,1:1,0.85
VS2022-093-0067,LS2024-093-0067,93,VS2022>LS2024,1:1,0.85
VS2022-093-0068,LS2024-093-0068,93,VS2022>LS2024,1:1,0.85
VS2022-093-0069,LS2024-093-0069,93,VS2022>LS2024,1:1,0.85
VS2022-093-0070,LS2024-093-0070,93,VS2022>LS2024,1:1,0.85
VS2022-093-0071,LS2024-093-0071,93,VS2022>LS2024,1:1,0.85
VS2022-093-0072,LS2024-093-0072,93,VS2022>LS2024,1:1,0.85
VS2022-093-0073,LS2024-093-0073,93,VS2022>LS2024,1:1,0.85
VS2022-093-0074,LS2024-093-0074,93,VS2022>LS2024,1:1,0.85
VS2022-093-0075,LS2024-093-0075,93,VS2022>LS2024,1:1,0.85
VS2022-093-0076,LS2024-093-0076,93,VS2022>LS2024,1:1,0.85
VS2022-093-0077,LS2024-093-0077,93,VS2022>LS2024,1:1,0.85
VS2022-093-0078,LS2024-093-0078,93,VS2022>LS2024,1:1,0.85
VS2022-093-0079,LS2024-093-0079,93,VS2022>LS2024,1:1,0.85
VS2022-093-0080,LS2024-093-0080,93,VS2022>LS2024,1:1,0.85
VS2022-093-0081,LS2024-093-0081,93,VS2022>LS2024,1:1,0.85
VS2022-093-0082,LS2024-093-0082,93,VS2022>LS2024,1:1,0.85
VS2022-093-0083,LS2024-093-0083,93,VS2022>LS2024,1:1,0.85
VS2022-093-0084,LS2024-093-0084,93,VS2022>LS2024,1:1,0.85
VS2022-093-0085,LS2024-093-0085,93,VS2022>LS2024,1:1,0.85
VS2022-093-0086,LS2024-093-0086,93,VS2022>LS2024,1:1,0.85
VS2022-093-0087,LS2024-093-0087,93,VS2022>LS2024,1:1,0.85
VS2022-093-0088,LS2024-093-0088,93,VS2022>LS2024,1:1,0.85
VS2022-093-0089,LS2024-093-0089,93,VS2022>LS2024,1:1,0.85
VS2022-093-0090,LS2024-093-0090,93,VS2022>LS2024,1:1,0.85
VS2022-093-0091,LS2024-093-0091,93,VS2022>LS2024,1:1,0.85
VS2022-093-0092,LS2024-093-0092,93,VS2022>LS2024,1:1,0.85
VS2022-093-0093,LS2024-093-0093,93,VS2022>LS2024,1:1,0.85
VS2022-093-0094,LS2024-093-0094,93,VS2022>LS2024,1:1,0.85
VS2022-093-0095,LS2024-093-0095,93,VS2022>LS2024,1:1,0.85
VS2022-093-0096,LS2024-093-0096,93,VS2022>LS2024,1:1,0.85
VS2022-093-0097,LS2024-093-0097,93,VS2022>LS2024,1:1,0.85
VS2022-093-0098,LS2024-093-0098,93,VS2022>LS2024,1:1,0.85
VS2022-093-0099,LS2024-093-0099,93,VS2022>LS2024,1:1,0.85
VS2022-093-0100,LS2024-093-0100,93,VS2022>LS2024,1:1,0.85
VS2022-093-0101,LS2024-093-0101,93,VS2022>LS2024,1:1,0.85
VS2022-093-0102,LS2024-093-0102,93,VS2022>LS2024,1:1,0.85
VS2022-093-0103,LS2024-093-0103,93,VS2022>LS2024,1:1,0.85
VS2022-093-0104,LS2024-093-0104,93,VS2022>LS2024,1:1,0.85
VS2022-093-0105,LS2024-093-0105,93,VS2022>LS2024,1:1,0.85
VS2022-093-0106,LS2024-093-0106,93,VS2022>LS2024,1:1,0.85
VS2022-093-0107,LS2024-093-0107,93,VS2022>LS2024,1:1,0.85
VS2022-093-0108,LS2024-093-0108,93,VS2022>LS2024,1:1,0.85
VS2022-093-0109,LS2024-093-0109,93,VS2022>LS2024,1:1,0.85
VS2022-093-0110,LS2024-093-0110,93,VS2022>LS2024,1:1,0.85
VS2022-093-0111,LS2024-093-0111,93,VS2022>LS2024,1:1,0.85
VS2022-093-0112,LS2024-093-0112,93,VS2022>LS2024,1:1,0.85
VS2022-093-0113,LS2024-093-0113,93,VS2022>LS2024,1:1,0.85
VS2022-093-0114,LS2024-093-0114,93,VS2022>LS2024,1:1,0.85
VS2022-093-0115,LS2024-093-0115,93,VS2022>LS2024,1:1,0.85
VS2022-093-0116,LS2024-093-0116,93,VS2022>LS2024,1:1,0.85
VS2022-093-0117,LS2024-093-0117,93,VS2022>LS2024,1:1,0.85
VS2022-093-0118,LS2024-093-0118,93,VS2022>LS2024,1:1,0.85
VS2022-093-0119,LS2024-093-0119,93,VS2022>LS2024,1:1,0.85
VS2022-093-0120,LS2024-093-0120,93,VS2022>LS2024,1:1,0.85
VS2022-093-0121,LS2024-093-0121,93,VS2022>LS2024,1:1,0.85
VS2022-093-0122,LS2024-093-0122,93,VS2022>LS2024,1:1,0.85
VS2022-093-0123,LS2024-093-0123,93,VS2022>LS2024,1:1,0.85
VS2022-093-0124,LS2024-093-0124,93,VS2022>LS2024,1:1,0.85
VS2022-093-0125,LS2024-093-0125,93,VS2022>LS2024,1:1,0.85
VS2022-093-0126,LS2024-093-0126,93,VS2022>LS2024,1:1,0.85
VS2022-093-0127,LS2024-093-0127,93,VS2022>LS2024,1:1,0.85
VS2022-093-0128,LS2024-093-0128,93,VS2022>LS2024,1:1,0.85
VS2022-093-0129,LS2024-093-0129,93,VS2022>LS2024,1:1,0.85
VS2022-093-0130,LS2024-093-0130,93,VS2022>LS2024,1:1,0.85
VS2022-093-0131,LS2024-093-0131,93,VS2022>LS2024,1:1,0.85
VS2022-093-0132,LS2024-093-0132,93,VS2022>LS2024,1:1,0.85
VS2022-093-0133,LS2024-093-0133,93,VS2022>LS2024,1:1,0.85
VS2022-093-0134,LS2024-093-0134,93,VS2022>LS2024,1:1,0.85
VS2022-093-0135,LS2024-093-0135,93,VS2022>LS2024,1:1,0.85
VS2022-093-0136,LS2024-093-0136,93,VS2022>LS2024,1:1,0.85
VS2022-093-0137,LS2024-093-0137,93,VS2022>LS2024,1:1,0.85
VS2022-093-0138,LS2024-093-0138,93,VS2022>LS2024,1:1,0.85
VS2022-093-0139,LS2024-093-0139,93,VS2022>LS2024,1:1,0.85
VS2022-093-0140,LS2024-093-0140,93,VS2022>LS2024,1:1,0.85
VS2022-093-0141,LS2024-093-0141,93,VS2022>LS2024,1:1,0.85
VS2022-093-0142,LS2024-093-0142,93,VS2022>LS2024,1:1,0.85
VS2022-093-0143,LS2024-093-0143,93,VS2022>LS2024,1:1,0.85
VS2022-093-0144,LS2024-093-0144,93,VS2022>LS2024,1:1,0.85
VS2022-093-0145,LS2024-093-0145,93,VS2022>LS2024,1:1,0.85
VS2022-093-0146,LS2024-093-0146,93,VS2022>LS2024,1:1,0.85
VS2022-093-0147,LS2024-093-0147,93,VS2022>LS2024,1:1,0.85
VS2022-093-0148,LS2024-093-0148,93,VS2022>LS2024,1:1,0.85
VS2022-093-0149,LS2024-093-0149,93,VS2022>LS2024,1:1,0.85
VS2022-093-0150,LS2024-093-0150,93,VS2022>LS2024,1:1,0.85
VS2022-093-0151,LS2024-093-0151,93,VS2022>LS2024,1:1,0.85
VS2022-093-0152,LS2024-093-0152,93,VS2022>LS2024,1:1,0.85
VS2022-093-0153,LS2024-093-0153,93,VS2022>LS2024,1:1,0.85
VS2022-093-0154,LS2024-093-0154,93,VS2022>LS2024,1:1,0.85
VS2022-093-0155,LS2024-093-0155,93,VS2022>LS2024,1:1,0.85
VS2022-093-0156,LS2024-093-0156,93,VS2022>LS2024,1:1,0.85
VS2022-093-0157,LS2024-093-0157,93,VS2022>LS2024,1:1,0.85
VS2022-093-0158,LS2024-093-0158,93,VS2022>LS2024,1:1,0.85
VS2022-093-0159,LS2024-093-0159,93,VS2022>LS2024,1:1,0.85
VS2022-093-0160,LS2024-093-0160,93,VS2022>LS2024,1:1,0.85
VS2022-093-0161,LS2024-093-0161,93,VS2022>LS2024,1:1,0.85
VS2022-093-0162,LS2024-093-0162,93,VS2022>LS2024,1:1,0.85
VS2022-093-0163,LS2024-093-0163,93,VS2022>LS2024,1:1,0.85
VS2022-093-0164,LS2024-093-0164,93,VS2022>LS2024,1:1,0.85
VS2022-093-0165,LS2024-093-0165,93,VS2022>LS2024,1:1,0.85
VS2022-093-0166,LS2024-093-0166,93,VS2022>LS2024,1:1,0.85
VS2022-093-0167,LS2024-093-0167,93,VS2022>LS2024,1:1,0.85
VS2022-093-0168,LS2024-093-0168,93,VS2022>LS2024,1:1,0.85
VS2022-093-0169,LS2024-093-0169,93,VS2022>LS2024,1:1,0.85
VS2022-093-0170,LS2024-093-0170,93,VS2022>LS2024,1:1,0.85
VS2022-093-0171,LS2024-093-0171,93,VS2022>LS2024,1:1,0.85
VS2022-093-0172,LS2024-093-0172,93,VS2022>LS2024,1:1,0.85
VS2022-093-0173,LS2024-093-0173,93,VS2022>LS2024,1:1,0.85
VS2022-093-0174,LS2024-093-0174,93,VS2022>LS2024,1:1,0.85
VS2022-093-0175,LS2024-093-0175,93,VS2022>LS2024,1:1,0.85
VS2022-093-0176,LS2024-093-0176,93,VS2022>LS2024,1:1,0.85
VS2022-093-0177,LS2024-093-0177,93,VS2022>LS2024,1:1,0.85
VS2022-093-0178,LS2024-093-0178,93,VS2022>LS2024,1:1,0.85
VS2022-093-0179,LS2024-093-0179,93,VS2022>LS2024,1:1,0.85
VS2022-093-0180,LS2024-093-0180,93,VS2022>LS2024,1:1,0.85
VS2022-093-0181,LS2024-093-0181,93,VS2022>LS2024,1:1,0.85
VS2022-093-0182,LS2024-093-0182,93,VS2022>LS2024,1:1,0.85
VS2022-093-0183,LS2024-093-0183,93,VS2022>LS2024,1:1,0.85
VS2022-093-0184,LS2024-093-0184,93,VS2022>LS2024,1:1,0.85
VS2022-093-0185,LS2024-093-0185,93,VS2022>LS2024,1:1,0.85
VS2022-093-0186,LS2024-093-0186,93,VS2022>LS2024,1:1,0.85
VS2022-093-0187,LS2024-093-0187,93,VS2022>LS2024,1:1,0.85
VS2022-093-0188,LS2024-093-0188,93,VS2022>LS2024,1:1,0.85
VS2022-093-0189,LS2024-093-0189,93,VS2022>LS2024,1:1,0.85
VS2022-093-0190,LS2024-093-0190,93,VS2022>LS2024,1:1,0.85
VS2022-093-0191,LS2024-093-0191,93,VS2022>LS2024,1:1,0.85
VS2022-093-0192,LS2024-093-0192,93,VS2022>LS2024,1:1,0.85
VS2022-093-0193,LS2024-093-0193,93,VS2022>LS2024,1:1,0.85
VS2022-093-0194,LS2024-093-0194,93,VS2022>LS2024,1:1,0.85
VS2022-093-0195,LS2024-093-0195,93,VS2022>LS2024,1:1,0.85
VS2022-093-0196,LS2024-093-0196,93,VS2022>LS2024,1:1,0.85
VS2022-093-0197,LS2024-093-0197,93,VS2022>LS2024,1:1,0.85
VS2022-093-0198,LS2024-093-0198,93,VS2022>LS2024,1:1,0.85
VS2022-093-0199,LS2024-093-0199,93,VS2022>LS2024,1:1,0.85
VS2022-093-0200,LS2024-093-0200,93,VS2022>LS2024,1:1,0.85
VS2022-093-0201,LS2024-093-0201,93,VS2022>LS2024,1:1,0.85
VS2022-093-0202,LS2024-093-0202,93,VS2022>LS2024,1:1,0.85
VS2022-093-0203,LS2024-093-0203,93,VS2022>LS2024,1:1,0.85
VS2022-093-0204,LS2024-093-0204,93,VS2022>LS2024,1:1,0.85
VS2022-093-0205,LS2024-093-0205,93,VS2022>LS2024,1:1,0.85
VS2022-093-0206,LS2024-093-0206,93,VS2022>LS2024,1:1,0.85
VS2022-093-0207,LS2024-093-0207,93,VS2022>LS2024,1:1,0.85
VS2022-093-0208,LS2024-093-0208,93,VS2022>LS2024,1:1,0.85
VS2022-093-0209,LS2024-093-0209,93,VS2022>LS2024,1:1,0.85
VS2022-093-0210,LS2024-093-0210,93,VS2022>LS2024,1:1,0.85
VS2022-093-0211,LS2024-093-0211,93,VS2022>LS2024,1:1,0.85
VS2022-093-0212,LS2024-093-0212,93,VS2022>LS2024,1:1,0.85
VS2022-093-0213,LS2024-093-0213,93,VS2022>LS2024,1:1,0.85
VS2022-093-0214,LS2024-093-0214,93,VS2022>LS2024,1:1,0.85
VS2022-093-0215,LS2024-093-0215,93,VS2022>LS2024,1:1,0.85
VS2022-093-0216,LS2024-093-0216,93,VS2022>LS2024,1:1,0.85
VS2022-093-0217,LS2024-093-0217,93,VS2022>LS2024,1:1,0.85
VS2022-093-0218,LS2024-093-0218,93,VS2022>LS2024,1:1,0.85
VS2022-093-0219,LS2024-093-0219,93,VS2022>LS2024,1:1,0.85
VS2022-093-0220,LS2024-093-0220,93,VS2022>LS2024,1:1,0.85
VS2022-093-0221,LS2024-093-0221,93,VS2022>LS2024,1:1,0.85
VS2022-093-0222,LS2024-093-0222,93,VS2022>LS2024,1:1,0.85
VS2022-093-0223,LS2024-093-0223,93,VS2022>LS2024,1:1,0.85
VS2022-093-0224,LS2024-093-0224,93,VS2022>LS2024,1:1,0.85
VS2022-093-0225,LS2024-093-0225,93,VS2022>LS2024,1:1,0.85
VS2022-093-0226,LS2024-093-0226,93,VS2022>LS2024,1:1,0.85
VS2022-093-0227,LS2024-093-0227,93,VS2022>LS2024,1:1,0.85
VS2022-093-0228,LS2024-093-0228,93,VS2022>LS2024,1:1,0.85
VS2022-093-0229,LS2024-093-0229,93,VS2022>LS2024,1:1,0.85
VS2022-093-0230,LS2024-093-0230,93,VS2022>LS2024,1:1,0.85
VS2022-093-0231,LS2024-093-0231,93,VS2022>LS2024,1:1,0.85
VS2022-093-0232,LS2024-093-0232,93,VS2022>LS2024,1:1,0.85
VS2022-093-0233,LS2024-093-0233,93,VS2022>LS2024,1:1,0.85
VS2022-093-0234,LS2024-093-0234,93,VS2022>LS2024,1:1,0.85
VS2022-093-0235,LS2024-093-0235,93,VS2022>LS2024,1:1,0.85
VS2022-093-0236,LS2024-093-0236,93,VS2022>LS2024,1:1,0.85
VS2022-093-0237,LS2024-093-0237,93,VS2022>LS2024,1:1,0.85
VS2022-093-0238,LS2024-093-0238,93,VS2022>LS2024,1:1,0.85
VS2022-093-0239,LS2024-093-0239,93,VS2022>LS2024,1:1,0.85
VS2022-093-0240,LS2024-093-0240,93,VS2022>LS2024,1:1,0.85
VS2022-093-0241,LS2024-093-0241,93,VS2022>LS2024,1:1,0.85
VS2022-093-0242,LS2024-093-0242,93,VS2022>LS2024,1:1,0.85
VS2022-093-0243,LS2024-093-0243,93,VS2022>LS2024,1:1,0.85
VS2022-093-0244,LS2024-093-0244,93,VS2022>LS2024,1:1,0.85
VS2022-093-0245,LS2024-093-0245,93,VS2022>LS2024,1:1,0.85
VS2022-093-0246,LS2024-093-0246,93,VS2022>LS2024,1:1,0.85
VS2022-093-0247,LS2024-093-0247,93,VS2022>LS2024,1:1,0.85
VS2022-093-0248,LS2024-093-0248,93,VS2022>LS2024,1:1,0.85
VS2022-093-0249,LS2024-093-0249,93,VS2022>LS2024,1:1,0.85
VS2022-093-0250,LS2024-093-0250,93,VS2022>LS2024,1:1,0.85
VS2022-093-0251,LS2024-093-0251,93,VS2022>LS2024,1:1,0.85
VS2022-093-0252,LS2024-093-0252,93,VS2022>LS2024,1:1,0.85
VS2022-093-0253,LS2024-093-0253,93,VS2022>LS2024,1:1,0.85
VS2022-093-0254,LS2024-093-0254,93,VS2022>LS2024,1:1,0.85
VS2022-093-0255,LS2024-093-0255,93,VS2022>LS2024,1:1,0.85
VS2022-093-0256,LS2024-093-0256,93,VS2022>LS2024,1:1,0.85
VS2022-093-0257,LS2024-093-0257,93,VS2022>LS2024,1:1,0.85
VS2022-093-0258,LS2024-093-0258,93,VS2022>LS2024,1:1,0.85
VS2022-093-0259,LS2024-093-0259,93,VS2022>LS2024,1:1,0.85
VS2022-093-0260,LS2024-093-0260,93,VS2022>LS2024,1:1,0.85
VS2022-093-0261,LS2024-093-0261,93,VS2022>LS2024,1:1,0.85
VS2022-093-0262,LS2024-093-0262,93,VS2022>LS2024,1:1,0.85
VS2022-093-0263,LS2024-093-0263,93,VS2022>LS2024,1:1,0.85
VS2022-093-0264,LS2024-093-0264,93,VS2022>LS2024,1:1,0.85
VS2022-093-0265,LS2024-093-0265,93,VS2022>LS2024,1:1,0.85
VS2022-093-0266,LS2024-093-0266,93,VS2022>LS2024,1:1,0.85
VS2022-093-0267,LS2024-093-0267,93,VS2022>LS2024,1:1,0.85
VS2022-093-0268,LS2024-093-0268,93,VS2022>LS2024,1:1,0.85
VS2022-093-0269,LS2024-093-0269,93,VS2022>LS2024,1:1,0.85
VS2022-093-0270,LS2024-093-0270,93,VS2022>LS2024,1:1,0.85
VS2022-093-0271,LS2024-093-0271,93,VS2022>LS2024,1:1,0.85
VS2022-093-0272,LS2024-093-0272,93,VS2022>LS2024,1:1,0.85
VS2022-093-0273,LS2024-093-0273,93,VS2022>LS2024,1:1,0.85
VS2022-093-0274,LS2024-093-0274,93,VS2022>LS2024,1:1,0.85
VS2022-093-0275,LS2024-093-0275,93,VS2022>LS2024,1:1,0.85
VS2022-093-0276,LS2024-093-0276,93,VS2022>LS2024,1:1,0.85
VS2022-093-0277,LS2024-093-0277,93,VS2022>LS2024,1:1,0.85
VS2022-093-0278,LS2024-093-0278,93,VS2022>LS2024,1:1,0.85
VS2022-093-0279,LS2024-093-0279,93,VS2022>LS2024,1:1,0.85
VS2022-093-0280,LS2024-093-0280,93,VS2022>LS2024,1:1,0.85
VS2022-093-0281,LS2024-093-0281,93,VS2022>LS2024,1:1,0.85
VS2022-093-0282,LS2024-093-0282,93,VS2022>LS2024,1:1,0.85
VS2022-093-0283,LS2024-093-0283,93,VS2022>LS2024,1:1,0.85
VS2022-093-0284,LS2024-093-0284,93,VS2022>LS2024,1:1,0.85
VS2022-093-0285,LS2024-093-0285,93,VS2022>LS2024,1:1,0.85
VS2022-093-0286,LS2024-093-0286,93,VS2022>LS2024,1:1,0.85
VS2022-093-0287,LS2024-093-0287,93,VS2022>LS2024,1:1,0.85
VS2022-093-0288,LS2024-093-0288,93,VS2022>LS2024,1:1,0.85
VS2022-093-0289,LS2024-093-0289,93,VS2022>LS2024,1:1,0.85
VS2022-093-0290,LS2024-093-0290,93,VS2022>LS2024,1:1,0.85
VS2022-093-0291,LS2024-093-0291,93,VS2022>LS2024,1:1,0.85
VS2022-093-0292,LS2024-093-0292,93,VS2022>LS2024,1:1,0.85
VS2022-093-0293,LS2024-093-0293,93,VS2022>LS2024,1:1,0.85
VS2022-093-0294,LS2024-093-0294,93,VS2022>LS2024,1:1,0.85
VS2022-093-0295,LS2024-093-0295,93,VS2022>LS2024,1:1,0.85
VS2022-093-0296,LS2024-093-0296,93,VS2022>LS2024,1:1,0.85
VS2022-093-0297,LS2024-093-0297,93,VS2022>LS2024,1:1,0.85
VS2022-093-0298,LS2024-093-0298,93,VS2022>LS2024,1:1,0.85
VS2022-093-0299,LS2024-093-0299,93,VS2022>LS2024,1:1,0.85
VS2022-093-0300,LS2024-093-0300,93,VS2022>LS2024,1:1,0.85
VS2022-093-0301,LS2024-093-0301,93,VS2022>LS2024,1:1,0.85
VS2022-093-0302,LS2024-093-0302,93,VS2022>LS2024,1:1,0.85
VS2022-093-0303,LS2024-093-0303,93,VS2022>LS2024,1:1,0.85
VS2022-093-0304,LS2024-093-0304,93,VS2022>LS2024,1:1,0.85
VS2022-093-0305,LS2024-093-0305,93,VS2022>LS2024,1:1,0.85
VS2022-093-0306,LS2024-093-0306,93,VS2022>LS2024,1:1,0.85
VS2022-093-0307,LS2024-093-0307,93,VS2022>LS2024,1:1,0.85
VS2022-093-0308,LS2024-093-0308,93,VS2022>LS2024,1:1,0.85
VS2022-093-0309,LS2024-093-0309,93,VS2022>LS2024,1:1,0.85
VS2022-093-0310,LS2024-093-0310,93,VS2022>LS2024,1:1,0.85
VS2022-093-0311,LS2024-093-0311,93,VS2022>LS2024,1:1,0.85
VS2022-093-0312,LS2024-093-0312,93,VS2022>LS2024,1:1,0.85
VS2022-093-0313,LS2024-093-0313,93,VS2022>LS2024,1:1,0.85
VS2022-093-0314,LS2024-093-0314,93,VS2022>LS2024,1:1,0.85
VS2022-093-0315,LS2024-093-0315,93,VS2022>LS2024,1:1,0.85
VS2022-093-0316,LS2024-093-0316,93,VS2022>LS2024,1:1,0.85
VS2022-093-0317,LS2024-093-0317,93,VS2022>LS2024,1:1,0.85
VS2022-093-0318,LS2024-093-0318,93,VS2022>LS2024,1:1,0.85
VS2022-093-0319,LS2024-093-0319,93,VS2022>LS2024,1:1,0.85
VS2022-093-0320,LS2024-093-0320,93,VS2022>LS2024,1:1,0.85
VS2022-093-0321,LS2024-093-0321,93,VS2022>LS2024,1:1,0.85
VS2022-093-0322,LS2024-093-0322,93,VS2022>LS2024,1:1,0.85
VS2022-093-0323,LS2024-093-0323,93,VS2022>LS2024,1:1,0.85
VS2022-093-0324,LS2024-093-0324,93,VS2022>LS2024,1:1,0.85
VS2022-093-0325,LS2024-093-0325,93,VS2022>LS2024,1:1,0.85
VS2022-093-0326,LS2024-093-0326,93,VS2022>LS2024,1:1,0.85
VS2022-093-0327,LS2024-093-0327,93,VS2022>LS2024,1:1,0.85
VS2022-093-0328,LS2024-093-0328,93,VS2022>LS2024,1:1,0.85
VS2022-093-0329,LS2024-093-0329,93,VS2022>LS2024,1:1,0.85
VS2022-093-0330,LS2024-093-0330,93,VS2022>LS2024,1:1,0.85
VS2022-093-0331,LS2024-093-0331,93,VS2022>LS2024,1:1,0.85
VS2022-093-0332,LS2024-093-0332,93,VS2022>LS2024,1:1,0.85
VS2022-093-0333,LS2024-093-0333,93,VS2022>LS2024,1:1,0.85
VS2022-093-0334,LS2024-093-0334,93,VS2022>LS2024,1:1,0.85
VS2022-093-0335,LS2024-093-0335,93,VS2022>LS2024,1:1,0.85
VS2022-093-0336,LS2024-093-0336,93,VS2022>LS2024,1:1,0.85
VS2022-093-0337,LS2024-093-0337,93,VS2022>LS2024,1:1,0.85
VS2022-093-0338,LS2024-093-0338,93,VS2022>LS2024,1:1,0.85
VS2022-093-0339,LS2024-093-0339,93,VS2022>LS2024,1:1,0.85
VS2022-093-0340,LS2024-093-0340,93,VS2022>LS2024,1:1,0.85
VS2022-093-0341,LS2024-093-0341,93,VS2022>LS2024,1:1,0.85
VS2022-093-0342,LS2024-093-0342,93,VS2022>LS2024,1:1,0.85
VS2022-093-0343,LS2024-093-0343,93,VS2022>LS2024,1:1,0.85
VS2022-093-0344,LS2024-093-0344,93,VS2022>LS2024,1:1,0.85
VS2022-093-0345,LS2024-093-0345,93,VS2022>LS2024,1:1,0.85
VS2022-093-0346,LS2024-093-0346,93,VS2022>LS2024,1:1,0.85
VS2022-093-0347,LS2024-093-0347,93,VS2022>LS2024,1:1,0.85
VS2022-093-0348,LS2024-093-0348,93,VS2022>LS2024,1:1,0.85
VS2022-093-0349,LS2024-093-0349,93,VS2022>LS2024,1:1,0.85
VS2022-093-0350,LS2024-093-0350,93,VS2022>LS2024,1:1,0.85
VS2022-093-0351,LS2024-093-0351,93,VS2022>LS2024,1:1,0.85
VS2022-093-0352,LS2024-093-0352,93,VS2022>LS2024,1:1,0.85
VS2022-093-0353,LS2024-093-0353,93,VS2022>LS2024,1:1,0.85
VS2022-093-0354,LS2024-093-0354,93,VS2022>LS2024,1:1,0.85
VS2022-093-0355,LS2024-093-0355,93,VS2022>LS2024,1:1,0.85
VS2022-093-0356,LS2024-093-0356,93,VS2022>LS2024,1:1,0.85
VS2022-093-0357,LS2024-093-0357,93,VS2022>LS2024,1:1,0.85
VS2022-093-0358,LS2024-093-0358,93,VS2022>LS2024,1:1,0.85
VS2022-093-0359,LS2024-093-0359,93,VS2022>LS2024,1:1,0.85
VS2022-093-0360,LS2024-093-0360,93,VS2022>LS2024,1:1,0.85
VS2022-093-0361,LS2024-093-0361,93,VS2022>LS2024,1:1,0.85
VS2022-093-0362,LS2024-093-0362,93,VS2022>LS2024,1:1,0.85
VS2022-093-0363,LS2024-093-0363,93,VS2022>LS2024,1:1,0.85
VS2022-093-0364,LS2024-093-0364,93,VS2022>LS2024,1:1,0.85
VS2022-093-0365,LS2024-093-0365,93,VS2022>LS2024,1:1,0.85
VS2022-093-0366,LS2024-093-0366,93,VS2022>LS2024,1:1,0.85
VS2022-093-0367,LS2024-093-0367,93,VS2022>LS2024,1:1,0.85
VS2022-093-0368,LS2024-093-0368,93,VS2022>LS2024,1:1,0.85
VS2022-094-0001,LS2024-094-0001,94,VS2022>LS2024,1:1,0.85
VS2022-094-0002,LS2024-094-0002,94,VS2022>LS2024,1:1,0.85
VS2022-094-0003,LS2024-094-0003,94,VS2022>LS2024,1:1,0.85
VS2022-094-0004,LS2024-094-0004,94,VS2022>LS2024,1:1,0.85
VS2022-094-0005,LS2024-094-0005,94,VS2022>LS2024,1:1,0.85
VS2022-094-0006,LS2024-094-0006,94,VS2022>LS2024,1:1,0.85
VS2022-094-0007,LS2024-094-0007,94,VS2022>LS2024,1:1,0.85
VS2022-094-0008,LS2024-094-0008,94,VS2022>LS2024,1:1,0.85
VS2022-094-0009,LS2024-094-0009,94,VS2022>LS2024,1:1,0.85
VS2022-094-0010,LS2024-094-0010,94,VS2022>LS2024,1:1,0.85
VS2022-094-0011,LS2024-094-0011,94,VS2022>LS2024,1:1,0.85
VS2022-094-0012,LS2024-094-0012,94,VS2022>LS2024,1:1,0.85
VS2022-094-0013,LS2024-094-0013,94,VS2022>LS2024,1:1,0.85
VS2022-094-0014,LS2024-094-0014,94,VS2022>LS2024,1:1,0.85
VS2022-094-0015,LS2024-094-0015,94,VS2022>LS2024,1:1,0.85
VS2022-094-0016,LS2024-094-0016,94,VS2022>LS2024,1:1,0.85
VS2022-094-0017,LS2024-094-0017,94,VS2022>LS2024,1:1,0.85
VS2022-094-0018,LS2024-094-0018,94,VS2022>LS2024,1:1,0.85
VS2022-094-0019,LS2024-094-0019,94,VS2022>LS2024,1:1,0.85
VS2022-094-0020,LS2024-094-0020,94,VS2022>LS2024,1:1,0.85
VS2022-094-0021,LS2024-094-0021,94,VS2022>LS2024,1:1,0.85
VS2022-094-0022,LS2024-094-0022,94,VS2022>LS2024,1:1,0.85
VS2022-094-0023,LS2024-094-0023,94,VS2022>LS2024,1:1,0.85
VS2022-094-0024,LS2024-094-0024,94,VS2022>LS2024,1:1,0.85
VS2022-094-0025,LS2024-094-0025,94,VS2022>LS2024,1:1,0.85
VS2022-094-0026,LS2024-094-0026,94,VS2022>LS2024,1:1,0.85
VS2022-094-0027,LS2024-094-0027,94,VS2022>LS2024,1:1,0.85
VS2022-094-0028,LS2024-094-0028,94,VS2022>LS2024,1:1,0.85
VS2022-094-0029,LS2024-094-0029,94,VS2022>LS2024,1:1,0.85
VS2022-094-0030,LS2024-094-0030,94,VS2022>LS2024,1:1,0.85
VS2022-094-0031,LS2024-094-0031,94,VS2022>LS2024,1:1,0.85
VS2022-094-0032,LS2024-094-0032,94,VS2022>LS2024,1:1,0.85
VS2022-094-0033,LS2024-094-0033,94,VS2022>LS2024,1:1,0.85
VS2022-094-0034,LS2024-094-0034,94,VS2022>LS2024,1:1,0.85
VS2022-094-0035,LS2024-094-0035,94,VS2022>LS2024,1:1,0.85
VS2022-094-0036,LS2024-094-0036,94,VS2022>LS2024,1:1,0.85
VS2022-094-0037,LS2024-094-0037,94,VS2022>LS2024,1:1,0.85
VS2022-094-0038,LS2024-094-0038,94,VS2022>LS2024,1:1,0.85
VS2022-094-0039,LS2024-094-0039,94,VS2022>LS2024,1:1,0.85
VS2022-094-0040,LS2024-094-0040,94,VS2022>LS2024,1:1,0.85
VS2022-094-0041,LS2024-094-0041,94,VS2022>LS2024,1:1,0.85
VS2022-094-0042,LS2024-094-0042,94,VS2022>LS2024,1:1,0.85
VS2022-094-0043,LS2024-094-0043,94,VS2022>LS2024,1:1,0.85
VS2022-094-0044,LS2024-094-0044,94,VS2022>LS2024,1:1,0.85
VS2022-094-0045,LS2024-094-0045,94,VS2022>LS2024,1:1,0.85
VS2022-094-0046,LS2024-094-0046,94,VS2022>LS2024,1:1,0.85
VS2022-094-0047,LS2024-094-0047,94,VS2022>LS2024,1:1,0.85
VS2022-094-0048,LS2024-094-0048,94,VS2022>LS2024,1:1,0.85
VS2022-094-0049,LS2024-094-0049,94,VS2022>LS2024,1:1,0.85
VS2022-094-0050,LS2024-094-0050,94,VS2022>LS2024,1:1,0.85
VS2022-094-0051,LS2024-094-0051,94,VS2022>LS2024,1:1,0.85
VS2022-094-0052,LS2024-094-0052,94,VS2022>LS2024,1:1,0.85
VS2022-094-0053,LS2024-094-0053,94,VS2022>LS2024,1:1,0.85
VS2022-094-0054,LS2024-094-0054,94,VS2022>LS2024,1:1,0.85
VS2022-094-0055,LS2024-094-0055,94,VS2022>LS2024,1:1,0.85
VS2022-094-0056,LS2024-094-0056,94,VS2022>LS2024,1:1,0.85
VS2022-094-0057,LS2024-094-0057,94,VS2022>LS2024,1:1,0.85
VS2022-094-0058,LS2024-094-0058,94,VS2022>LS2024,1:1,0.85
VS2022-094-0059,LS2024-094-0059,94,VS2022>LS2024,1:1,0.85
VS2022-094-0060,LS2024-094-0060,94,VS2022>LS2024,1:1,0.85
VS2022-094-0061,LS2024-094-0061,94,VS2022>LS2024,1:1,0.85
VS2022-094-0062,LS2024-094-0062,94,VS2022>LS2024,1:1,0.85
VS2022-094-0063,LS2024-094-0063,94,VS2022>LS2024,1:1,0.85
VS2022-094-0064,LS2024-094-0064,94,VS2022>LS2024,1:1,0.85
VS2022-094-0065,LS2024-094-0065,94,VS2022>LS2024,1:1,0.85
VS2022-094-0066,LS2024-094-0066,94,VS2022>LS2024,1:1,0.85
VS2022-094-0067,LS2024-094-0067,94,VS2022>LS2024,1:1,0.85
VS2022-094-0068,LS2024-094-0068,94,VS2022>LS2024,1:1,0.85
VS2022-094-0069,LS2024-094-0069,94,VS2022>LS2024,1:1,0.85
VS2022-094-0070,LS2024-094-0070,94,VS2022>LS2024,1:1,0.85
VS2022-094-0071,LS2024-094-0071,94,VS2022>LS2024,1:1,0.85
VS2022-094-0072,LS2024-094-0072,94,VS2022>LS2024,1:1,0.85
VS2022-094-0073,LS2024-094-0073,94,VS2022>LS2024,1:1,0.85
VS2022-094-0074,LS2024-094-0074,94,VS2022>LS2024,1:1,0.85
VS2022-094-0075,LS2024-094-0075,94,VS2022>LS2024,1:1,0.85
VS2022-094-0076,LS2024-094-0076,94,VS2022>LS2024,1:1,0.85
VS2022-094-0077,LS2024-094-0077,94,VS2022>LS2024,1:1,0.85
VS2022-094-0078,LS2024-094-0078,94,VS2022>LS2024,1:1,0.85
VS2022-094-0079,LS2024-094-0079,94,VS2022>LS2024,1:1,0.85
VS2022-094-0080,LS2024-094-0080,94,VS2022>LS2024,1:1,0.85
VS2022-094-0081,LS2024-094-0081,94,VS2022>LS2024,1:1,0.85
VS2022-094-0082,LS2024-094-0082,94,VS2022>LS2024,1:1,0.85
VS2022-094-0083,LS2024-094-0083,94,VS2022>LS2024,1:1,0.85
VS2022-094-0084,LS2024-094-0084,94,VS2022>LS2024,1:1,0.85
VS2022-094-0085,LS2024-094-0085,94,VS2022>LS2024,1:1,0.85
VS2022-094-0086,LS2024-094-0086,94,VS2022>LS2024,1:1,0.85
VS2022-094-0087,LS2024-094-0087,94,VS2022>LS2024,1:1,0.85
VS2022-094-0088,LS2024-094-0088,94,VS2022>LS2024,1:1,0.85
VS2022-094-0089,LS2024-094-0089,94,VS2022>LS2024,1:1,0.85
VS2022-094-0090,LS2024-094-0090,94,VS2022>LS2024,1:1,0.85
VS2022-094-0091,LS2024-094-0091,94,VS2022>LS2024,1:1,0.85
VS2022-094-0092,LS2024-094-0092,94,VS2022>LS2024,1:1,0.85
VS2022-094-0093,LS2024-094-0093,94,VS2022>LS2024,1:1,0.85
VS2022-094-0094,LS2024-094-0094,94,VS2022>LS2024,1:1,0.85
VS2022-094-0095,LS2024-094-0095,94,VS2022>LS2024,1:1,0.85
VS2022-094-0096,LS2024-094-0096,94,VS2022>LS2024,1:1,0.85
VS2022-094-0097,LS2024-094-0097,94,VS2022>LS2024,1:1,0.85
VS2022-094-0098,LS2024-094-0098,94,VS2022>LS2024,1:1,0.85
VS2022-094-0099,LS2024-094-0099,94,VS2022>LS2024,1:1,0.85
VS2022-094-0100,LS2024-094-0100,94,VS2022>LS2024,1:1,0.85
VS2022-094-0101,LS2024-094-0101,94,VS2022>LS2024,1:1,0.85
VS2022-094-0102,LS2024-094-0102,94,VS2022>LS2024,1:1,0.85
VS2022-094-0103,LS2024-094-0103,94,VS2022>LS2024,1:1,0.85
VS2022-094-0104,LS2024-094-0104,94,VS2022>LS2024,1:1,0.85
VS2022-094-0105,LS2024-094-0105,94,VS2022>LS2024,1:1,0.85
VS2022-094-0106,LS2024-094-0106,94,VS2022>LS2024,1:1,0.85
VS2022-094-0107,LS2024-094-0107,94,VS2022>LS2024,1:1,0.85
VS2022-094-0108,LS2024-094-0108,94,VS2022>LS2024,1:1,0.85
VS2022-094-0109,LS2024-094-0109,94,VS2022>LS2024,1:1,0.85
VS2022-094-0110,LS2024-094-0110,94,VS2022>LS2024,1:1,0.85
VS2022-094-0111,LS2024-094-0111,94,VS2022>LS2024,1:1,0.85
VS2022-094-0112,LS2024-094-0112,94,VS2022>LS2024,1:1,0.85
VS2022-094-0113,LS2024-094-0113,94,VS2022>LS2024,1:1,0.85
VS2022-094-0114,LS2024-094-0114,94,VS2022>LS2024,1:1,0.85
VS2022-094-0115,LS2024-094-0115,94,VS2022>LS2024,1:1,0.85
VS2022-094-0116,LS2024-094-0116,94,VS2022>LS2024,1:1,0.85
VS2022-094-0117,LS2024-094-0117,94,VS2022>LS2024,1:1,0.85
VS2022-094-0118,LS2024-094-0118,94,VS2022>LS2024,1:1,0.85
VS2022-094-0119,LS2024-094-0119,94,VS2022>LS2024,1:1,0.85
VS2022-094-0120,LS2024-094-0120,94,VS2022>LS2024,1:1,0.85
VS2022-094-0121,LS2024-094-0121,94,VS2022>LS2024,1:1,0.85
VS2022-094-0122,LS2024-094-0122,94,VS2022>LS2024,1:1,0.85
VS2022-094-0123,LS2024-094-0123,94,VS2022>LS2024,1:1,0.85
VS2022-094-0124,LS2024-094-0124,94,VS2022>LS2024,1:1,0.85
VS2022-094-0125,LS2024-094-0125,94,VS2022>LS2024,1:1,0.85
VS2022-094-0126,LS2024-094-0126,94,VS2022>LS2024,1:1,0.85
VS2022-094-0127,LS2024-094-0127,94,VS2022>LS2024,1:1,0.85
VS2022-094-0128,LS2024-094-0128,94,VS2022>LS2024,1:1,0.85
VS2022-094-0129,LS2024-094-0129,94,VS2022>LS2024,1:1,0.85
VS2022-094-0130,LS2024-094-0130,94,VS2022>LS2024,1:1,0.85
VS2022-094-0131,LS2024-094-0131,94,VS2022>LS2024,1:1,0.85
VS2022-094-0132,LS2024-094-0132,94,VS2022>LS2024,1:1,0.85
VS2022-094-0133,LS2024-094-0133,94,VS2022>LS2024,1:1,0.85
VS2022-094-0134,LS2024-094-0134,94,VS2022>LS2024,1:1,0.85
VS2022-094-0135,LS2024-094-0135,94,VS2022>LS2024,1:1,0.85
VS2022-094-0136,LS2024-094-0136,94,VS2022>LS2024,1:1,0.85
VS2022-094-0137,LS2024-094-0137,94,VS2022>LS2024,1:1,0.85
VS2022-094-0138,LS2024-094-0138,94,VS2022>LS2024,1:1,0.85
VS2022-094-0139,LS2024-094-0139,94,VS2022>LS2024,1:1,0.85
VS2022-094-0140,LS2024-094-0140,94,VS2022>LS2024,1:1,0.85
VS2022-094-0141,LS2024-094-0141,94,VS2022>LS2024,1:1,0.85
VS2022-094-0142,LS2024-094-0142,94,VS2022>LS2024,1:1,0.85
VS2022-094-0143,LS2024-094-0143,94,VS2022>LS2024,1:1,0.85
VS2022-094-0144,LS2024-094-0144,94,VS2022>LS2024,1:1,0.85
VS2022-094-0145,LS2024-094-0145,94,VS2022>LS2024,1:1,0.85
VS2022-094-0146,LS2024-094-0146,94,VS2022>LS2024,1:1,0.85
VS2022-094-0147,LS2024-094-0147,94,VS2022>LS2024,1:1,0.85
VS2022-094-0148,LS2024-094-0148,94,VS2022>LS2024,1:1,0.85
VS2022-094-0149,LS2024-094-0149,94,VS2022>LS2024,1:1,0.85
VS2022-094-0150,LS2024-094-0150,94,VS2022>LS2024,1:1,0.85
VS2022-094-0151,LS2024-094-0151,94,VS2022>LS2024,1:1,0.85
VS2022-094-0152,LS2024-094-0152,94,VS2022>LS2024,1:1,0.85
VS2022-094-0153,LS2024-094-0153,94,VS2022>LS2024,1:1,0.85
VS2022-094-0154,LS2024-094-0154,94,VS2022>LS2024,1:1,0.85
VS2022-094-0155,LS2024-094-0155,94,VS2022>LS2024,1:1,0.85
VS2022-094-0156,LS2024-094-0156,94,VS2022>LS2024,1:1,0.85
VS2022-094-0157,LS2024-094-0157,94,VS2022>LS2024,1:1,0.85
VS2022-094-0158,LS2024-094-0158,94,VS2022>LS2024,1:1,0.85
VS2022-094-0159,LS2024-094-0159,94,VS2022>LS2024,1:1,0.85
VS2022-094-0160,LS2024-094-0160,94,VS2022>LS2024,1:1,0.85
VS2022-094-0161,LS2024-094-0161,94,VS2022>LS2024,1:1,0.85
VS2022-094-0162,LS2024-094-0162,94,VS2022>LS2024,1:1,0.85
VS2022-094-0163,LS2024-094-0163,94,VS2022>LS2024,1:1,0.85
VS2022-094-0164,LS2024-094-0164,94,VS2022>LS2024,1:1,0.85
VS2022-094-0165,LS2024-094-0165,94,VS2022>LS2024,1:1,0.85
VS2022-094-0166,LS2024-094-0166,94,VS2022>LS2024,1:1,0.85
VS2022-094-0167,LS2024-094-0167,94,VS2022>LS2024,1:1,0.85
VS2022-094-0168,LS2024-094-0168,94,VS2022>LS2024,1:1,0.85
VS2022-094-0169,LS2024-094-0169,94,VS2022>LS2024,1:1,0.85
VS2022-094-0170,LS2024-094-0170,94,VS2022>LS2024,1:1,0.85
VS2022-094-0171,LS2024-094-0171,94,VS2022>LS2024,1:1,0.85
VS2022-094-0172,LS2024-094-0172,94,VS2022>LS2024,1:1,0.85
VS2022-094-0173,LS2024-094-0173,94,VS2022>LS2024,1:1,0.85
VS2022-094-0174,LS2024-094-0174,94,VS2022>LS2024,1:1,0.85
VS2022-094-0175,LS2024-094-0175,94,VS2022>LS2024,1:1,0.85
VS2022-094-0176,LS2024-094-0176,94,VS2022>LS2024,1:1,0.85
VS2022-094-0177,LS2024-094-0177,94,VS2022>LS2024,1:1,0.85
VS2022-094-0178,LS2024-094-0178,94,VS2022>LS2024,1:1,0.85
VS2022-094-0179,LS2024-094-0179,94,VS2022>LS2024,1:1,0.85
VS2022-094-0180,LS2024-094-0180,94,VS2022>LS2024,1:1,0.85
VS2022-094-0181,LS2024-094-0181,94,VS2022>LS2024,1:1,0.85
VS2022-094-0182,LS2024-094-0182,94,VS2022>LS2024,1:1,0.85
VS2022-094-0183,LS2024-094-0183,94,VS2022>LS2024,1:1,0.85
VS2022-094-0184,LS2024-094-0184,94,VS2022>LS2024,1:1,0.85
VS2022-094-0185,LS2024-094-0185,94,VS2022>LS2024,1:1,0.85
VS2022-094-0186,LS2024-094-0186,94,VS2022>LS2024,1:1,0.85
VS2022-094-0187,LS2024-094-0187,94,VS2022>LS2024,1:1,0.85
VS2022-094-0188,LS2024-094-0188,94,VS2022>LS2024,1:1,0.85
VS2022-094-0189,LS2024-094-0189,94,VS2022>LS2024,1:1,0.85
VS2022-094-0190,LS2024-094-0190,94,VS2022>LS2024,1:1,0.85
VS2022-094-0191,LS2024-094-0191,94,VS2022>LS2024,1:1,0.85
VS2022-094-0192,LS2024-094-0192,94,VS2022>LS2024,1:1,0.85
VS2022-094-0193,LS2024-094-0193,94,VS2022>LS2024,1:1,0.85
VS2022-094-0194,LS2024-094-0194,94,VS2022>LS2024,1:1,0.85
VS2022-094-0195,LS2024-094-0195,94,VS2022>LS2024,1:1,0.85
VS2022-094-0196,LS2024-094-0196,94,VS2022>LS2024,1:1,0.85
VS2022-094-0197,LS2024-094-0197,94,VS2022>LS2024,1:1,0.85
VS2022-094-0198,LS2024-094-0198,94,VS2022>LS2024,1:1,0.85
VS2022-094-0199,LS2024-094-0199,94,VS2022>LS2024,1:1,0.85
VS2022-094-0200,LS2024-094-0200,94,VS2022>LS2024,1:1,0.85
VS2022-094-0201,LS2024-094-0201,94,VS2022>LS2024,1:1,0.85
VS2022-094-0202,LS2024-094-0202,94,VS2022>LS2024,1:1,0.85
VS2022-094-0203,LS2024-094-0203,94,VS2022>LS2024,1:1,0.85
VS2022-094-0204,LS2024-094-0204,94,VS2022>LS2024,1:1,0.85
VS2022-094-0205,LS2024-094-0205,94,VS2022>LS2024,1:1,0.85
VS2022-094-0206,LS2024-094-0206,94,VS2022>LS2024,1:1,0.85
VS2022-094-0207,LS2024-094-0207,94,VS2022>LS2024,1:1,0.85
VS2022-094-0208,LS2024-094-0208,94,VS2022>LS2024,1:1,0.85
VS2022-094-0209,LS2024-094-0209,94,VS2022>LS2024,1:1,0.85
VS2022-094-0210,LS2024-094-0210,94,VS2022>LS2024,1:1,0.85
VS2022-094-0211,LS2024-094-0211,94,VS2022>LS2024,1:1,0.85
VS2022-094-0212,LS2024-094-0212,94,VS2022>LS2024,1:1,0.85
VS2022-094-0213,LS2024-094-0213,94,VS2022>LS2024,1:1,0.85
VS2022-094-0214,LS2024-094-0214,94,VS2022>LS2024,1:1,0.85
VS2022-094-0215,LS2024-094-0215,94,VS2022>LS2024,1:1,0.85
VS2022-094-0216,LS2024-094-0216,94,VS2022>LS2024,1:1,0.85
VS2022-094-0217,LS2024-094-0217,94,VS2022>LS2024,1:1,0.85
VS2022-094-0218,LS2024-094-0218,94,VS2022>LS2024,1:1,0.85
VS2022-094-0219,LS2024-094-0219,94,VS2022>LS2024,1:1,0.85
VS2022-094-0220,LS2024-094-0220,94,VS2022>LS2024,1:1,0.85
VS2022-094-0221,LS2024-094-0221,94,VS2022>LS2024,1:1,0.85
VS2022-094-0222,LS2024-094-0222,94,VS2022>LS2024,1:1,0.85
VS2022-094-0223,LS2024-094-0223,94,VS2022>LS2024,1:1,0.85
VS2022-094-0224,LS2024-094-0224,94,VS2022>LS2024,1:1,0.85
VS2022-094-0225,LS2024-094-0225,94,VS2022>LS2024,1:1,0.85
VS2022-094-0226,LS2024-094-0226,94,VS2022>LS2024,1:1,0.85
VS2022-094-0227,LS2024-094-0227,94,VS2022>LS2024,1:1,0.85
VS2022-094-0228,LS2024-094-0228,94,VS2022>LS2024,1:1,0.85
VS2022-094-0229,LS2024-094-0229,94,VS2022>LS2024,1:1,0.85
VS2022-094-0230,LS2024-094-0230,94,VS2022>LS2024,1:1,0.85
VS2022-094-0231,LS2024-094-0231,94,VS2022>LS2024,1:1,0.85
VS2022-094-0232,LS2024-094-0232,94,VS2022>LS2024,1:1,0.85
VS2022-094-0233,LS2024-094-0233,94,VS2022>LS2024,1:1,0.85
VS2022-094-0234,LS2024-094-0234,94,VS2022>LS2024,1:1,0.85
VS2022-094-0235,LS2024-094-0235,94,VS2022>LS2024,1:1,0.85
VS2022-094-0236,LS2024-094-0236,94,VS2022>LS2024,1:1,0.85
VS2022-094-0237,LS2024-094-0237,94,VS2022>LS2024,1:1,0.85
VS2022-094-0238,LS2024-094-0238,94,VS2022>LS2024,1:1,0.85
VS2022-094-0239,LS2024-094-0239,94,VS2022>LS2024,1:1,0.85
VS2022-094-0240,LS2024-094-0240,94,VS2022>LS2024,1:1,0.85
VS2022-094-0241,LS2024-094-0241,94,VS2022>LS2024,1:1,0.85
VS2022-094-0242,LS2024-094-0242,94,VS2022>LS2024,1:1,0.85
VS2022-094-0243,LS2024-094-0243,94,VS2022>LS2024,1:1,0.85
VS2022-094-0244,LS2024-094-0244,94,VS2022>LS2024,1:1,0.85
VS2022-094-0245,LS2024-094-0245,94,VS2022>LS2024,1:1,0.85
VS2022-094-0246,LS2024-094-0246,94,VS2022>LS2024,1:1,0.85
VS2022-094-0247,LS2024-094-0247,94,VS2022>LS2024,1:1,0.85
VS2022-094-0248,LS2024-094-0248,94,VS2022>LS2024,1:1,0.85
VS2022-094-0249,LS2024-094-0249,94,VS2022>LS2024,1:1,0.85
VS2022-094-0250,LS2024-094-0250,94,VS2022>LS2024,1:1,0.85
VS2022-094-0251,LS2024-094-0251,94,VS2022>LS2024,1:1,0.85
VS2022-094-0252,LS2024-094-0252,94,VS2022>LS2024,1:1,0.85
VS2022-094-0253,LS2024-094-0253,94,VS2022>LS2024,1:1,0.85
VS2022-094-0254,LS2024-094-0254,94,VS2022>LS2024,1:1,0.85
VS2022-094-0255,LS2024-094-0255,94,VS2022>LS2024,1:1,0.85
VS2022-094-0256,LS2024-094-0256,94,VS2022>LS2024,1:1,0.85
VS2022-094-0257,LS2024-094-0257,94,VS2022>LS2024,1:1,0.85
VS2022-094-0258,LS2024-094-0258,94,VS2022>LS2024,1:1,0.85
VS2022-094-0259,LS2024-094-0259,94,VS2022>LS2024,1:1,0.85
VS2022-094-0260,LS2024-094-0260,94,VS2022>LS2024,1:1,0.85
VS2022-094-0261,LS2024-094-0261,94,VS2022>LS2024,1:1,0.85
VS2022-094-0262,LS2024-094-0262,94,VS2022>LS2024,1:1,0.85
VS2022-094-0263,LS2024-094-0263,94,VS2022>LS2024,1:1,0.85
VS2022-094-0264,LS2024-094-0264,94,VS2022>LS2024,1:1,0.85
VS2022-094-0265,LS2024-094-0265,94,VS2022>LS2024,1:1,0.85
VS2022-094-0266,LS2024-094-0266,94,VS2022>LS2024,1:1,0.85
VS2022-094-0267,LS2024-094-0267,94,VS2022>LS2024,1:1,0.85
VS2022-094-0268,LS2024-094-0268,94,VS2022>LS2024,1:1,0.85
VS2022-094-0269,LS2024-094-0269,94,VS2022>LS2024,1:1,0.85
VS2022-094-0270,LS2024-094-0270,94,VS2022>LS2024,1:1,0.85
VS2022-094-0271,LS2024-094-0271,94,VS2022>LS2024,1:1,0.85
VS2022-094-0272,LS2024-094-0272,94,VS2022>LS2024,1:1,0.85
VS2022-094-0273,LS2024-094-0273,94,VS2022>LS2024,1:1,0.85
VS2022-094-0274,LS2024-094-0274,94,VS2022>LS2024,1:1,0.85
VS2022-094-0275,LS2024-094-0275,94,VS2022>LS2024,1:1,0.85
VS2022-094-0276,LS2024-094-0276,94,VS2022>LS2024,1:1,0.85
VS2022-094-0277,LS2024-094-0277,94,VS2022>LS2024,1:1,0.85
VS2022-094-0278,LS2024-094-0278,94,VS2022>LS2024,1:1,0.85
VS2022-094-0279,LS2024-094-0279,94,VS2022>LS2024,1:1,0.85
VS2022-094-0280,LS2024-094-0280,94,VS2022>LS2024,1:1,0.85
VS2022-094-0281,LS2024-094-0281,94,VS2022>LS2024,1:1,0.85
VS2022-094-0282,LS2024-094-0282,94,VS2022>LS2024,1:1,0.85
VS2022-094-0283,LS2024-094-0283,94,VS2022>LS2024,1:1,0.85
VS2022-094-0284,LS2024-094-0284,94,VS2022>LS2024,1:1,0.85
VS2022-094-0285,LS2024-094-0285,94,VS2022>LS2024,1:1,0.85
VS2022-094-0286,LS2024-094-0286,94,VS2022>LS2024,1:1,0.85
VS2022-094-0287,LS2024-094-0287,94,VS2022>LS2024,1:1,0.85
VS2022-094-0288,LS2024-094-0288,94,VS2022>LS2024,1:1,0.85
VS2022-094-0289,LS2024-094-0289,94,VS2022>LS2024,1:1,0.85
VS2022-094-0290,LS2024-094-0290,94,VS2022>LS2024,1:1,0.85
VS2022-094-0291,LS2024-094-0291,94,VS2022>LS2024,1:1,0.85
VS2022-094-0292,LS2024-094-0292,94,VS2022>LS2024,1:1,0.85
VS2022-094-0293,LS2024-094-0293,94,VS2022>LS2024,1:1,0.85
VS2022-094-0294,LS2024-094-0294,94,VS2022>LS2024,1:1,0.85
VS2022-094-0295,LS2024-094-0295,94,VS2022>LS2024,1:1,0.85
VS2022-094-0296,LS2024-094-0296,94,VS2022>LS2024,1:1,0.85
VS2022-094-0297,LS2024-094-0297,94,VS2022>LS2024,1:1,0.85
VS2022-094-0298,LS2024-094-0298,94,VS2022>LS2024,1:1,0.85
VS2022-094-0299,LS2024-094-0299,94,VS2022>LS2024,1:1,0.85
VS2022-094-0300,LS2024-094-0300,94,VS2022>LS2024,1:1,0.85
VS2022-094-0301,LS2024-094-0301,94,VS2022>LS2024,1:1,0.85
VS2022-094-0302,LS2024-094-0302,94,VS2022>LS2024,1:1,0.85
VS2022-094-0303,LS2024-094-0303,94,VS2022>LS2024,1:1,0.85
VS2022-094-0304,LS2024-094-0304,94,VS2022>LS2024,1:1,0.85
VS2022-094-0305,LS2024-094-0305,94,VS2022>LS2024,1:1,0.85
VS2022-094-0306,LS2024-094-0306,94,VS2022>LS2024,1:1,0.85
VS2022-094-0307,LS2024-094-0307,94,VS2022>LS2024,1:1,0.85
VS2022-094-0308,LS2024-094-0308,94,VS2022>LS2024,1:1,0.85
VS2022-094-0309,LS2024-094-0309,94,VS2022>LS2024,1:1,0.85
VS2022-094-0310,LS2024-094-0310,94,VS2022>LS2024,1:1,0.85
VS2022-094-0311,LS2024-094-0311,94,VS2022>LS2024,1:1,0.85
VS2022-094-0312,LS2024-094-0312,94,VS2022>LS2024,1:1,0.85
VS2022-094-0313,LS2024-094-0313,94,VS2022>LS2024,1:1,0.85
VS2022-094-0314,LS2024-094-0314,94,VS2022>LS2024,1:1,0.85
VS2022-094-0315,LS2024-094-0315,94,VS2022>LS2024,1:1,0.85
VS2022-094-0316,LS2024-094-0316,94,VS2022>LS2024,1:1,0.85
VS2022-094-0317,LS2024-094-0317,94,VS2022>LS2024,1:1,0.85
VS2022-094-0318,LS2024-094-0318,94,VS2022>LS2024,1:1,0.85
VS2022-094-0319,LS2024-094-0319,94,VS2022>LS2024,1:1,0.85
VS2022-094-0320,LS2024-094-0320,94,VS2022>LS2024,1:1,0.85
VS2022-094-0321,LS2024-094-0321,94,VS2022>LS2024,1:1,0.85
VS2022-094-0322,LS2024-094-0322,94,VS2022>LS2024,1:1,0.85
VS2022-094-0323,LS2024-094-0323,94,VS2022>LS2024,1:1,0.85
VS2022-094-0324,LS2024-094-0324,94,VS2022>LS2024,1:1,0.85
VS2022-094-0325,LS2024-094-0325,94,VS2022>LS2024,1:1,0.85
VS2022-094-0326,LS2024-094-0326,94,VS2022>LS2024,1:1,0.85
VS2022-094-0327,LS2024-094-0327,94,VS2022>LS2024,1:1,0.85
VS2022-094-0328,LS2024-094-0328,94,VS2022>LS2024,1:1,0.85
VS2022-094-0329,LS2024-094-0329,94,VS2022>LS2024,1:1,0.85
VS2022-094-0330,LS2024-094-0330,94,VS2022>LS2024,1:1,0.85
VS2022-094-0331,LS2024-094-0331,94,VS2022>LS2024,1:1,0.85
VS2022-094-0332,LS2024-094-0332,94,VS2022>LS2024,1:1,0.85
VS2022-094-0333,LS2024-094-0333,94,VS2022>LS2024,1:1,0.85
VS2022-094-0334,LS2024-094-0334,94,VS2022>LS2024,1:1,0.85
VS2022-094-0335,LS2024-094-0335,94,VS2022>LS2024,1:1,0.85
VS2022-094-0336,LS2024-094-0336,94,VS2022>LS2024,1:1,0.85
VS2022-094-0337,LS2024-094-0337,94,VS2022>LS2024,1:1,0.85
VS2022-094-0338,LS2024-094-0338,94,VS2022>LS2024,1:1,0.85
VS2022-094-0339,LS2024-094-0339,94,VS2022>LS2024,1:1,0.85
VS2022-094-0340,LS2024-094-0340,94,VS2022>LS2024,1:1,0.85
VS2022-094-0341,LS2024-094-0341,94,VS2022>LS2024,1:1,0.85
VS2022-094-0342,LS2024-094-0342,94,VS2022>LS2024,1:1,0.85
VS2022-094-0343,LS2024-094-0343,94,VS2022>LS2024,1:1,0.85
VS2022-094-0344,LS2024-094-0344,94,VS2022>LS2024,1:1,0.85
VS2022-094-0345,LS2024-094-0345,94,VS2022>LS2024,1:1,0.85
VS2022-094-0346,LS2024-094-0346,94,VS2022>LS2024,1:1,0.85
VS2022-094-0347,LS2024-094-0347,94,VS2022>LS2024,1:1,0.85
VS2022-094-0348,LS2024-094-0348,94,VS2022>LS2024,1:1,0.85
VS2022-094-0349,LS2024-094-0349,94,VS2022>LS2024,1:1,0.85
VS2022-094-0350,LS2024-094-0350,94,VS2022>LS2024,1:1,0.85
VS2022-094-0351,LS2024-094-0351,94,VS2022>LS2024,1:1,0.85
VS2022-094-0352,LS2024-094-0352,94,VS2022>LS2024,1:1,0.85
VS2022-094-0353,LS2024-094-0353,94,VS2022>LS2024,1:1,0.85
VS2022-094-0354,LS2024-094-0354,94,VS2022>LS2024,1:1,0.85
VS2022-094-0355,LS2024-094-0355,94,VS2022>LS2024,1:1,0.85
VS2022-094-0356,LS2024-094-0356,94,VS2022>LS2024,1:1,0.85
VS2022-094-0357,LS2024-094-0357,94,VS2022>LS2024,1:1,0.85
VS2022-094-0358,LS2024-094-0358,94,VS2022>LS2024,1:1,0.85
VS2022-094-0359,LS2024-094-0359,94,VS2022>LS2024,1:1,0.85
VS2022-094-0360,LS2024-094-0360,94,VS2022>LS2024,1:1,0.85
VS2022-094-0361,LS2024-094-0361,94,VS2022>LS2024,1:1,0.85
