booth_uid,ac,pair,result,score,top_features,winner_changed,confidence,benign_note
LS2019-086-0022,86,VS2017>LS2019,statistical_outlier,3.88,swing_INC=6.97 (z=3.9); swing_ASP=0.79 (z=2.2),False,standard,merge/split? new colony? migration? caste-cluster voting? boundary shift?
LS2019-086-0024,86,VS2017>LS2019,statistical_outlier,4.2,swing_INC=7.82 (z=4.2); margin_d=61.87 (z=1.7),False,standard,merge/split? new colony? migration? caste-cluster voting? boundary shift?
LS2019-086-0028,86,VS2017>LS2019,statistical_outlier,4.47,nota_d=2.04 (z=4.5); margin_d=58.69 (z=1.5),False,standard,merge/split? new colony? migration? caste-cluster voting? boundary shift?
LS2019-086-0035,86,VS2017>LS2019,statistical_outlier,3.75,swing_INC=7.21 (z=3.7); swing_BJP=59.23 (z=1.4),True,standard,merge/split? new colony? migration? caste-cluster voting? boundary shift?
LS2019-086-0040,86,VS2017>LS2019,statistical_outlier,3.56,swing_INC=6.97 (z=3.6); turnout_d=7.87 (z=1.2),False,standard,merge/split? new colony? migration? caste-cluster voting? boundary shift?
LS2019-086-0042,86,VS2017>LS2019,statistical_outlier,3.61,swing_ASP=1.19 (z=3.6); swing_INC=4.32 (z=1.9),False,standard,merge/split? new colony? migration? caste-cluster voting? boundary shift?
LS2019-086-0115,86,VS2017>LS2019,statistical_outlier,3.97,swing_IND=-3.07 (z=-4.0); swing_ASP=0.62 (z=1.4),False,standard,merge/split? new colony? migration? caste-cluster voting? boundary shift?
LS2019-086-0179,86,VS2017>LS2019,statistical_outlier,4.98,swing_INC=8.73 (z=5.0); swing_IND=1.59 (z=2.9),True,standard,merge/split? new colony? migration? caste-cluster voting? boundary shift?
LS2019-086-0190,86,VS2017>LS2019,statistical_outlier,3.54,swing_INC=6.81 (z=3.5); nota_d=0.85 (z=1.4),False,standard,merge/split? new colony? migration? caste-cluster voting? boundary shift?
LS2019-086-0192,86,VS2017>LS2019,statistical_outlier,5.19,nota_d=2.03 (z=5.2); swing_INC=6.39 (z=3.4),False,standard,merge/split? new colony? migration? caste-cluster voting? boundary shift?
LS2019-086-0199,86,VS2017>LS2019,statistical_outlier,5.5,swing_INC=9.76 (z=5.5); turnout_d=-29.32 (z=-2.6),True,standard,merge/split? new colony? migration? caste-cluster voting? boundary shift?
LS2019-086-0210,86,VS2017>LS2019,statistical_outlier,6.52,swing_INC=10.85 (z=6.5); nota_d=0.93 (z=1.7),True,standard,merge/split? new colony? migration? caste-cluster voting? boundary shift?
LS2019-086-0211,86,VS2017>LS2019,statistical_outlier,5.22,swing_INC=9.46 (z=5.2); turnout_d=-19.18 (z=-1.5),True,standard,merge/split? new colony? migration? caste-cluster voting? boundary shift?
LS2019-086-0212,86,VS2017>LS2019,statistical_outlier,7.32,swing_INC=13.16 (z=7.3); swing_IND=-1.67 (z=-1.9),True,standard,merge/split? new colony? migration? caste-cluster voting? boundary shift?
LS2019-086-0213,86,VS2017>LS2019,statistical_outlier,9.85,swing_INC=15.5 (z=9.8); nota_d=1.09 (z=2.2),False,standard,merge/split? new colony? migration? caste-cluster voting? boundary shift?
LS2019-086-0215,86,VS2017>LS2019,statistical_outlier,9.47,swing_INC=16.2 (z=9.5); margin_d=-82.04 (z=-2.5),True,standard,merge/split? new colony? migration? caste-cluster voting? boundary shift?
LS2019-086-0224,86,VS2017>LS2019,statistical_outlier,3.9,swing_ASP=1.25 (z=3.9); nota_d=1.25 (z=2.8),False,standard,merge/split? new colony? migration? caste-cluster voting? boundary shift?
LS2019-086-0263,86,VS2017>LS2019,statistical_outlier,4.23,nota_d=1.72 (z=4.2); swing_BJP=74.28 (z=1.9),True,standard,merge/split? new colony? migration? caste-cluster voting? boundary shift?
LS2019-086-0266,86,VS2017>LS2019,statistical_outlier,4.28,swing_ASP=1.45 (z=4.3); margin_d=50.3 (z=1.3),False,standard,merge/split? new colony? migration? caste-cluster voting? boundary shift?
LS2019-086-0275,86,VS2017>LS2019,statistical_outlier,3.67,nota_d=1.73 (z=3.7); swing_INC=5.43 (z=2.3),False,standard,merge/split? new colony? migration? caste-cluster voting? boundary shift?
LS2019-086-0289,86,VS2017>LS2019,statistical_outlier,4.96,swing_INC=8.83 (z=5.0); nota_d=0.85 (z=1.4),False,standard,merge/split? new colony? migration? caste-cluster voting? boundary shift?
LS2019-086-0292,86,VS2017>LS2019,statistical_outlier,4.78,nota_d=2.04 (z=4.8); turnout_d=-14.29 (z=-1.0),False,standard,merge/split? new colony? migration? caste-cluster voting? boundary shift?
LS2019-086-0378,86,VS2017>LS2019,statistical_outlier,3.76,nota_d=1.84 (z=3.8); swing_IND=0.74 (z=1.3),False,standard,merge/split? new colony? migration? caste-cluster voting? boundary shift?
LS2019-086-0407,86,VS2017>LS2019,statistical_outlier,4.39,swing_INC=8.52 (z=4.4); turnout_d=11.75 (z=1.5),False,standard,merge/split? new colony? migration? caste-cluster voting? boundary shift?
LS2019-086-0416,86,VS2017>LS2019,statistical_outlier,3.91,swing_IND=-2.92 (z=-3.9); swing_ASP=0.53 (z=1.1),False,standard,merge/split? new colony? migration? caste-cluster voting? boundary shift?
LS2024-086-0028,86,VS2022>LS2024,statistical_outlier,3.55,nota_d=1.78 (z=3.5); margin_d=37.06 (z=1.0),False,standard,merge/split? new colony? migration? caste-cluster voting? boundary shift?
LS2024-086-0048,86,VS2022>LS2024,statistical_outlier,4.97,nota_d=2.24 (z=5.0); margin_d=-14.01 (z=-0.4),False,standard,merge/split? new colony? migration? caste-cluster voting? boundary shift?
LS2024-086-0093,86,VS2022>LS2024,statistical_outlier,6.25,nota_d=2.63 (z=6.2); margin_d=-11.1 (z=-0.3),False,standard,merge/split? new colony? migration? caste-cluster voting? boundary shift?
LS2024-086-0186,86,VS2022>LS2024,statistical_outlier,3.68,nota_d=1.72 (z=3.7); margin_d=-52.05 (z=-1.5),False,standard,merge/split? new colony? migration? caste-cluster voting? boundary shift?
LS2024-086-0281,86,VS2022>LS2024,statistical_outlier,4.03,nota_d=1.94 (z=4.0); margin_d=53.29 (z=1.4),True,standard,merge/split? new colony? migration? caste-cluster voting? boundary shift?
LS2024-086-0311,86,VS2022>LS2024,statistical_outlier,3.85,nota_d=1.81 (z=3.8); margin_d=-12.93 (z=-0.4),False,standard,merge/split? new colony? migration? caste-cluster voting? boundary shift?
LS2024-086-0385,86,VS2022>LS2024,statistical_outlier,4.54,nota_d=2.18 (z=4.5); margin_d=-19.03 (z=-0.5),False,standard,merge/split? new colony? migration? caste-cluster voting? boundary shift?
LS2019-087-0005,87,VS2017>LS2019,statistical_outlier,5.46,swing_ASP=1.28 (z=5.5); nota_d=1.1 (z=1.9),False,standard,merge/split? new colony? migration? caste-cluster voting? boundary shift?
LS2019-087-0027,87,VS2017>LS2019,statistical_outlier,12.34,swing_PP=-3.37 (z=-12.3); turnout_d=18.76 (z=2.3),True,standard,merge/split? new colony? migration? caste-cluster voting? boundary shift?
LS2019-087-0041,87,VS2017>LS2019,statistical_outlier,11.55,swing_PP=-2.78 (z=-11.5); swing_IND=1.05 (z=2.1),True,standard,merge/split? new colony? migration? caste-cluster voting? boundary shift?
LS2019-087-0042,87,VS2017>LS2019,statistical_outlier,17.31,swing_PP=-4.0 (z=-17.3); turnout_d=7.26 (z=1.4),True,standard,merge/split? new colony? migration? caste-cluster voting? boundary shift?
LS2019-087-0044,87,VS2017>LS2019,statistical_outlier,5.87,swing_PP=1.5 (z=5.9); swing_BSP=-18.18 (z=-1.0),True,standard,merge/split? new colony? migration? caste-cluster voting? boundary shift?
LS2019-087-0062,87,VS2017>LS2019,statistical_outlier,5.13,swing_PP=-1.46 (z=-5.1); turnout_d=21.61 (z=2.5),True,standard,merge/split? new colony? migration? caste-cluster voting? boundary shift?
LS2019-087-0064,87,VS2017>LS2019,statistical_outlier,4.96,swing_PP=1.27 (z=5.0); margin_d=-68.75 (z=-2.1),False,standard,merge/split? new colony? migration? caste-cluster voting? boundary shift?
LS2019-087-0065,87,VS2017>LS2019,statistical_outlier,10.38,swing_PP=2.88 (z=10.4); turnout_d=32.35 (z=3.5),True,standard,merge/split? new colony? migration? caste-cluster voting? boundary shift?
LS2019-087-0070,87,VS2017>LS2019,statistical_outlier,3.63,swing_INC=16.17 (z=3.6); swing_IND=-3.14 (z=-2.3),True,standard,merge/split? new colony? migration? caste-cluster voting? boundary shift?
LS2019-087-0100,87,VS2017>LS2019,statistical_outlier,3.85,nota_d=1.76 (z=3.8); swing_PP=0.35 (z=1.4),False,standard,merge/split? new colony? migration? caste-cluster voting? boundary shift?
LS2019-087-0121,87,VS2017>LS2019,statistical_outlier,4.82,swing_PP=-1.19 (z=-4.8); nota_d=1.12 (z=1.9),True,standard,merge/split? new colony? migration? caste-cluster voting? boundary shift?
LS2019-087-0126,87,VS2017>LS2019,statistical_outlier,5.26,swing_PP=-1.36 (z=-5.3); swing_IND=-3.41 (z=-2.8),True,standard,merge/split? new colony? migration? caste-cluster voting? boundary shift?
LS2019-087-0127,87,VS2017>LS2019,statistical_outlier,15.07,swing_PP=-4.22 (z=-15.1); margin_d=-61.88 (z=-1.7),True,standard,merge/split? new colony? migration? caste-cluster voting? boundary shift?
LS2019-087-0131,87,VS2017>LS2019,statistical_outlier,6.39,swing_PP=-1.83 (z=-6.4); swing_IND=-2.27 (z=-1.4),True,standard,merge/split? new colony? migration? caste-cluster voting? boundary shift?
LS2019-087-0138,87,VS2017>LS2019,statistical_outlier,9.27,swing_PP=-2.25 (z=-9.3); swing_BSP=74.73 (z=2.2),True,standard,merge/split? new colony? migration? caste-cluster voting? boundary shift?
LS2019-087-0139,87,VS2017>LS2019,statistical_outlier,5.11,swing_PP=-1.21 (z=-5.1); swing_ASP=0.64 (z=2.5),True,standard,merge/split? new colony? migration? caste-cluster voting? boundary shift?
LS2019-087-0140,87,VS2017>LS2019,statistical_outlier,46.48,swing_PP=-12.32 (z=-46.5); swing_INC=9.72 (z=1.7),True,standard,merge/split? new colony? migration? caste-cluster voting? boundary shift?
LS2019-087-0141,87,VS2017>LS2019,statistical_outlier,10.17,swing_PP=-3.02 (z=-10.2); turnout_d=-28.3 (z=-2.0),True,standard,merge/split? new colony? migration? caste-cluster voting? boundary shift?
LS2019-087-0142,87,VS2017>LS2019,statistical_outlier,5.46,swing_ASP=1.28 (z=5.5); swing_INC=12.59 (z=2.9),False,standard,merge/split? new colony? migration? caste-cluster voting? boundary shift?
LS2019-087-0143,87,VS2017>LS2019,statistical_outlier,43.65,swing_PP=-12.65 (z=-43.6); swing_INC=10.85 (z=1.9),True,standard,merge/split? new colony? migration? caste-cluster voting? boundary shift?
LS2019-087-0144,87,VS2017>LS2019,statistical_outlier,20.06,swing_PP=-5.5 (z=-20.1); swing_BSP=50.05 (z=1.2),True,standard,merge/split? new colony? migration? caste-cluster voting? boundary shift?
LS2019-087-0145,87,VS2017>LS2019,statistical_outlier,8.71,swing_PP=2.28 (z=8.7); nota_d=1.14 (z=1.9),True,standard,merge/split? new colony? migration? caste-cluster voting? boundary shift?
LS2019-087-0147,87,VS2017>LS2019,statistical_outlier,5.4,swing_PP=1.59 (z=5.4); nota_d=1.27 (z=2.0),True,standard,merge/split? new colony? migration? caste-cluster voting? boundary shift?
LS2019-087-0154,87,VS2017>LS2019,statistical_outlier,22.32,swing_PP=-6.5 (z=-22.3); swing_INC=9.29 (z=1.4),False,standard,merge/split? new colony? migration? caste-cluster voting? boundary shift?
LS2019-087-0156,87,VS2017>LS2019,statistical_outlier,7.14,swing_PP=1.84 (z=7.1); swing_INC=13.2 (z=3.0),True,standard,merge/split? new colony? migration? caste-cluster voting? boundary shift?
LS2019-087-0159,87,VS2017>LS2019,statistical_outlier,9.28,swing_PP=2.65 (z=9.3); swing_INC=11.47 (z=2.1),True,standard,merge/split? new colony? migration? caste-cluster voting? boundary shift?
LS2019-087-0188,87,VS2017>LS2019,statistical_outlier,6.87,swing_ASP=1.61 (z=6.9); swing_PP=1.01 (z=4.0),True,standard,merge/split? new colony? migration? caste-cluster voting? boundary shift?
LS2019-087-0220,87,VS2017>LS2019,statistical_outlier,5.47,swing_PP=-1.48 (z=-5.5); swing_IND=-2.6 (z=-1.8),False,standard,merge/split? new colony? migration? caste-cluster voting? boundary shift?
LS2019-087-0287,87,VS2017>LS2019,statistical_outlier,3.75,turnout_d=31.95 (z=3.7); swing_IND=0.21 (z=1.1),False,standard,merge/split? new colony? migration? caste-cluster voting? boundary shift?
LS2019-087-0288,87,VS2017>LS2019,statistical_outlier,4.04,turnout_d=42.94 (z=4.0); swing_ASP=0.61 (z=1.8),False,standard,merge/split? new colony? migration? caste-cluster voting? boundary shift?
LS2019-087-0298,87,VS2017>LS2019,statistical_outlier,4.28,swing_ASP=1.14 (z=4.3); swing_PP=1.14 (z=4.2),True,standard,merge/split? new colony? migration? caste-cluster voting? boundary shift?
LS2019-087-0329,87,VS2017>LS2019,statistical_outlier,4.49,swing_ASP=1.14 (z=4.5); margin_d=52.83 (z=1.4),True,standard,merge/split? new colony? migration? caste-cluster voting? boundary shift?
LS2019-087-0332,87,VS2017>LS2019,statistical_outlier,3.54,swing_PP=-0.94 (z=-3.5); swing_IND=-3.9 (z=-3.2),True,standard,merge/split? new colony? migration? caste-cluster voting? boundary shift?
LS2019-087-0335,87,VS2017>LS2019,statistical_outlier,7.32,swing_PP=2.11 (z=7.3); swing_ASP=1.81 (z=6.8),True,standard,merge/split? new colony? migration? caste-cluster voting? boundary shift?
LS2019-087-0351,87,VS2017>LS2019,statistical_outlier,4.78,swing_PP=1.31 (z=4.8); swing_INC=10.73 (z=1.9),False,standard,merge/split? new colony? migration? caste-cluster voting? boundary shift?
LS2024-087-0099,87,VS2022>LS2024,statistical_outlier,4.24,nota_d=2.49 (z=4.2); margin_d=35.64 (z=0.9),False,standard,merge/split? new colony? migration? caste-cluster voting? boundary shift?
LS2024-087-0189,87,VS2022>LS2024,statistical_outlier,5.61,nota_d=2.74 (z=5.6); swing_BJP=12.63 (z=0.4),False,standard,merge/split? new colony? migration? caste-cluster voting? boundary shift?
LS2024-087-0190,87,VS2022>LS2024,statistical_outlier,3.58,nota_d=2.0 (z=3.6); margin_d=-23.05 (z=-0.7),False,standard,merge/split? new colony? migration? caste-cluster voting? boundary shift?
LS2024-087-0221,87,VS2022>LS2024,statistical_outlier,5.71,nota_d=2.95 (z=5.7); margin_d=35.21 (z=1.0),False,standard,merge/split? new colony? migration? caste-cluster voting? boundary shift?
LS2019-088-0031,88,VS2017>LS2019,statistical_outlier,4.31,swing_PP=-0.79 (z=-4.3); swing_BSP=-51.21 (z=-2.2),True,standard,merge/split? new colony? migration? caste-cluster voting? boundary shift?
LS2019-088-0032,88,VS2017>LS2019,statistical_outlier,3.96,swing_ASP=1.09 (z=4.0); swing_PP=0.47 (z=2.1),False,standard,merge/split? new colony? migration? caste-cluster voting? boundary shift?
LS2019-088-0051,88,VS2017>LS2019,statistical_outlier,5.46,swing_ASP=1.41 (z=5.5); swing_PP=0.88 (z=4.2),False,standard,merge/split? new colony? migration? caste-cluster voting? boundary shift?
LS2019-088-0060,88,VS2017>LS2019,statistical_outlier,6.24,swing_INC=-68.83 (z=-6.2); swing_IND=-4.77 (z=-2.3),True,standard,merge/split? new colony? migration? caste-cluster voting? boundary shift?
LS2019-088-0061,88,VS2017>LS2019,statistical_outlier,4.05,swing_INC=-52.89 (z=-4.0); swing_PP=-0.28 (z=-1.3),True,standard,merge/split? new colony? migration? caste-cluster voting? boundary shift?
LS2019-088-0069,88,VS2017>LS2019,statistical_outlier,4.16,swing_IND=-8.21 (z=-4.2); swing_BSP=54.31 (z=1.6),True,standard,merge/split? new colony? migration? caste-cluster voting? boundary shift?
LS2019-088-0076,88,VS2017>LS2019,statistical_outlier,4.32,swing_ASP=1.06 (z=4.3); swing_PP=0.64 (z=3.2),False,standard,merge/split? new colony? migration? caste-cluster voting? boundary shift?
LS2019-088-0114,88,VS2017>LS2019,statistical_outlier,6.11,swing_IND=-10.68 (z=-6.1); swing_PP=0.24 (z=1.2),False,standard,merge/split? new colony? migration? caste-cluster voting? boundary shift?
LS2019-088-0115,88,VS2017>LS2019,statistical_outlier,4.68,swing_IND=-8.04 (z=-4.7); margin_d=61.32 (z=1.6),True,standard,merge/split? new colony? migration? caste-cluster voting? boundary shift?
LS2019-088-0136,88,VS2017>LS2019,statistical_outlier,5.67,swing_INC=-69.76 (z=-5.7); swing_PP=-1.1 (z=-5.4),True,standard,merge/split? new colony? migration? caste-cluster voting? boundary shift?
LS2019-088-0137,88,VS2017>LS2019,statistical_outlier,3.54,swing_INC=-47.39 (z=-3.5); swing_PP=-0.36 (z=-1.7),True,standard,merge/split? new colony? migration? caste-cluster voting? boundary shift?
LS2019-088-0155,88,VS2017>LS2019,statistical_outlier,27.9,swing_PP=-6.0 (z=-27.9); turnout_d=-21.13 (z=-1.6),True,standard,merge/split? new colony? migration? caste-cluster voting? boundary shift?
LS2019-088-0156,88,VS2017>LS2019,statistical_outlier,6.16,swing_PP=-1.26 (z=-6.2); swing_IND=-4.58 (z=-2.0),False,standard,merge/split? new colony? migration? caste-cluster voting? boundary shift?
LS2019-088-0177,88,VS2017>LS2019,statistical_outlier,6.91,swing_PP=1.32 (z=6.9); swing_ASP=0.19 (z=0.8),False,standard,merge/split? new colony? migration? caste-cluster voting? boundary shift?
LS2019-088-0183,88,VS2017>LS2019,statistical_outlier,4.54,swing_PP=0.92 (z=4.5); swing_ASP=0.46 (z=1.8),False,standard,merge/split? new colony? migration? caste-cluster voting? boundary shift?
LS2019-088-0184,88,VS2017>LS2019,statistical_outlier,3.51,swing_INC=-48.34 (z=-3.5); swing_ASP=0.56 (z=2.1),True,standard,merge/split? new colony? migration? caste-cluster voting? boundary shift?
LS2019-088-0219,88,VS2017>LS2019,statistical_outlier,4.26,swing_INC=-51.24 (z=-4.3); swing_PP=0.45 (z=2.4),True,standard,merge/split? new colony? migration? caste-cluster voting? boundary shift?
LS2019-088-0220,88,VS2017>LS2019,statistical_outlier,5.9,swing_ASP=-1.54 (z=-5.9); swing_INC=-59.09 (z=-4.6),True,standard,merge/split? new colony? migration? caste-cluster voting? boundary shift?
LS2019-088-0221,88,VS2017>LS2019,statistical_outlier,4.17,swing_INC=-50.88 (z=-4.2); swing_BJP=72.95 (z=1.9),True,standard,merge/split? new colony? migration? caste-cluster voting? boundary shift?
LS2019-088-0227,88,VS2017>LS2019,statistical_outlier,4.34,swing_INC=-51.18 (z=-4.3); swing_BJP=58.68 (z=1.6),True,standard,merge/split? new colony? migration? caste-cluster voting? boundary shift?
LS2019-088-0228,88,VS2017>LS2019,statistical_outlier,3.58,swing_ASP=0.89 (z=3.6); swing_BSP=-51.95 (z=-2.1),True,standard,merge/split? new colony? migration? caste-cluster voting? boundary shift?
LS2019-088-0230,88,VS2017>LS2019,statistical_outlier,3.53,swing_INC=-44.08 (z=-3.5); turnout_d=-23.5 (z=-2.0),True,standard,merge/split? new colony? migration? caste-cluster voting? boundary shift?
LS2019-088-0236,88,VS2017>LS2019,statistical_outlier,3.9,swing_IND=-7.9 (z=-3.9); swing_INC=14.35 (z=1.9),False,standard,merge/split? new colony? migration? caste-cluster voting? boundary shift?
LS2019-088-0239,88,VS2017>LS2019,statistical_outlier,4.0,swing_INC=-47.48 (z=-4.0); margin_d=57.92 (z=1.5),True,standard,merge/split? new colony? migration? caste-cluster voting? boundary shift?
LS2019-088-0240,88,VS2017>LS2019,statistical_outlier,5.66,swing_INC=-64.85 (z=-5.7); swing_BJP=88.89 (z=2.4),True,standard,merge/split? new colony? migration? caste-cluster voting? boundary shift?
LS2019-088-0241,88,VS2017>LS2019,statistical_outlier,4.84,swing_ASP=1.22 (z=4.8); swing_BSP=-66.52 (z=-2.6),True,standard,merge/split? new colony? migration? caste-cluster voting? boundary shift?
LS2019-088-0246,88,VS2017>LS2019,statistical_outlier,3.51,swing_INC=-55.1 (z=-3.5); turnout_d=12.84 (z=1.4),True,standard,merge/split? new colony? migration? caste-cluster voting? boundary shift?
LS2019-088-0254,88,VS2017>LS2019,statistical_outlier,3.7,swing_INC=-46.47 (z=-3.7); swing_BJP=27.26 (z=0.7),True,standard,merge/split? new colony? migration? caste-cluster voting? boundary shift?
LS2019-088-0313,88,VS2017>LS2019,statistical_outlier,6.14,swing_PP=1.33 (z=6.1); swing_ASP=0.66 (z=2.5),True,standard,merge/split? new colony? migration? caste-cluster voting? boundary shift?
LS2019-088-0319,88,VS2017>LS2019,statistical_outlier,5.67,swing_INC=-76.28 (z=-5.7); swing_BSP=87.94 (z=2.6),True,standard,merge/split? new colony? migration? caste-cluster voting? boundary shift?
LS2019-088-0320,88,VS2017>LS2019,statistical_outlier,4.39,swing_INC=-60.07 (z=-4.4); turnout_d=-18.51 (z=-1.3),True,standard,merge/split? new colony? migration? caste-cluster voting? boundary shift?
LS2019-088-0322,88,VS2017>LS2019,statistical_outlier,4.23,swing_INC=-51.66 (z=-4.2); swing_BSP=42.42 (z=1.4),True,standard,merge/split? new colony? migration? caste-cluster voting? boundary shift?
LS2019-088-0323,88,VS2017>LS2019,statistical_outlier,4.46,swing_INC=-67.5 (z=-4.5); swing_ASP=1.21 (z=3.9),True,standard,merge/split? new colony? migration? caste-cluster voting? boundary shift?
LS2019-088-0334,88,VS2017>LS2019,statistical_outlier,5.19,swing_INC=-57.1 (z=-5.2); swing_BJP=85.66 (z=2.4),True,standard,merge/split? new colony? migration? caste-cluster voting? boundary shift?
LS2019-088-0335,88,VS2017>LS2019,statistical_outlier,4.73,swing_PP=0.88 (z=4.7); swing_ASP=0.85 (z=3.7),False,standard,merge/split? new colony? migration? caste-cluster voting? boundary shift?
LS2019-088-0345,88,VS2017>LS2019,statistical_outlier,3.68,swing_INC=-51.42 (z=-3.7); turnout_d=18.2 (z=2.0),True,standard,merge/split? new colony? migration? caste-cluster voting? boundary shift?
LS2019-088-0347,88,VS2017>LS2019,statistical_outlier,3.66,swing_IND=-6.45 (z=-3.7); swing_BSP=88.91 (z=3.3),True,standard,merge/split? new colony? migration? caste-cluster voting? boundary shift?
LS2019-088-0375,88,VS2017>LS2019,statistical_outlier,3.82,swing_ASP=0.98 (z=3.8); turnout_d=3.76 (z=0.8),False,standard,merge/split? new colony? migration? caste-cluster voting? boundary shift?
LS2024-088-0071,88,VS2022>LS2024,statistical_outlier,4.68,nota_d=2.4 (z=4.7); margin_d=-54.38 (z=-1.8),True,standard,merge/split? new colony? migration? caste-cluster voting? boundary shift?
LS2024-088-0073,88,VS2022>LS2024,statistical_outlier,3.97,nota_d=2.24 (z=4.0); margin_d=14.52 (z=0.3),False,standard,merge/split? new colony? migration? caste-cluster voting? boundary shift?
LS2024-088-0144,88,VS2022>LS2024,statistical_outlier,7.26,nota_d=4.02 (z=7.3); margin_d=-5.5 (z=-0.2),False,standard,merge/split? new colony? migration? caste-cluster voting? boundary shift?
LS2024-088-0146,88,VS2022>LS2024,statistical_outlier,4.23,nota_d=2.27 (z=4.2); swing_BJP=2.33 (z=-0.0),False,standard,merge/split? new colony? migration? caste-cluster voting? boundary shift?
LS2019-089-0001,89,VS2017>LS2019,statistical_outlier,4.0,swing_IND=-4.77 (z=-4.0); swing_BSP=49.67 (z=2.8),True,standard,merge/split? new colony? migration? caste-cluster voting? boundary shift?
LS2019-089-0002,89,VS2017>LS2019,statistical_outlier,15.56,swing_IND=-16.24 (z=-15.6); swing_PP=0.18 (z=3.2),False,standard,merge/split? new colony? migration? caste-cluster voting? boundary shift?
LS2019-089-0003,89,VS2017>LS2019,statistical_outlier,9.86,swing_IND=-10.38 (z=-9.9); swing_PP=-0.16 (z=-2.9),True,standard,merge/split? new colony? migration? caste-cluster voting? boundary shift?
LS2019-089-0004,89,VS2017>LS2019,statistical_outlier,7.82,swing_PP=-0.52 (z=-7.8); swing_IND=-7.83 (z=-5.9),False,standard,merge/split? new colony? migration? caste-cluster voting? boundary shift?
LS2019-089-0006,89,VS2017>LS2019,statistical_outlier,10.69,swing_IND=-11.04 (z=-10.7); swing_BJP=33.78 (z=1.6),True,standard,merge/split? new colony? migration? caste-cluster voting? boundary shift?
LS2019-089-0009,89,VS2017>LS2019,statistical_outlier,4.28,swing_PP=-0.27 (z=-4.3); swing_IND=-5.51 (z=-4.1),False,standard,merge/split? new colony? migration? caste-cluster voting? boundary shift?
LS2019-089-0010,89,VS2017>LS2019,statistical_outlier,4.9,swing_IND=-6.09 (z=-4.9); swing_PP=0.18 (z=3.0),False,standard,merge/split? new colony? migration? caste-cluster voting? boundary shift?
LS2019-089-0011,89,VS2017>LS2019,statistical_outlier,7.74,swing_IND=-9.02 (z=-7.7); swing_PP=0.17 (z=2.8),False,standard,merge/split? new colony? migration? caste-cluster voting? boundary shift?
LS2019-089-0012,89,VS2017>LS2019,statistical_outlier,18.21,swing_IND=-18.87 (z=-18.2); swing_PP=-0.19 (z=-3.3),False,standard,merge/split? new colony? migration? caste-cluster voting? boundary shift?
LS2019-089-0013,89,VS2017>LS2019,statistical_outlier,19.16,swing_IND=-22.77 (z=-19.2); swing_INC=3.63 (z=-0.7),False,standard,merge/split? new colony? migration? caste-cluster voting? boundary shift?
LS2019-089-0014,89,VS2017>LS2019,statistical_outlier,9.61,swing_IND=-10.92 (z=-9.6); swing_PP=-0.19 (z=-3.2),False,standard,merge/split? new colony? migration? caste-cluster voting? boundary shift?
LS2019-089-0016,89,VS2017>LS2019,statistical_outlier,4.03,turnout_d=-44.75 (z=-4.0); swing_BJP=41.73 (z=1.9),False,standard,merge/split? new colony? migration? caste-cluster voting? boundary shift?
LS2019-089-0027,89,VS2017>LS2019,statistical_outlier,3.71,swing_PP=0.22 (z=3.7); swing_BSP=-38.08 (z=-2.5),True,standard,merge/split? new colony? migration? caste-cluster voting? boundary shift?
LS2019-089-0029,89,VS2017>LS2019,statistical_outlier,4.03,swing_PP=-0.25 (z=-4.0); swing_BSP=50.86 (z=2.5),True,standard,merge/split? new colony? migration? caste-cluster voting? boundary shift?
LS2019-089-0032,89,VS2017>LS2019,statistical_outlier,3.56,swing_INC=12.58 (z=3.6); swing_ASP=0.43 (z=0.9),False,standard,merge/split? new colony? migration? caste-cluster voting? boundary shift?
LS2019-089-0033,89,VS2017>LS2019,statistical_outlier,11.74,swing_PP=0.72 (z=11.7); swing_ASP=0.72 (z=1.9),False,standard,merge/split? new colony? migration? caste-cluster voting? boundary shift?
LS2019-089-0037,89,VS2017>LS2019,statistical_outlier,7.13,swing_PP=-0.42 (z=-7.1); swing_ASP=0.0 (z=-0.7),False,standard,merge/split? new colony? migration? caste-cluster voting? boundary shift?
LS2019-089-0039,89,VS2017>LS2019,statistical_outlier,7.74,swing_PP=-0.47 (z=-7.7); margin_d=68.28 (z=2.2),False,standard,merge/split? new colony? migration? caste-cluster voting? boundary shift?
LS2019-089-0041,89,VS2017>LS2019,statistical_outlier,12.66,swing_PP=-0.78 (z=-12.7); nota_d=1.79 (z=3.3),False,standard,merge/split? new colony? migration? caste-cluster voting? boundary shift?
LS2019-089-0043,89,VS2017>LS2019,statistical_outlier,7.04,swing_PP=-0.44 (z=-7.0); swing_INC=9.72 (z=2.1),True,standard,merge/split? new colony? migration? caste-cluster voting? boundary shift?
LS2019-089-0045,89,VS2017>LS2019,statistical_outlier,4.69,swing_PP=-0.32 (z=-4.7); margin_d=-42.52 (z=-1.6),False,standard,merge/split? new colony? migration? caste-cluster voting? boundary shift?
LS2019-089-0046,89,VS2017>LS2019,statistical_outlier,4.23,swing_PP=0.27 (z=4.2); swing_BSP=-25.84 (z=-1.6),True,standard,merge/split? new colony? migration? caste-cluster voting? boundary shift?
LS2019-089-0047,89,VS2017>LS2019,statistical_outlier,5.76,swing_PP=0.35 (z=5.8); margin_d=-66.7 (z=-2.6),False,standard,merge/split? new colony? migration? caste-cluster voting? boundary shift?
LS2019-089-0049,89,VS2017>LS2019,statistical_outlier,4.0,swing_PP=-0.26 (z=-4.0); swing_BSP=52.9 (z=2.5),True,standard,merge/split? new colony? migration? caste-cluster voting? boundary shift?
LS2019-089-0073,89,VS2017>LS2019,statistical_outlier,4.03,swing_PP=-0.25 (z=-4.0); turnout_d=-27.01 (z=-2.2),False,standard,merge/split? new colony? migration? caste-cluster voting? boundary shift?
LS2019-089-0074,89,VS2017>LS2019,statistical_outlier,4.89,swing_PP=0.34 (z=4.9); margin_d=-78.57 (z=-2.7),False,standard,merge/split? new colony? migration? caste-cluster voting? boundary shift?
LS2019-089-0076,89,VS2017>LS2019,statistical_outlier,7.61,swing_PP=-0.46 (z=-7.6); swing_BSP=-58.71 (z=-3.6),True,standard,merge/split? new colony? migration? caste-cluster voting? boundary shift?
LS2019-089-0077,89,VS2017>LS2019,statistical_outlier,6.78,swing_PP=0.39 (z=6.8); swing_BJP=34.0 (z=1.5),False,standard,merge/split? new colony? migration? caste-cluster voting? boundary shift?
LS2019-089-0079,89,VS2017>LS2019,statistical_outlier,3.94,swing_BSP=70.52 (z=3.9); swing_BJP=-52.64 (z=-3.3),True,standard,merge/split? new colony? migration? caste-cluster voting? boundary shift?
LS2019-089-0080,89,VS2017>LS2019,statistical_outlier,4.12,swing_BSP=68.95 (z=4.1); swing_BJP=-58.63 (z=-3.9),True,standard,merge/split? new colony? migration? caste-cluster voting? boundary shift?
LS2019-089-0082,89,VS2017>LS2019,statistical_outlier,4.55,swing_PP=0.3 (z=4.6); nota_d=2.08 (z=3.8),True,standard,merge/split? new colony? migration? caste-cluster voting? boundary shift?
LS2019-089-0083,89,VS2017>LS2019,statistical_outlier,4.32,swing_PP=0.28 (z=4.3); swing_BSP=48.01 (z=2.3),True,standard,merge/split? new colony? migration? caste-cluster voting? boundary shift?
LS2019-089-0085,89,VS2017>LS2019,statistical_outlier,7.97,swing_PP=0.49 (z=8.0); swing_BSP=-62.26 (z=-3.7),True,standard,merge/split? new colony? migration? caste-cluster voting? boundary shift?
LS2019-089-0086,89,VS2017>LS2019,statistical_outlier,3.51,swing_BSP=-69.49 (z=-3.5); swing_BJP=64.8 (z=2.5),True,standard,merge/split? new colony? migration? caste-cluster voting? boundary shift?
LS2019-089-0090,89,VS2017>LS2019,statistical_outlier,6.9,swing_PP=0.4 (z=6.9); swing_BSP=59.96 (z=3.3),True,standard,merge/split? new colony? migration? caste-cluster voting? boundary shift?
LS2019-089-0094,89,VS2017>LS2019,statistical_outlier,4.24,swing_PP=0.27 (z=4.2); margin_d=-56.76 (z=-2.2),False,standard,merge/split? new colony? migration? caste-cluster voting? boundary shift?
LS2019-089-0096,89,VS2017>LS2019,statistical_outlier,3.69,swing_PP=0.22 (z=3.7); margin_d=-33.1 (z=-1.5),False,standard,merge/split? new colony? migration? caste-cluster voting? boundary shift?
LS2019-089-0118,89,VS2017>LS2019,statistical_outlier,3.92,swing_PP=0.24 (z=3.9); turnout_d=-14.07 (z=-1.1),False,standard,merge/split? new colony? migration? caste-cluster voting? boundary shift?
LS2019-089-0124,89,VS2017>LS2019,statistical_outlier,10.31,swing_PP=0.74 (z=10.3); turnout_d=-14.15 (z=-0.9),False,standard,merge/split? new colony? migration? caste-cluster voting? boundary shift?
LS2019-089-0128,89,VS2017>LS2019,statistical_outlier,7.37,swing_PP=-0.56 (z=-7.4); turnout_d=-24.04 (z=-1.6),False,standard,merge/split? new colony? migration? caste-cluster voting? boundary shift?
LS2019-089-0146,89,VS2017>LS2019,statistical_outlier,3.82,swing_PP=0.23 (z=3.8); swing_BSP=32.31 (z=1.6),True,standard,merge/split? new colony? migration? caste-cluster voting? boundary shift?
LS2019-089-0161,89,VS2017>LS2019,statistical_outlier,4.04,swing_PP=0.25 (z=4.0); swing_IND=-0.24 (z=0.8),False,standard,merge/split? new colony? migration? caste-cluster voting? boundary shift?
LS2019-089-0163,89,VS2017>LS2019,statistical_outlier,6.01,swing_PP=-0.35 (z=-6.0); turnout_d=-22.51 (z=-1.9),False,standard,merge/split? new colony? migration? caste-cluster voting? boundary shift?
LS2019-089-0166,89,VS2017>LS2019,statistical_outlier,5.02,nota_d=2.29 (z=5.0); swing_BJP=75.68 (z=3.9),True,standard,merge/split? new colony? migration? caste-cluster voting? boundary shift?
LS2019-089-0167,89,VS2017>LS2019,statistical_outlier,11.21,swing_PP=-0.63 (z=-11.2); swing_BSP=-41.26 (z=-2.8),True,standard,merge/split? new colony? migration? caste-cluster voting? boundary shift?
LS2019-089-0169,89,VS2017>LS2019,statistical_outlier,3.72,swing_PP=-0.24 (z=-3.7); swing_BJP=47.41 (z=2.0),True,standard,merge/split? new colony? migration? caste-cluster voting? boundary shift?
LS2019-089-0171,89,VS2017>LS2019,statistical_outlier,6.0,nota_d=2.69 (z=6.0); swing_BJP=79.17 (z=4.0),True,standard,merge/split? new colony? migration? caste-cluster voting? boundary shift?
LS2019-089-0172,89,VS2017>LS2019,statistical_outlier,6.49,swing_PP=0.41 (z=6.5); swing_BSP=27.03 (z=1.2),False,standard,merge/split? new colony? migration? caste-cluster voting? boundary shift?
LS2019-089-0173,89,VS2017>LS2019,statistical_outlier,4.03,swing_PP=-0.25 (z=-4.0); swing_IND=-0.09 (z=0.9),False,standard,merge/split? new colony? migration? caste-cluster voting? boundary shift?
LS2019-089-0181,89,VS2017>LS2019,statistical_outlier,6.37,swing_PP=0.37 (z=6.4); swing_BJP=52.77 (z=2.5),True,standard,merge/split? new colony? migration? caste-cluster voting? boundary shift?
LS2019-089-0183,89,VS2017>LS2019,statistical_outlier,6.14,swing_PP=0.34 (z=6.1); nota_d=1.19 (z=1.9),False,standard,merge/split? new colony? migration? caste-cluster voting? boundary shift?
LS2019-089-0185,89,VS2017>LS2019,statistical_outlier,3.58,swing_BSP=62.15 (z=3.6); swing_BJP=-46.98 (z=-3.1),True,standard,merge/split? new colony? migration? caste-cluster voting? boundary shift?
LS2019-089-0189,89,VS2017>LS2019,statistical_outlier,4.19,swing_PP=-0.24 (z=-4.2); swing_INC=9.85 (z=2.3),False,standard,merge/split? new colony? migration? caste-cluster voting? boundary shift?
LS2019-089-0194,89,VS2017>LS2019,statistical_outlier,8.37,swing_PP=0.45 (z=8.4); swing_INC=7.49 (z=1.2),False,standard,merge/split? new colony? migration? caste-cluster voting? boundary shift?
LS2019-089-0195,89,VS2017>LS2019,statistical_outlier,6.46,swing_PP=-0.4 (z=-6.5); swing_BJP=-51.21 (z=-3.0),True,standard,merge/split? new colony? migration? caste-cluster voting? boundary shift?
LS2019-089-0196,89,VS2017>LS2019,statistical_outlier,6.14,swing_PP=0.34 (z=6.1); swing_BSP=-70.7 (z=-4.6),True,standard,merge/split? new colony? migration? caste-cluster voting? boundary shift?
LS2019-089-0208,89,VS2017>LS2019,statistical_outlier,3.71,swing_BSP=67.37 (z=3.7); swing_BJP=-58.69 (z=-3.6),True,standard,merge/split? new colony? migration? caste-cluster voting? boundary shift?
LS2019-089-0221,89,VS2017>LS2019,statistical_outlier,3.57,swing_PP=0.21 (z=3.6); nota_d=1.27 (z=2.0),False,standard,merge/split? new colony? migration? caste-cluster voting? boundary shift?
LS2019-089-0222,89,VS2017>LS2019,statistical_outlier,5.22,swing_IND=-6.16 (z=-5.2); margin_d=-58.79 (z=-2.5),False,standard,merge/split? new colony? migration? caste-cluster voting? boundary shift?
LS2019-089-0224,89,VS2017>LS2019,statistical_outlier,3.6,swing_PP=0.21 (z=3.6); margin_d=-40.08 (z=-1.8),False,standard,merge/split? new colony? migration? caste-cluster voting? boundary shift?
LS2019-089-0227,89,VS2017>LS2019,statistical_outlier,3.59,swing_PP=0.21 (z=3.6); margin_d=-52.02 (z=-2.2),False,standard,merge/split? new colony? migration? caste-cluster voting? boundary shift?
LS2019-089-0243,89,VS2017>LS2019,statistical_outlier,16.55,swing_PP=-1.04 (z=-16.5); margin_d=-61.85 (z=-2.4),False,standard,merge/split? new colony? migration? caste-cluster voting? boundary shift?
LS2019-089-0245,89,VS2017>LS2019,statistical_outlier,14.88,swing_PP=-0.88 (z=-14.9); margin_d=-28.6 (z=-1.3),False,standard,merge/split? new colony? migration? caste-cluster voting? boundary shift?
LS2019-089-0246,89,VS2017>LS2019,statistical_outlier,10.06,swing_PP=0.62 (z=10.1); swing_BSP=40.64 (z=2.0),True,standard,merge/split? new colony? migration? caste-cluster voting? boundary shift?
LS2019-089-0247,89,VS2017>LS2019,statistical_outlier,3.63,swing_PP=-0.23 (z=-3.6); swing_IND=0.27 (z=1.2),False,standard,merge/split? new colony? migration? caste-cluster voting? boundary shift?
LS2019-089-0255,89,VS2017>LS2019,statistical_outlier,5.81,swing_ASP=1.72 (z=5.8); nota_d=2.23 (z=4.7),False,standard,merge/split? new colony? migration? caste-cluster voting? boundary shift?
LS2019-089-0260,89,VS2017>LS2019,statistical_outlier,4.15,swing_PP=-0.26 (z=-4.1); swing_IND=1.18 (z=2.1),False,standard,merge/split? new colony? migration? caste-cluster voting? boundary shift?
LS2019-089-0265,89,VS2017>LS2019,statistical_outlier,4.02,swing_PP=0.25 (z=4.0); nota_d=1.26 (z=1.9),False,standard,merge/split? new colony? migration? caste-cluster voting? boundary shift?
LS2019-089-0266,89,VS2017>LS2019,statistical_outlier,4.98,swing_PP=0.32 (z=5.0); swing_IND=-2.57 (z=-1.4),False,standard,merge/split? new colony? migration? caste-cluster voting? boundary shift?
LS2019-089-0268,89,VS2017>LS2019,statistical_outlier,4.05,swing_PP=0.25 (z=4.0); nota_d=1.23 (z=1.8),False,standard,merge/split? new colony? migration? caste-cluster voting? boundary shift?
LS2019-089-0270,89,VS2017>LS2019,statistical_outlier,4.17,swing_BJP=87.34 (z=4.2); swing_PP=-0.21 (z=-3.4),True,standard,merge/split? new colony? migration? caste-cluster voting? boundary shift?
LS2019-089-0271,89,VS2017>LS2019,statistical_outlier,4.46,swing_BJP=85.89 (z=4.5); swing_IND=-4.83 (z=-3.9),True,standard,merge/split? new colony? migration? caste-cluster voting? boundary shift?
LS2019-089-0272,89,VS2017>LS2019,statistical_outlier,3.52,swing_BJP=71.91 (z=3.5); swing_INC=9.31 (z=2.0),True,standard,merge/split? new colony? migration? caste-cluster voting? boundary shift?
LS2019-089-0277,89,VS2017>LS2019,statistical_outlier,3.51,swing_INC=12.73 (z=3.5); swing_PP=0.21 (z=3.4),False,standard,merge/split? new colony? migration? caste-cluster voting? boundary shift?
LS2019-089-0288,89,VS2017>LS2019,statistical_outlier,11.07,swing_PP=0.61 (z=11.1); swing_BSP=26.43 (z=1.4),False,standard,merge/split? new colony? migration? caste-cluster voting? boundary shift?
LS2019-089-0290,89,VS2017>LS2019,statistical_outlier,6.65,swing_PP=-0.38 (z=-6.7); margin_d=67.04 (z=2.2),False,standard,merge/split? new colony? migration? caste-cluster voting? boundary shift?
LS2019-089-0295,89,VS2017>LS2019,statistical_outlier,3.91,swing_PP=0.24 (z=3.9); swing_IND=0.02 (z=1.0),False,standard,merge/split? new colony? migration? caste-cluster voting? boundary shift?
LS2019-089-0298,89,VS2017>LS2019,statistical_outlier,3.52,swing_BSP=-54.53 (z=-3.5); swing_PP=-0.19 (z=-3.3),True,standard,merge/split? new colony? migration? caste-cluster voting? boundary shift?
LS2019-089-0304,89,VS2017>LS2019,statistical_outlier,3.57,swing_INC=14.63 (z=3.6); swing_PP=0.2 (z=2.7),True,standard,merge/split? new colony? migration? caste-cluster voting? boundary shift?
LS2019-089-0305,89,VS2017>LS2019,statistical_outlier,7.37,swing_INC=19.96 (z=7.4); turnout_d=-28.23 (z=-2.5),False,standard,merge/split? new colony? migration? caste-cluster voting? boundary shift?
LS2019-089-0306,89,VS2017>LS2019,statistical_outlier,4.47,swing_INC=15.22 (z=4.5); swing_PP=0.2 (z=3.1),False,standard,merge/split? new colony? migration? caste-cluster voting? boundary shift?
LS2019-089-0307,89,VS2017>LS2019,statistical_outlier,4.3,swing_PP=-0.24 (z=-4.3); swing_INC=12.43 (z=3.7),True,standard,merge/split? new colony? migration? caste-cluster voting? boundary shift?
LS2019-089-0313,89,VS2017>LS2019,statistical_outlier,4.23,swing_BSP=-74.1 (z=-4.2); swing_BJP=73.06 (z=3.3),True,standard,merge/split? new colony? migration? caste-cluster voting? boundary shift?
LS2019-089-0314,89,VS2017>LS2019,statistical_outlier,4.86,swing_BSP=-73.77 (z=-4.9); nota_d=2.15 (z=4.7),True,standard,merge/split? new colony? migration? caste-cluster voting? boundary shift?
LS2019-089-0315,89,VS2017>LS2019,statistical_outlier,3.67,swing_BSP=-52.22 (z=-3.7); swing_BJP=51.03 (z=2.7),True,standard,merge/split? new colony? migration? caste-cluster voting? boundary shift?
LS2019-089-0316,89,VS2017>LS2019,statistical_outlier,4.28,swing_BSP=-61.21 (z=-4.3); swing_BJP=61.81 (z=3.3),True,standard,merge/split? new colony? migration? caste-cluster voting? boundary shift?
LS2019-089-0318,89,VS2017>LS2019,statistical_outlier,3.68,swing_PP=0.22 (z=3.7); nota_d=0.0 (z=-1.4),False,standard,merge/split? new colony? migration? caste-cluster voting? boundary shift?
LS2019-089-0322,89,VS2017>LS2019,statistical_outlier,9.13,swing_PP=0.51 (z=9.1); swing_BSP=-57.44 (z=-3.8),True,standard,merge/split? new colony? migration? caste-cluster voting? boundary shift?
LS2019-089-0323,89,VS2017>LS2019,statistical_outlier,5.03,swing_IND=-5.93 (z=-5.0); swing_PP=-0.13 (z=-2.3),True,standard,merge/split? new colony? migration? caste-cluster voting? boundary shift?
LS2019-089-0324,89,VS2017>LS2019,statistical_outlier,11.55,swing_IND=-12.77 (z=-11.6); swing_BSP=56.68 (z=3.0),True,standard,merge/split? new colony? migration? caste-cluster voting? boundary shift?
LS2019-089-0329,89,VS2017>LS2019,statistical_outlier,10.38,swing_IND=-11.78 (z=-10.4); swing_INC=9.49 (z=2.1),False,standard,merge/split? new colony? migration? caste-cluster voting? boundary shift?
LS2019-089-0330,89,VS2017>LS2019,statistical_outlier,10.74,swing_IND=-11.4 (z=-10.7); swing_PP=0.18 (z=3.2),False,standard,merge/split? new colony? migration? caste-cluster voting? boundary shift?
LS2019-089-0331,89,VS2017>LS2019,statistical_outlier,5.49,swing_IND=-6.62 (z=-5.5); swing_BSP=54.77 (z=2.9),True,standard,merge/split? new colony? migration? caste-cluster voting? boundary shift?
LS2019-089-0332,89,VS2017>LS2019,statistical_outlier,5.38,swing_IND=-6.52 (z=-5.4); swing_BSP=76.67 (z=4.2),True,standard,merge/split? new colony? migration? caste-cluster voting? boundary shift?
LS2019-089-0333,89,VS2017>LS2019,statistical_outlier,4.63,swing_IND=-5.61 (z=-4.6); margin_d=-46.53 (z=-2.0),False,standard,merge/split? new colony? migration? caste-cluster voting? boundary shift?
LS2019-089-0334,89,VS2017>LS2019,statistical_outlier,7.3,swing_IND=-8.08 (z=-7.3); margin_d=46.41 (z=1.5),False,standard,merge/split? new colony? migration? caste-cluster voting? boundary shift?
LS2019-089-0335,89,VS2017>LS2019,statistical_outlier,22.4,swing_IND=-24.14 (z=-22.4); swing_PP=0.22 (z=3.7),False,standard,merge/split? new colony? migration? caste-cluster voting? boundary shift?
LS2019-089-0336,89,VS2017>LS2019,statistical_outlier,8.02,swing_IND=-8.63 (z=-8.0); swing_PP=0.33 (z=6.0),False,standard,merge/split? new colony? migration? caste-cluster voting? boundary shift?
LS2019-089-0337,89,VS2017>LS2019,statistical_outlier,12.89,swing_IND=-13.53 (z=-12.9); swing_PP=-0.24 (z=-4.3),False,standard,merge/split? new colony? migration? caste-cluster voting? boundary shift?
LS2019-089-0338,89,VS2017>LS2019,statistical_outlier,13.77,swing_IND=-14.65 (z=-13.8); swing_INC=9.25 (z=2.0),False,standard,merge/split? new colony? migration? caste-cluster voting? boundary shift?
LS2019-089-0339,89,VS2017>LS2019,statistical_outlier,11.77,swing_IND=-11.92 (z=-11.8); swing_BSP=59.37 (z=3.5),True,standard,merge/split? new colony? migration? caste-cluster voting? boundary shift?
LS2019-089-0340,89,VS2017>LS2019,statistical_outlier,17.06,swing_IND=-18.18 (z=-17.1); swing_PP=0.2 (z=3.4),False,standard,merge/split? new colony? migration? caste-cluster voting? boundary shift?
LS2019-089-0341,89,VS2017>LS2019,statistical_outlier,15.43,swing_IND=-16.91 (z=-15.4); swing_PP=-0.19 (z=-3.2),False,standard,merge/split? new colony? migration? caste-cluster voting? boundary shift?
LS2019-089-0342,89,VS2017>LS2019,statistical_outlier,5.67,swing_IND=-6.46 (z=-5.7); swing_PP=0.17 (z=3.1),False,standard,merge/split? new colony? migration? caste-cluster voting? boundary shift?
LS2019-089-0343,89,VS2017>LS2019,statistical_outlier,6.72,swing_IND=-7.46 (z=-6.7); margin_d=-44.7 (z=-2.0),False,standard,merge/split? new colony? migration? caste-cluster voting? boundary shift?
LS2019-089-0347,89,VS2017>LS2019,statistical_outlier,10.66,swing_IND=-12.28 (z=-10.7); swing_BSP=80.19 (z=4.2),True,standard,merge/split? new colony? migration? caste-cluster voting? boundary shift?
LS2019-089-0348,89,VS2017>LS2019,statistical_outlier,4.56,swing_BSP=76.94 (z=4.6); swing_IND=-4.94 (z=-4.2),True,standard,merge/split? new colony? migration? caste-cluster voting? boundary shift?
LS2019-089-0349,89,VS2017>LS2019,statistical_outlier,4.81,swing_IND=-5.65 (z=-4.8); swing_PP=-0.25 (z=-4.5),True,standard,merge/split? new colony? migration? caste-cluster voting? boundary shift?
LS2019-089-0350,89,VS2017>LS2019,statistical_outlier,5.73,swing_IND=-6.44 (z=-5.7); swing_BSP=75.39 (z=4.4),True,standard,merge/split? new colony? migration? caste-cluster voting? boundary shift?
LS2019-089-0353,89,VS2017>LS2019,statistical_outlier,5.17,swing_PP=0.3 (z=5.2); swing_BJP=-59.85 (z=-3.6),True,standard,merge/split? new colony? migration? caste-cluster voting? boundary shift?
LS2019-089-0354,89,VS2017>LS2019,statistical_outlier,8.67,swing_IND=-9.96 (z=-8.7); swing_PP=0.41 (z=6.9),True,standard,merge/split? new colony? migration? caste-cluster voting? boundary shift?
LS2019-089-0359,89,VS2017>LS2019,statistical_outlier,4.41,swing_PP=-0.29 (z=-4.4); swing_BJP=-56.42 (z=-3.0),True,standard,merge/split? new colony? migration? caste-cluster voting? boundary shift?
LS2019-089-0360,89,VS2017>LS2019,statistical_outlier,3.8,swing_PP=0.23 (z=3.8); swing_IND=-4.81 (z=-3.6),False,standard,merge/split? new colony? migration? caste-cluster voting? boundary shift?
LS2019-089-0365,89,VS2017>LS2019,statistical_outlier,8.62,swing_IND=-10.55 (z=-8.6); swing_BSP=78.02 (z=3.9),True,standard,merge/split? new colony? migration? caste-cluster voting? boundary shift?
LS2019-089-0371,89,VS2017>LS2019,statistical_outlier,3.81,swing_INC=12.75 (z=3.8); swing_PP=0.18 (z=3.2),False,standard,merge/split? new colony? migration? caste-cluster voting? boundary shift?
LS2019-089-0378,89,VS2017>LS2019,statistical_outlier,7.17,swing_PP=0.42 (z=7.2); swing_INC=8.52 (z=1.6),False,standard,merge/split? new colony? migration? caste-cluster voting? boundary shift?
LS2019-089-0382,89,VS2017>LS2019,statistical_outlier,6.06,swing_IND=-7.26 (z=-6.1); turnout_d=-12.27 (z=-0.9),False,standard,merge/split? new colony? migration? caste-cluster voting? boundary shift?
LS2019-089-0386,89,VS2017>LS2019,statistical_outlier,11.47,swing_PP=0.65 (z=11.5); nota_d=1.53 (z=2.8),False,standard,merge/split? new colony? migration? caste-cluster voting? boundary shift?
LS2019-089-0390,89,VS2017>LS2019,statistical_outlier,5.34,swing_IND=-6.44 (z=-5.3); swing_ASP=0.0 (z=-0.7),False,standard,merge/split? new colony? migration? caste-cluster voting? boundary shift?
LS2019-089-0391,89,VS2017>LS2019,statistical_outlier,76.93,swing_IND=-87.18 (z=-76.9); swing_BJP=84.12 (z=3.8),True,standard,merge/split? new colony? migration? caste-cluster voting? boundary shift?
LS2024-089-0053,89,VS2022>LS2024,statistical_outlier,3.8,swing_BJP=55.83 (z=3.8); margin_d=49.64 (z=2.4),True,standard,merge/split? new colony? migration? caste-cluster voting? boundary shift?
LS2024-089-0065,89,VS2022>LS2024,statistical_outlier,4.08,swing_BJP=-55.02 (z=-4.1); margin_d=-28.78 (z=-1.1),True,standard,merge/split? new colony? migration? caste-cluster voting? boundary shift?
LS2024-089-0078,89,VS2022>LS2024,statistical_outlier,4.11,swing_BJP=-64.96 (z=-4.1); margin_d=15.16 (z=0.8),True,standard,merge/split? new colony? migration? caste-cluster voting? boundary shift?
LS2024-089-0081,89,VS2022>LS2024,statistical_outlier,3.82,swing_BJP=53.99 (z=3.8); margin_d=-52.66 (z=-2.2),True,standard,merge/split? new colony? migration? caste-cluster voting? boundary shift?
LS2024-089-0094,89,VS2022>LS2024,statistical_outlier,4.51,swing_BJP=-61.51 (z=-4.5); margin_d=21.74 (z=1.2),True,standard,merge/split? new colony? migration? caste-cluster voting? boundary shift?
LS2024-089-0095,89,VS2022>LS2024,statistical_outlier,4.05,swing_BJP=-55.54 (z=-4.0); margin_d=29.15 (z=1.5),True,standard,merge/split? new colony? migration? caste-cluster voting? boundary shift?
LS2024-089-0119,89,VS2022>LS2024,statistical_outlier,4.5,swing_BJP=-58.94 (z=-4.5); nota_d=0.32 (z=-1.0),True,standard,merge/split? new colony? migration? caste-cluster voting? boundary shift?
LS2024-089-0178,89,VS2022>LS2024,statistical_outlier,3.84,swing_BJP=-55.03 (z=-3.8); margin_d=-34.31 (z=-1.2),True,standard,merge/split? new colony? migration? caste-cluster voting? boundary shift?
LS2024-089-0179,89,VS2022>LS2024,statistical_outlier,4.14,swing_BJP=-56.42 (z=-4.1); margin_d=-24.86 (z=-0.9),True,standard,merge/split? new colony? migration? caste-cluster voting? boundary shift?
LS2024-089-0194,89,VS2022>LS2024,statistical_outlier,3.77,swing_BJP=53.48 (z=3.8); margin_d=49.46 (z=2.4),True,standard,merge/split? new colony? migration? caste-cluster voting? boundary shift?
LS2024-089-0207,89,VS2022>LS2024,statistical_outlier,3.94,swing_BJP=-56.84 (z=-3.9); nota_d=0.2 (z=-1.1),True,standard,merge/split? new colony? migration? caste-cluster voting? boundary shift?
LS2024-089-0212,89,VS2022>LS2024,statistical_outlier,3.9,swing_BJP=-53.3 (z=-3.9); margin_d=15.74 (z=0.9),True,standard,merge/split? new colony? migration? caste-cluster voting? boundary shift?
LS2024-089-0214,89,VS2022>LS2024,statistical_outlier,4.22,swing_BJP=58.93 (z=4.2); margin_d=17.28 (z=1.0),True,standard,merge/split? new colony? migration? caste-cluster voting? boundary shift?
LS2024-089-0216,89,VS2022>LS2024,statistical_outlier,3.83,swing_BJP=58.82 (z=3.8); nota_d=1.66 (z=1.8),True,standard,merge/split? new colony? migration? caste-cluster voting? boundary shift?
LS2024-089-0219,89,VS2022>LS2024,statistical_outlier,3.59,swing_BJP=54.91 (z=3.6); margin_d=-23.56 (z=-0.8),True,standard,merge/split? new colony? migration? caste-cluster voting? boundary shift?
LS2024-089-0223,89,VS2022>LS2024,statistical_outlier,4.48,swing_BJP=-62.91 (z=-4.5); margin_d=22.73 (z=1.2),True,standard,merge/split? new colony? migration? caste-cluster voting? boundary shift?
LS2024-089-0225,89,VS2022>LS2024,statistical_outlier,3.52,swing_BJP=-54.82 (z=-3.5); margin_d=21.61 (z=1.0),True,standard,merge/split? new colony? migration? caste-cluster voting? boundary shift?
LS2024-089-0226,89,VS2022>LS2024,statistical_outlier,3.83,swing_BJP=-54.08 (z=-3.8); margin_d=28.33 (z=1.4),True,standard,merge/split? new colony? migration? caste-cluster voting? boundary shift?
LS2024-089-0230,89,VS2022>LS2024,statistical_outlier,4.69,swing_BJP=75.16 (z=4.7); nota_d=1.1 (z=0.6),True,standard,merge/split? new colony? migration? caste-cluster voting? boundary shift?
LS2024-089-0234,89,VS2022>LS2024,statistical_outlier,4.23,swing_BJP=-59.94 (z=-4.2); nota_d=0.21 (z=-1.1),True,standard,merge/split? new colony? migration? caste-cluster voting? boundary shift?
LS2024-089-0274,89,VS2022>LS2024,statistical_outlier,4.47,swing_BJP=-59.85 (z=-4.5); margin_d=-75.52 (z=-3.2),True,standard,merge/split? new colony? migration? caste-cluster voting? boundary shift?
LS2024-089-0298,89,VS2022>LS2024,statistical_outlier,5.43,swing_BJP=-78.3 (z=-5.4); margin_d=24.1 (z=1.2),True,standard,merge/split? new colony? migration? caste-cluster voting? boundary shift?
LS2024-089-0299,89,VS2022>LS2024,statistical_outlier,5.08,swing_BJP=-76.26 (z=-5.1); margin_d=18.66 (z=0.9),True,standard,merge/split? new colony? migration? caste-cluster voting? boundary shift?
LS2024-089-0300,89,VS2022>LS2024,statistical_outlier,6.17,swing_BJP=-82.68 (z=-6.2); margin_d=11.74 (z=0.8),True,standard,merge/split? new colony? migration? caste-cluster voting? boundary shift?
LS2024-089-0301,89,VS2022>LS2024,statistical_outlier,5.82,swing_BJP=-78.45 (z=-5.8); nota_d=0.16 (z=-1.3),True,standard,merge/split? new colony? migration? caste-cluster voting? boundary shift?
LS2024-089-0307,89,VS2022>LS2024,statistical_outlier,5.72,swing_BJP=85.73 (z=5.7); nota_d=2.18 (z=2.9),True,standard,merge/split? new colony? migration? caste-cluster voting? boundary shift?
LS2024-089-0308,89,VS2022>LS2024,statistical_outlier,4.86,swing_BJP=68.65 (z=4.9); nota_d=0.95 (z=0.4),True,standard,merge/split? new colony? migration? caste-cluster voting? boundary shift?
LS2024-089-0309,89,VS2022>LS2024,statistical_outlier,5.65,swing_BJP=77.31 (z=5.7); margin_d=9.77 (z=0.7),True,standard,merge/split? new colony? migration? caste-cluster voting? boundary shift?
LS2024-089-0310,89,VS2022>LS2024,statistical_outlier,4.99,swing_BJP=76.34 (z=5.0); margin_d=52.23 (z=2.3),True,standard,merge/split? new colony? migration? caste-cluster voting? boundary shift?
LS2024-089-0311,89,VS2022>LS2024,statistical_outlier,4.95,swing_BJP=-67.17 (z=-5.0); nota_d=0.36 (z=-0.9),True,standard,merge/split? new colony? migration? caste-cluster voting? boundary shift?
LS2024-089-0312,89,VS2022>LS2024,statistical_outlier,3.82,swing_BJP=-53.41 (z=-3.8); nota_d=0.21 (z=-1.1),True,standard,merge/split? new colony? migration? caste-cluster voting? boundary shift?
LS2024-089-0316,89,VS2022>LS2024,statistical_outlier,3.52,swing_BJP=-53.61 (z=-3.5); margin_d=-54.98 (z=-2.0),True,standard,merge/split? new colony? migration? caste-cluster voting? boundary shift?
LS2024-089-0317,89,VS2022>LS2024,statistical_outlier,4.09,nota_d=2.66 (z=4.1); swing_BJP=-0.45 (z=-0.1),False,standard,merge/split? new colony? migration? caste-cluster voting? boundary shift?
LS2024-089-0321,89,VS2022>LS2024,statistical_outlier,3.88,swing_BJP=59.04 (z=3.9); margin_d=54.2 (z=2.5),True,standard,merge/split? new colony? migration? caste-cluster voting? boundary shift?
LS2024-089-0326,89,VS2022>LS2024,statistical_outlier,3.6,margin_d=76.77 (z=3.6); swing_BJP=43.9 (z=3.0),True,standard,merge/split? new colony? migration? caste-cluster voting? boundary shift?
LS2024-089-0327,89,VS2022>LS2024,statistical_outlier,4.1,swing_BJP=61.17 (z=4.1); nota_d=1.96 (z=2.4),True,standard,merge/split? new colony? migration? caste-cluster voting? boundary shift?
LS2024-089-0328,89,VS2022>LS2024,statistical_outlier,5.42,swing_BJP=-72.62 (z=-5.4); nota_d=0.35 (z=-0.9),True,standard,merge/split? new colony? migration? caste-cluster voting? boundary shift?
LS2024-089-0337,89,VS2022>LS2024,statistical_outlier,4.29,swing_BJP=-56.74 (z=-4.3); margin_d=-43.14 (z=-1.7),True,standard,merge/split? new colony? migration? caste-cluster voting? boundary shift?
LS2024-089-0338,89,VS2022>LS2024,statistical_outlier,4.03,swing_BJP=-56.65 (z=-4.0); margin_d=-32.26 (z=-1.2),True,standard,merge/split? new colony? migration? caste-cluster voting? boundary shift?
LS2024-089-0341,89,VS2022>LS2024,statistical_outlier,4.03,swing_BJP=-52.75 (z=-4.0); nota_d=0.32 (z=-1.0),True,standard,merge/split? new colony? migration? caste-cluster voting? boundary shift?
LS2024-089-0342,89,VS2022>LS2024,statistical_outlier,4.63,swing_BJP=-62.4 (z=-4.6); margin_d=-26.42 (z=-1.0),True,standard,merge/split? new colony? migration? caste-cluster voting? boundary shift?
LS2024-089-0343,89,VS2022>LS2024,statistical_outlier,3.74,swing_BJP=-50.5 (z=-3.7); nota_d=0.16 (z=-1.3),True,standard,merge/split? new colony? migration? caste-cluster voting? boundary shift?
LS2024-089-0348,89,VS2022>LS2024,statistical_outlier,4.68,swing_BJP=63.59 (z=4.7); margin_d=43.38 (z=2.2),True,standard,merge/split? new colony? migration? caste-cluster voting? boundary shift?
LS2024-089-0349,89,VS2022>LS2024,statistical_outlier,4.69,swing_BJP=66.97 (z=4.7); margin_d=21.82 (z=1.2),True,standard,merge/split? new colony? migration? caste-cluster voting? boundary shift?
LS2024-089-0350,89,VS2022>LS2024,statistical_outlier,4.57,swing_BJP=65.31 (z=4.6); margin_d=41.5 (z=2.0),True,standard,merge/split? new colony? migration? caste-cluster voting? boundary shift?
LS2024-089-0353,89,VS2022>LS2024,statistical_outlier,4.85,swing_BJP=69.34 (z=4.8); margin_d=26.43 (z=1.4),True,standard,merge/split? new colony? migration? caste-cluster voting? boundary shift?
LS2024-089-0354,89,VS2022>LS2024,statistical_outlier,4.57,swing_BJP=67.03 (z=4.6); margin_d=26.79 (z=1.4),True,standard,merge/split? new colony? migration? caste-cluster voting? boundary shift?
LS2024-089-0355,89,VS2022>LS2024,statistical_outlier,4.79,swing_BJP=65.05 (z=4.8); margin_d=32.06 (z=1.7),True,standard,merge/split? new colony? migration? caste-cluster voting? boundary shift?
LS2024-089-0357,89,VS2022>LS2024,statistical_outlier,4.66,swing_BJP=67.71 (z=4.7); margin_d=39.81 (z=1.9),True,standard,merge/split? new colony? migration? caste-cluster voting? boundary shift?
LS2024-089-0358,89,VS2022>LS2024,statistical_outlier,4.68,swing_BJP=69.12 (z=4.7); margin_d=65.29 (z=3.0),True,standard,merge/split? new colony? migration? caste-cluster voting? boundary shift?
LS2024-089-0362,89,VS2022>LS2024,statistical_outlier,4.91,swing_BJP=70.4 (z=4.9); margin_d=41.21 (z=2.0),True,standard,merge/split? new colony? migration? caste-cluster voting? boundary shift?
LS2024-089-0363,89,VS2022>LS2024,statistical_outlier,4.78,swing_BJP=65.92 (z=4.8); margin_d=57.26 (z=2.8),True,standard,merge/split? new colony? migration? caste-cluster voting? boundary shift?
LS2024-089-0422,89,VS2022>LS2024,statistical_outlier,3.51,margin_d=71.96 (z=3.5); swing_BJP=41.6 (z=3.0),False,standard,merge/split? new colony? migration? caste-cluster voting? boundary shift?
LS2019-090-0025,90,VS2017>LS2019,statistical_outlier,4.74,swing_INC=-44.38 (z=-4.7); swing_IND=1.36 (z=1.8),True,standard,merge/split? new colony? migration? caste-cluster voting? boundary shift?
LS2019-090-0049,90,VS2017>LS2019,statistical_outlier,3.65,swing_INC=-34.57 (z=-3.7); turnout_d=25.24 (z=2.2),True,standard,merge/split? new colony? migration? caste-cluster voting? boundary shift?
LS2019-090-0052,90,VS2017>LS2019,statistical_outlier,8.36,swing_INC=85.18 (z=8.4); turnout_d=-30.1 (z=-2.3),True,standard,merge/split? new colony? migration? caste-cluster voting? boundary shift?
LS2019-090-0053,90,VS2017>LS2019,statistical_outlier,5.16,swing_INC=56.33 (z=5.2); margin_d=-51.96 (z=-1.5),True,standard,merge/split? new colony? migration? caste-cluster voting? boundary shift?
LS2019-090-0059,90,VS2017>LS2019,statistical_outlier,13.1,swing_IND=-11.82 (z=-13.1); swing_INC=-30.58 (z=-3.2),False,standard,merge/split? new colony? migration? caste-cluster voting? boundary shift?
LS2019-090-0066,90,VS2017>LS2019,statistical_outlier,3.81,swing_INC=37.66 (z=3.8); nota_d=1.1 (z=1.2),False,standard,merge/split? new colony? migration? caste-cluster voting? boundary shift?
LS2019-090-0087,90,VS2017>LS2019,statistical_outlier,6.23,swing_INC=-58.1 (z=-6.2); swing_IND=1.03 (z=1.5),True,standard,merge/split? new colony? migration? caste-cluster voting? boundary shift?
LS2019-090-0088,90,VS2017>LS2019,statistical_outlier,5.39,swing_INC=-49.42 (z=-5.4); swing_BSP=80.0 (z=2.5),True,standard,merge/split? new colony? migration? caste-cluster voting? boundary shift?
LS2019-090-0090,90,VS2017>LS2019,statistical_outlier,4.2,swing_INC=-35.2 (z=-4.2); turnout_d=22.72 (z=2.2),True,standard,merge/split? new colony? migration? caste-cluster voting? boundary shift?
LS2019-090-0091,90,VS2017>LS2019,statistical_outlier,4.57,swing_INC=-36.05 (z=-4.6); turnout_d=18.77 (z=2.0),True,standard,merge/split? new colony? migration? caste-cluster voting? boundary shift?
LS2019-090-0114,90,VS2017>LS2019,statistical_outlier,3.88,nota_d=2.49 (z=3.9); turnout_d=13.43 (z=1.4),False,standard,merge/split? new colony? migration? caste-cluster voting? boundary shift?
LS2019-090-0191,90,VS2017>LS2019,statistical_outlier,6.36,swing_INC=-63.56 (z=-6.4); swing_BSP=55.56 (z=1.6),True,standard,merge/split? new colony? migration? caste-cluster voting? boundary shift?
LS2019-090-0193,90,VS2017>LS2019,statistical_outlier,4.74,swing_INC=47.41 (z=4.7); swing_BJP=-25.42 (z=-1.0),True,standard,merge/split? new colony? migration? caste-cluster voting? boundary shift?
LS2019-090-0209,90,VS2017>LS2019,statistical_outlier,3.75,swing_INC=41.52 (z=3.8); margin_d=-49.37 (z=-1.4),False,standard,merge/split? new colony? migration? caste-cluster voting? boundary shift?
LS2019-090-0219,90,VS2017>LS2019,statistical_outlier,17.83,swing_IND=-14.74 (z=-17.8); turnout_d=-17.83 (z=-1.3),False,standard,merge/split? new colony? migration? caste-cluster voting? boundary shift?
LS2019-090-0241,90,VS2017>LS2019,statistical_outlier,3.81,swing_INC=-35.36 (z=-3.8); nota_d=0.0 (z=-1.1),True,standard,merge/split? new colony? migration? caste-cluster voting? boundary shift?
LS2019-090-0264,90,VS2017>LS2019,statistical_outlier,6.8,swing_INC=-58.43 (z=-6.8); nota_d=2.18 (z=3.4),True,standard,merge/split? new colony? migration? caste-cluster voting? boundary shift?
LS2019-090-0267,90,VS2017>LS2019,statistical_outlier,4.32,nota_d=2.74 (z=4.3); swing_INC=-6.53 (z=-1.1),False,standard,merge/split? new colony? migration? caste-cluster voting? boundary shift?
LS2019-090-0291,90,VS2017>LS2019,statistical_outlier,7.16,swing_INC=-67.48 (z=-7.2); swing_BSP=81.9 (z=2.5),True,standard,merge/split? new colony? migration? caste-cluster voting? boundary shift?
LS2019-090-0292,90,VS2017>LS2019,statistical_outlier,4.61,swing_INC=-42.99 (z=-4.6); swing_BSP=59.99 (z=1.8),True,standard,merge/split? new colony? migration? caste-cluster voting? boundary shift?
LS2019-090-0293,90,VS2017>LS2019,statistical_outlier,6.77,swing_INC=-61.42 (z=-6.8); swing_BSP=81.42 (z=2.6),True,standard,merge/split? new colony? migration? caste-cluster voting? boundary shift?
LS2019-090-0294,90,VS2017>LS2019,statistical_outlier,7.4,swing_INC=-73.99 (z=-7.4); swing_BSP=87.45 (z=2.5),True,standard,merge/split? new colony? migration? caste-cluster voting? boundary shift?
LS2019-090-0295,90,VS2017>LS2019,statistical_outlier,7.65,swing_INC=-76.23 (z=-7.6); swing_BSP=82.77 (z=2.4),True,standard,merge/split? new colony? migration? caste-cluster voting? boundary shift?
LS2019-090-0302,90,VS2017>LS2019,statistical_outlier,7.15,swing_INC=-61.52 (z=-7.2); swing_BSP=62.42 (z=2.1),True,standard,merge/split? new colony? migration? caste-cluster voting? boundary shift?
LS2019-090-0303,90,VS2017>LS2019,statistical_outlier,5.66,swing_INC=-49.87 (z=-5.7); swing_BSP=67.9 (z=2.2),True,standard,merge/split? new colony? migration? caste-cluster voting? boundary shift?
LS2019-090-0305,90,VS2017>LS2019,statistical_outlier,3.61,nota_d=2.42 (z=3.6); turnout_d=-22.03 (z=-1.6),False,standard,merge/split? new colony? migration? caste-cluster voting? boundary shift?
LS2019-090-0306,90,VS2017>LS2019,statistical_outlier,9.18,swing_INC=-82.03 (z=-9.2); turnout_d=-27.84 (z=-2.2),True,standard,merge/split? new colony? migration? caste-cluster voting? boundary shift?
LS2019-090-0307,90,VS2017>LS2019,statistical_outlier,8.81,swing_INC=-79.76 (z=-8.8); swing_BJP=74.5 (z=1.8),True,standard,merge/split? new colony? migration? caste-cluster voting? boundary shift?
LS2019-090-0308,90,VS2017>LS2019,statistical_outlier,8.43,swing_INC=-78.27 (z=-8.4); margin_d=-63.96 (z=-1.8),True,standard,merge/split? new colony? migration? caste-cluster voting? boundary shift?
LS2019-090-0309,90,VS2017>LS2019,statistical_outlier,6.57,swing_INC=-63.68 (z=-6.6); turnout_d=-33.2 (z=-2.4),True,standard,merge/split? new colony? migration? caste-cluster voting? boundary shift?
LS2019-090-0314,90,VS2017>LS2019,statistical_outlier,8.34,swing_INC=-83.15 (z=-8.3); swing_BSP=70.03 (z=2.1),True,standard,merge/split? new colony? migration? caste-cluster voting? boundary shift?
LS2019-090-0315,90,VS2017>LS2019,statistical_outlier,5.46,swing_INC=-59.13 (z=-5.5); margin_d=-49.51 (z=-1.2),True,standard,merge/split? new colony? migration? caste-cluster voting? boundary shift?
LS2019-090-0316,90,VS2017>LS2019,statistical_outlier,6.79,swing_INC=-65.81 (z=-6.8); swing_IND=0.99 (z=1.4),True,standard,merge/split? new colony? migration? caste-cluster voting? boundary shift?
LS2019-090-0317,90,VS2017>LS2019,statistical_outlier,8.19,swing_INC=-71.56 (z=-8.2); swing_BSP=54.68 (z=1.8),True,standard,merge/split? new colony? migration? caste-cluster voting? boundary shift?
LS2019-090-0318,90,VS2017>LS2019,statistical_outlier,6.83,swing_INC=-59.06 (z=-6.8); swing_IND=1.32 (z=2.0),True,standard,merge/split? new colony? migration? caste-cluster voting? boundary shift?
LS2019-090-0319,90,VS2017>LS2019,statistical_outlier,8.5,swing_INC=-74.44 (z=-8.5); margin_d=-68.54 (z=-2.1),True,standard,merge/split? new colony? migration? caste-cluster voting? boundary shift?
LS2019-090-0334,90,VS2017>LS2019,statistical_outlier,3.69,nota_d=2.46 (z=3.7); swing_INC=10.69 (z=0.7),False,standard,merge/split? new colony? migration? caste-cluster voting? boundary shift?
LS2019-090-0335,90,VS2017>LS2019,statistical_outlier,4.13,swing_INC=46.27 (z=4.1); margin_d=-66.63 (z=-1.8),True,standard,merge/split? new colony? migration? caste-cluster voting? boundary shift?
LS2019-090-0346,90,VS2017>LS2019,statistical_outlier,5.85,nota_d=3.55 (z=5.9); swing_IND=1.24 (z=1.7),False,standard,merge/split? new colony? migration? caste-cluster voting? boundary shift?
LS2019-090-0356,90,VS2017>LS2019,statistical_outlier,7.82,swing_IND=-7.43 (z=-7.8); swing_INC=-39.74 (z=-3.9),True,standard,merge/split? new colony? migration? caste-cluster voting? boundary shift?
LS2019-090-0357,90,VS2017>LS2019,statistical_outlier,30.21,swing_IND=-23.89 (z=-30.2); turnout_d=8.77 (z=1.0),False,standard,merge/split? new colony? migration? caste-cluster voting? boundary shift?
LS2019-090-0358,90,VS2017>LS2019,statistical_outlier,20.09,swing_IND=-18.17 (z=-20.1); swing_INC=-5.19 (z=-0.9),False,standard,merge/split? new colony? migration? caste-cluster voting? boundary shift?
LS2019-090-0359,90,VS2017>LS2019,statistical_outlier,8.36,swing_INC=-76.23 (z=-8.4); swing_IND=-2.6 (z=-3.0),True,standard,merge/split? new colony? migration? caste-cluster voting? boundary shift?
LS2019-090-0387,90,VS2017>LS2019,statistical_outlier,4.19,swing_IND=-3.79 (z=-4.2); swing_INC=-17.39 (z=-2.1),False,standard,merge/split? new colony? migration? caste-cluster voting? boundary shift?
LS2019-090-0388,90,VS2017>LS2019,statistical_outlier,3.9,swing_INC=-32.42 (z=-3.9); swing_IND=-1.64 (z=-1.9),False,standard,merge/split? new colony? migration? caste-cluster voting? boundary shift?
LS2019-090-0390,90,VS2017>LS2019,statistical_outlier,5.47,swing_IND=-4.31 (z=-5.5); margin_d=-26.4 (z=-0.9),False,standard,merge/split? new colony? migration? caste-cluster voting? boundary shift?
LS2019-090-0391,90,VS2017>LS2019,statistical_outlier,11.62,swing_IND=-10.19 (z=-11.6); nota_d=1.19 (z=1.2),False,standard,merge/split? new colony? migration? caste-cluster voting? boundary shift?
LS2024-090-0333,90,VS2022>LS2024,statistical_outlier,8.71,nota_d=4.03 (z=8.7); swing_BJP=48.79 (z=2.0),True,standard,merge/split? new colony? migration? caste-cluster voting? boundary shift?
LS2024-090-0370,90,VS2022>LS2024,statistical_outlier,3.56,swing_BJP=83.43 (z=3.6); margin_d=63.5 (z=2.2),True,standard,merge/split? new colony? migration? caste-cluster voting? boundary shift?
LS2024-090-0372,90,VS2022>LS2024,statistical_outlier,3.59,swing_BJP=81.97 (z=3.6); nota_d=1.05 (z=1.4),True,standard,merge/split? new colony? migration? caste-cluster voting? boundary shift?
LS2024-090-0381,90,VS2022>LS2024,statistical_outlier,3.78,nota_d=1.99 (z=3.8); swing_BJP=81.05 (z=3.4),True,standard,merge/split? new colony? migration? caste-cluster voting? boundary shift?
LS2024-090-0411,90,VS2022>LS2024,statistical_outlier,5.03,nota_d=2.46 (z=5.0); margin_d=-29.17 (z=-0.7),False,standard,merge/split? new colony? migration? caste-cluster voting? boundary shift?
LS2019-091-0015,91,VS2017>LS2019,statistical_outlier,3.92,swing_IND=3.33 (z=3.9); nota_d=1.29 (z=1.0),False,standard,merge/split? new colony? migration? caste-cluster voting? boundary shift?
LS2019-091-0030,91,VS2017>LS2019,statistical_outlier,26.23,swing_IND=-24.98 (z=-26.2); swing_BSP=-42.92 (z=-1.7),True,standard,merge/split? new colony? migration? caste-cluster voting? boundary shift?
LS2019-091-0040,91,VS2017>LS2019,statistical_outlier,7.46,swing_INC=91.43 (z=7.5); swing_BJP=-43.95 (z=-2.1),True,standard,merge/split? new colony? migration? caste-cluster voting? boundary shift?
LS2019-091-0046,91,VS2017>LS2019,statistical_outlier,4.01,swing_BSP=69.32 (z=4.0); swing_IND=2.05 (z=2.5),True,standard,merge/split? new colony? migration? caste-cluster voting? boundary shift?
LS2019-091-0049,91,VS2017>LS2019,statistical_outlier,5.02,swing_INC=66.83 (z=5.0); swing_BJP=-37.87 (z=-1.8),True,standard,merge/split? new colony? migration? caste-cluster voting? boundary shift?
LS2019-091-0053,91,VS2017>LS2019,statistical_outlier,3.59,swing_INC=54.97 (z=3.6); swing_IND=2.16 (z=2.3),True,standard,merge/split? new colony? migration? caste-cluster voting? boundary shift?
LS2019-091-0054,91,VS2017>LS2019,statistical_outlier,7.43,swing_INC=94.23 (z=7.4); margin_d=58.94 (z=1.2),True,standard,merge/split? new colony? migration? caste-cluster voting? boundary shift?
LS2019-091-0055,91,VS2017>LS2019,statistical_outlier,8.09,swing_INC=91.7 (z=8.1); swing_BJP=-67.3 (z=-3.1),True,standard,merge/split? new colony? migration? caste-cluster voting? boundary shift?
LS2019-091-0056,91,VS2017>LS2019,statistical_outlier,6.75,swing_INC=93.3 (z=6.8); swing_BJP=-56.73 (z=-2.2),True,standard,merge/split? new colony? migration? caste-cluster voting? boundary shift?
LS2019-091-0057,91,VS2017>LS2019,statistical_outlier,6.23,swing_INC=86.78 (z=6.2); margin_d=78.1 (z=1.6),True,standard,merge/split? new colony? migration? caste-cluster voting? boundary shift?
LS2019-091-0060,91,VS2017>LS2019,statistical_outlier,4.34,swing_INC=61.46 (z=4.3); swing_BSP=-58.08 (z=-2.4),True,standard,merge/split? new colony? migration? caste-cluster voting? boundary shift?
LS2019-091-0061,91,VS2017>LS2019,statistical_outlier,4.35,swing_INC=57.64 (z=4.4); swing_BSP=-25.25 (z=-0.9),True,standard,merge/split? new colony? migration? caste-cluster voting? boundary shift?
LS2019-091-0064,91,VS2017>LS2019,statistical_outlier,5.36,swing_INC=66.13 (z=5.4); swing_BJP=-44.84 (z=-2.3),True,standard,merge/split? new colony? migration? caste-cluster voting? boundary shift?
LS2019-091-0100,91,VS2017>LS2019,statistical_outlier,4.52,swing_IND=4.1 (z=4.5); turnout_d=17.84 (z=1.6),False,standard,merge/split? new colony? migration? caste-cluster voting? boundary shift?
LS2019-091-0129,91,VS2017>LS2019,statistical_outlier,5.59,nota_d=4.71 (z=5.6); swing_INC=55.69 (z=3.2),True,standard,merge/split? new colony? migration? caste-cluster voting? boundary shift?
LS2019-091-0163,91,VS2017>LS2019,statistical_outlier,3.85,swing_BSP=-80.92 (z=-3.9); nota_d=2.31 (z=2.9),True,standard,merge/split? new colony? migration? caste-cluster voting? boundary shift?
LS2019-091-0165,91,VS2017>LS2019,statistical_outlier,3.97,nota_d=3.1 (z=4.0); swing_IND=2.86 (z=3.1),False,standard,merge/split? new colony? migration? caste-cluster voting? boundary shift?
LS2019-091-0168,91,VS2017>LS2019,statistical_outlier,5.04,swing_INC=65.25 (z=5.0); swing_BSP=-72.69 (z=-3.3),True,standard,merge/split? new colony? migration? caste-cluster voting? boundary shift?
LS2019-091-0174,91,VS2017>LS2019,statistical_outlier,4.22,swing_BSP=-87.89 (z=-4.2); swing_BJP=73.38 (z=2.1),True,standard,merge/split? new colony? migration? caste-cluster voting? boundary shift?
LS2019-091-0188,91,VS2017>LS2019,statistical_outlier,3.84,swing_BSP=67.57 (z=3.8); swing_BJP=-24.92 (z=-1.5),True,standard,merge/split? new colony? migration? caste-cluster voting? boundary shift?
LS2019-091-0196,91,VS2017>LS2019,statistical_outlier,4.97,swing_INC=61.42 (z=5.0); swing_BSP=-26.9 (z=-1.1),True,standard,merge/split? new colony? migration? caste-cluster voting? boundary shift?
LS2019-091-0197,91,VS2017>LS2019,statistical_outlier,4.63,swing_INC=66.48 (z=4.6); swing_BSP=-90.51 (z=-3.8),True,standard,merge/split? new colony? migration? caste-cluster voting? boundary shift?
LS2019-091-0198,91,VS2017>LS2019,statistical_outlier,5.93,swing_INC=70.16 (z=5.9); swing_BJP=-25.31 (z=-1.6),True,standard,merge/split? new colony? migration? caste-cluster voting? boundary shift?
LS2019-091-0199,91,VS2017>LS2019,statistical_outlier,4.47,swing_INC=58.29 (z=4.5); turnout_d=-21.67 (z=-2.1),True,standard,merge/split? new colony? migration? caste-cluster voting? boundary shift?
LS2019-091-0212,91,VS2017>LS2019,statistical_outlier,4.26,swing_BSP=87.03 (z=4.3); swing_BJP=-74.21 (z=-2.8),True,standard,merge/split? new colony? migration? caste-cluster voting? boundary shift?
LS2019-091-0255,91,VS2017>LS2019,statistical_outlier,3.78,swing_BSP=-74.28 (z=-3.8); margin_d=-42.14 (z=-1.8),True,standard,merge/split? new colony? migration? caste-cluster voting? boundary shift?
LS2019-091-0256,91,VS2017>LS2019,statistical_outlier,4.47,swing_BSP=-88.25 (z=-4.5); margin_d=-51.99 (z=-2.1),True,standard,merge/split? new colony? migration? caste-cluster voting? boundary shift?
LS2019-091-0269,91,VS2017>LS2019,statistical_outlier,4.08,swing_INC=83.36 (z=4.1); swing_BJP=-84.72 (z=-2.1),True,standard,merge/split? new colony? migration? caste-cluster voting? boundary shift?
LS2019-091-0270,91,VS2017>LS2019,statistical_outlier,7.57,swing_INC=85.53 (z=7.6); swing_BSP=-65.45 (z=-3.2),True,standard,merge/split? new colony? migration? caste-cluster voting? boundary shift?
LS2019-091-0275,91,VS2017>LS2019,statistical_outlier,4.14,swing_BSP=65.79 (z=4.1); swing_BJP=-48.78 (z=-2.6),True,standard,merge/split? new colony? migration? caste-cluster voting? boundary shift?
LS2019-091-0295,91,VS2017>LS2019,statistical_outlier,3.82,swing_BSP=-78.65 (z=-3.8); swing_BJP=71.48 (z=2.0),True,standard,merge/split? new colony? migration? caste-cluster voting? boundary shift?
LS2019-091-0310,91,VS2017>LS2019,statistical_outlier,4.17,swing_INC=55.03 (z=4.2); swing_BJP=-24.99 (z=-1.5),True,standard,merge/split? new colony? migration? caste-cluster voting? boundary shift?
LS2019-091-0311,91,VS2017>LS2019,statistical_outlier,3.88,swing_INC=51.7 (z=3.9); swing_BJP=-26.94 (z=-1.6),True,standard,merge/split? new colony? migration? caste-cluster voting? boundary shift?
LS2019-091-0313,91,VS2017>LS2019,statistical_outlier,3.79,swing_INC=48.66 (z=3.8); margin_d=-63.76 (z=-2.6),True,standard,merge/split? new colony? migration? caste-cluster voting? boundary shift?
LS2019-091-0314,91,VS2017>LS2019,statistical_outlier,3.89,swing_INC=52.96 (z=3.9); margin_d=-42.96 (z=-1.7),True,standard,merge/split? new colony? migration? caste-cluster voting? boundary shift?
LS2019-091-0316,91,VS2017>LS2019,statistical_outlier,6.7,swing_INC=75.84 (z=6.7); swing_BJP=-49.33 (z=-2.5),True,standard,merge/split? new colony? migration? caste-cluster voting? boundary shift?
LS2019-091-0319,91,VS2017>LS2019,statistical_outlier,3.57,swing_BSP=64.27 (z=3.6); swing_BJP=-59.0 (z=-2.6),True,standard,merge/split? new colony? migration? caste-cluster voting? boundary shift?
LS2019-091-0320,91,VS2017>LS2019,statistical_outlier,4.12,swing_BSP=65.65 (z=4.1); swing_IND=2.15 (z=2.8),True,standard,merge/split? new colony? migration? caste-cluster voting? boundary shift?
LS2019-091-0341,91,VS2017>LS2019,statistical_outlier,3.79,swing_INC=54.91 (z=3.8); swing_IND=1.63 (z=1.8),True,standard,merge/split? new colony? migration? caste-cluster voting? boundary shift?
LS2019-091-0342,91,VS2017>LS2019,statistical_outlier,4.31,swing_INC=59.73 (z=4.3); swing_BJP=-33.52 (z=-1.7),True,standard,merge/split? new colony? migration? caste-cluster voting? boundary shift?
LS2019-091-0365,91,VS2017>LS2019,statistical_outlier,3.84,nota_d=3.1 (z=3.8); swing_BSP=17.29 (z=1.1),True,standard,merge/split? new colony? migration? caste-cluster voting? boundary shift?
LS2024-091-0025,91,VS2022>LS2024,statistical_outlier,3.83,nota_d=2.18 (z=3.8); swing_BJP=1.06 (z=0.3),True,standard,merge/split? new colony? migration? caste-cluster voting? boundary shift?
LS2024-091-0154,91,VS2022>LS2024,statistical_outlier,4.35,nota_d=2.27 (z=4.4); swing_BJP=9.26 (z=0.6),True,standard,merge/split? new colony? migration? caste-cluster voting? boundary shift?
LS2024-091-0227,91,VS2022>LS2024,statistical_outlier,3.6,nota_d=1.93 (z=3.6); swing_BJP=-32.94 (z=-0.8),True,standard,merge/split? new colony? migration? caste-cluster voting? boundary shift?
LS2024-091-0298,91,VS2022>LS2024,statistical_outlier,3.79,nota_d=2.08 (z=3.8); swing_BJP=-25.18 (z=-0.5),True,standard,merge/split? new colony? migration? caste-cluster voting? boundary shift?
VS2022-092-0002,92,LS2019>VS2022,statistical_outlier,5.57,swing_RSSP=-1.77 (z=-5.6); swing_IND=1.88 (z=1.3),False,standard,merge/split? new colony? migration? caste-cluster voting? boundary shift?
VS2022-092-0009,92,LS2019>VS2022,statistical_outlier,3.68,swing_RSSP=-1.05 (z=-3.7); swing_IND=2.2 (z=1.8),True,standard,merge/split? new colony? migration? caste-cluster voting? boundary shift?
VS2022-092-0021,92,LS2019>VS2022,statistical_outlier,4.11,swing_RSSP=-1.12 (z=-4.1); nota_d=-1.87 (z=-1.8),True,standard,merge/split? new colony? migration? caste-cluster voting? boundary shift?
VS2022-092-0064,92,LS2019>VS2022,statistical_outlier,3.55,swing_RSSP=-1.01 (z=-3.6); swing_BSP=-20.41 (z=-1.7),False,standard,merge/split? new colony? migration? caste-cluster voting? boundary shift?
VS2022-092-0065,92,LS2019>VS2022,statistical_outlier,3.52,swing_BSP=-42.25 (z=-3.5); swing_BJP=24.17 (z=1.8),True,standard,merge/split? new colony? migration? caste-cluster voting? boundary shift?
VS2022-092-0066,92,LS2019>VS2022,statistical_outlier,6.54,swing_BSP=77.22 (z=6.5); swing_INC=-46.48 (z=-2.5),True,standard,merge/split? new colony? migration? caste-cluster voting? boundary shift?
VS2022-092-0082,92,LS2019>VS2022,statistical_outlier,4.63,swing_BSP=55.02 (z=4.6); swing_BJP=-62.2 (z=-1.9),True,standard,merge/split? new colony? migration? caste-cluster voting? boundary shift?
VS2022-092-0090,92,LS2019>VS2022,statistical_outlier,3.67,swing_BSP=46.66 (z=3.7); nota_d=-2.38 (z=-2.6),True,standard,merge/split? new colony? migration? caste-cluster voting? boundary shift?
VS2022-092-0102,92,LS2019>VS2022,statistical_outlier,3.55,swing_BSP=-40.69 (z=-3.6); swing_BJP=52.45 (z=3.1),True,standard,merge/split? new colony? migration? caste-cluster voting? boundary shift?
VS2022-092-0109,92,LS2019>VS2022,statistical_outlier,4.81,swing_IND=-4.89 (z=-4.8); swing_RSSP=-1.04 (z=-3.4),False,standard,merge/split? new colony? migration? caste-cluster voting? boundary shift?
VS2022-092-0148,92,LS2019>VS2022,statistical_outlier,3.99,turnout_d=39.34 (z=4.0); margin_d=30.64 (z=1.4),False,standard,merge/split? new colony? migration? caste-cluster voting? boundary shift?
VS2022-092-0170,92,LS2019>VS2022,statistical_outlier,4.03,swing_BSP=47.72 (z=4.0); turnout_d=17.72 (z=1.7),True,standard,merge/split? new colony? migration? caste-cluster voting? boundary shift?
VS2022-092-0176,92,LS2019>VS2022,statistical_outlier,4.31,swing_IND=4.66 (z=4.3); swing_BJP=39.43 (z=2.4),True,standard,merge/split? new colony? migration? caste-cluster voting? boundary shift?
VS2022-092-0178,92,LS2019>VS2022,statistical_outlier,3.77,swing_BSP=51.89 (z=3.8); swing_BJP=-70.08 (z=-1.9),True,standard,merge/split? new colony? migration? caste-cluster voting? boundary shift?
VS2022-092-0193,92,LS2019>VS2022,statistical_outlier,3.73,swing_BSP=-43.23 (z=-3.7); swing_BJP=22.91 (z=1.8),True,standard,merge/split? new colony? migration? caste-cluster voting? boundary shift?
VS2022-092-0197,92,LS2019>VS2022,statistical_outlier,4.9,swing_BSP=63.96 (z=4.9); swing_BJP=-58.2 (z=-1.6),True,standard,merge/split? new colony? migration? caste-cluster voting? boundary shift?
VS2022-092-0209,92,LS2019>VS2022,statistical_outlier,3.56,swing_BSP=44.2 (z=3.6); swing_IND=-1.99 (z=-2.3),True,standard,merge/split? new colony? migration? caste-cluster voting? boundary shift?
VS2022-092-0218,92,LS2019>VS2022,statistical_outlier,3.52,swing_BSP=45.68 (z=3.5); swing_BJP=-54.88 (z=-1.5),True,standard,merge/split? new colony? migration? caste-cluster voting? boundary shift?
VS2022-092-0273,92,LS2019>VS2022,statistical_outlier,3.66,nota_d=-2.93 (z=-3.7); swing_BSP=17.17 (z=1.3),False,standard,merge/split? new colony? migration? caste-cluster voting? boundary shift?
VS2022-092-0286,92,LS2019>VS2022,statistical_outlier,4.27,swing_BSP=49.17 (z=4.3); swing_INC=-40.67 (z=-2.3),True,standard,merge/split? new colony? migration? caste-cluster voting? boundary shift?
VS2022-092-0298,92,LS2019>VS2022,statistical_outlier,4.52,swing_IND=-4.01 (z=-4.5); swing_RSSP=-0.62 (z=-2.0),False,standard,merge/split? new colony? migration? caste-cluster voting? boundary shift?
VS2022-092-0318,92,LS2019>VS2022,statistical_outlier,3.56,swing_BSP=45.41 (z=3.6); turnout_d=-9.82 (z=-1.3),True,standard,merge/split? new colony? migration? caste-cluster voting? boundary shift?
VS2022-092-0336,92,LS2019>VS2022,statistical_outlier,4.51,swing_BSP=65.24 (z=4.5); nota_d=-1.92 (z=-1.6),True,standard,merge/split? new colony? migration? caste-cluster voting? boundary shift?
VS2022-092-0339,92,LS2019>VS2022,statistical_outlier,4.0,nota_d=-3.54 (z=-4.0); turnout_d=-19.18 (z=-2.0),False,standard,merge/split? new colony? migration? caste-cluster voting? boundary shift?
VS2022-092-0362,92,LS2019>VS2022,statistical_outlier,5.62,swing_RSSP=-1.63 (z=-5.6); swing_BSP=34.44 (z=2.5),False,standard,merge/split? new colony? migration? caste-cluster voting? boundary shift?
LS2019-092-0002,92,VS2017>LS2019,statistical_outlier,4.44,swing_RSSP=1.77 (z=4.4); turnout_d=-38.2 (z=-2.0),False,standard,merge/split? new colony? migration? caste-cluster voting? boundary shift?
LS2019-092-0007,92,VS2017>LS2019,statistical_outlier,8.79,swing_IND=-18.41 (z=-8.8); turnout_d=5.0 (z=0.9),False,standard,merge/split? new colony? migration? caste-cluster voting? boundary shift?
LS2019-092-0008,92,VS2017>LS2019,statistical_outlier,6.15,swing_IND=-15.03 (z=-6.2); turnout_d=7.17 (z=1.0),False,standard,merge/split? new colony? migration? caste-cluster voting? boundary shift?
LS2019-092-0009,92,VS2017>LS2019,statistical_outlier,3.64,swing_RSSP=1.05 (z=3.6); turnout_d=-26.14 (z=-1.9),False,standard,merge/split? new colony? migration? caste-cluster voting? boundary shift?
LS2019-092-0011,92,VS2017>LS2019,statistical_outlier,4.28,swing_IND=-10.64 (z=-4.3); swing_BSP=26.17 (z=1.8),False,standard,merge/split? new colony? migration? caste-cluster voting? boundary shift?
LS2019-092-0012,92,VS2017>LS2019,statistical_outlier,16.48,swing_IND=-33.3 (z=-16.5); turnout_d=-18.7 (z=-1.3),False,standard,merge/split? new colony? migration? caste-cluster voting? boundary shift?
LS2019-092-0015,92,VS2017>LS2019,statistical_outlier,17.13,swing_IND=-35.73 (z=-17.1); swing_INC=32.03 (z=1.7),False,standard,merge/split? new colony? migration? caste-cluster voting? boundary shift?
LS2019-092-0016,92,VS2017>LS2019,statistical_outlier,14.74,swing_IND=-31.21 (z=-14.7); swing_RSSP=0.67 (z=2.0),False,standard,merge/split? new colony? migration? caste-cluster voting? boundary shift?
LS2019-092-0017,92,VS2017>LS2019,statistical_outlier,7.74,swing_IND=-16.1 (z=-7.7); swing_BJP=70.88 (z=2.5),True,standard,merge/split? new colony? migration? caste-cluster voting? boundary shift?
LS2019-092-0018,92,VS2017>LS2019,statistical_outlier,10.38,swing_IND=-23.27 (z=-10.4); swing_INC=-32.15 (z=-2.9),True,standard,merge/split? new colony? migration? caste-cluster voting? boundary shift?
LS2019-092-0021,92,VS2017>LS2019,statistical_outlier,3.64,swing_RSSP=1.12 (z=3.6); swing_IND=-6.54 (z=-2.1),True,standard,merge/split? new colony? migration? caste-cluster voting? boundary shift?
LS2019-092-0023,92,VS2017>LS2019,statistical_outlier,5.39,swing_IND=-14.02 (z=-5.4); turnout_d=-28.34 (z=-1.8),True,standard,merge/split? new colony? migration? caste-cluster voting? boundary shift?
LS2019-092-0024,92,VS2017>LS2019,statistical_outlier,5.65,swing_IND=-13.45 (z=-5.7); turnout_d=-28.11 (z=-2.0),True,standard,merge/split? new colony? migration? caste-cluster voting? boundary shift?
LS2019-092-0025,92,VS2017>LS2019,statistical_outlier,13.89,swing_IND=-34.04 (z=-13.9); swing_BJP=47.4 (z=1.1),True,standard,merge/split? new colony? migration? caste-cluster voting? boundary shift?
LS2019-092-0026,92,VS2017>LS2019,statistical_outlier,27.51,swing_IND=-61.15 (z=-27.5); swing_RSSP=0.57 (z=1.5),True,standard,merge/split? new colony? migration? caste-cluster voting? boundary shift?
LS2019-092-0027,92,VS2017>LS2019,statistical_outlier,21.48,swing_IND=-42.94 (z=-21.5); swing_BJP=51.19 (z=1.5),True,standard,merge/split? new colony? migration? caste-cluster voting? boundary shift?
LS2019-092-0028,92,VS2017>LS2019,statistical_outlier,26.43,swing_IND=-50.19 (z=-26.4); swing_BSP=16.76 (z=1.6),True,standard,merge/split? new colony? migration? caste-cluster voting? boundary shift?
LS2019-092-0029,92,VS2017>LS2019,statistical_outlier,26.89,swing_IND=-54.99 (z=-26.9); nota_d=0.0 (z=-1.5),True,standard,merge/split? new colony? migration? caste-cluster voting? boundary shift?
LS2019-092-0032,92,VS2017>LS2019,statistical_outlier,6.28,swing_IND=-16.52 (z=-6.3); nota_d=0.0 (z=-1.3),True,standard,merge/split? new colony? migration? caste-cluster voting? boundary shift?
LS2019-092-0033,92,VS2017>LS2019,statistical_outlier,26.15,swing_IND=-54.59 (z=-26.1); swing_INC=28.7 (z=1.4),True,standard,merge/split? new colony? migration? caste-cluster voting? boundary shift?
LS2019-092-0034,92,VS2017>LS2019,statistical_outlier,24.01,swing_IND=-49.34 (z=-24.0); swing_BJP=58.71 (z=1.7),True,standard,merge/split? new colony? migration? caste-cluster voting? boundary shift?
LS2019-092-0036,92,VS2017>LS2019,statistical_outlier,14.16,swing_IND=-29.3 (z=-14.2); swing_BJP=44.1 (z=1.2),True,standard,merge/split? new colony? migration? caste-cluster voting? boundary shift?
LS2019-092-0037,92,VS2017>LS2019,statistical_outlier,4.05,swing_IND=-11.2 (z=-4.0); swing_RSSP=0.69 (z=1.8),False,standard,merge/split? new colony? migration? caste-cluster voting? boundary shift?
LS2019-092-0039,92,VS2017>LS2019,statistical_outlier,7.63,swing_IND=-15.57 (z=-7.6); turnout_d=12.18 (z=1.7),True,standard,merge/split? new colony? migration? caste-cluster voting? boundary shift?
LS2019-092-0042,92,VS2017>LS2019,statistical_outlier,3.55,swing_INC=-37.81 (z=-3.5); swing_BJP=62.54 (z=2.0),True,standard,merge/split? new colony? migration? caste-cluster voting? boundary shift?
LS2019-092-0043,92,VS2017>LS2019,statistical_outlier,3.73,swing_INC=-40.25 (z=-3.7); swing_IND=-6.59 (z=-2.4),True,standard,merge/split? new colony? migration? caste-cluster voting? boundary shift?
LS2019-092-0063,92,VS2017>LS2019,statistical_outlier,3.93,swing_IND=-9.37 (z=-3.9); margin_d=38.63 (z=1.0),False,standard,merge/split? new colony? migration? caste-cluster voting? boundary shift?
LS2019-092-0074,92,VS2017>LS2019,statistical_outlier,4.9,swing_IND=-11.49 (z=-4.9); turnout_d=-30.96 (z=-2.4),True,standard,merge/split? new colony? migration? caste-cluster voting? boundary shift?
LS2019-092-0075,92,VS2017>LS2019,statistical_outlier,7.27,swing_IND=-16.73 (z=-7.3); swing_RSSP=0.43 (z=1.0),False,standard,merge/split? new colony? migration? caste-cluster voting? boundary shift?
LS2019-092-0089,92,VS2017>LS2019,statistical_outlier,3.52,swing_BSP=-85.65 (z=-3.5); swing_BJP=71.09 (z=2.5),True,standard,merge/split? new colony? migration? caste-cluster voting? boundary shift?
LS2019-092-0095,92,VS2017>LS2019,statistical_outlier,3.84,swing_INC=-41.75 (z=-3.8); turnout_d=-19.83 (z=-1.3),True,standard,merge/split? new colony? migration? caste-cluster voting? boundary shift?
LS2019-092-0105,92,VS2017>LS2019,statistical_outlier,5.96,swing_IND=-13.54 (z=-6.0); swing_RSSP=0.82 (z=2.7),False,standard,merge/split? new colony? migration? caste-cluster voting? boundary shift?
LS2019-092-0146,92,VS2017>LS2019,statistical_outlier,4.14,swing_INC=-42.07 (z=-4.1); swing_BSP=27.68 (z=2.1),True,standard,merge/split? new colony? migration? caste-cluster voting? boundary shift?
LS2019-092-0151,92,VS2017>LS2019,statistical_outlier,5.9,swing_IND=-13.33 (z=-5.9); swing_INC=36.66 (z=2.1),False,standard,merge/split? new colony? migration? caste-cluster voting? boundary shift?
LS2019-092-0159,92,VS2017>LS2019,statistical_outlier,4.49,swing_INC=-50.74 (z=-4.5); swing_BJP=73.1 (z=2.4),True,standard,merge/split? new colony? migration? caste-cluster voting? boundary shift?
LS2019-092-0160,92,VS2017>LS2019,statistical_outlier,3.8,swing_INC=-41.67 (z=-3.8); swing_BJP=60.83 (z=1.9),True,standard,merge/split? new colony? migration? caste-cluster voting? boundary shift?
LS2019-092-0168,92,VS2017>LS2019,statistical_outlier,3.95,swing_INC=60.1 (z=3.9); swing_BSP=-63.53 (z=-2.3),True,standard,merge/split? new colony? migration? caste-cluster voting? boundary shift?
LS2019-092-0179,92,VS2017>LS2019,statistical_outlier,16.7,swing_IND=-31.06 (z=-16.7); nota_d=0.0 (z=-1.7),True,standard,merge/split? new colony? migration? caste-cluster voting? boundary shift?
LS2019-092-0183,92,VS2017>LS2019,statistical_outlier,3.59,swing_INC=59.91 (z=3.6); swing_BSP=-92.35 (z=-3.3),True,standard,merge/split? new colony? migration? caste-cluster voting? boundary shift?
LS2019-092-0196,92,VS2017>LS2019,statistical_outlier,6.4,swing_IND=-14.25 (z=-6.4); swing_BSP=24.02 (z=1.8),False,standard,merge/split? new colony? migration? caste-cluster voting? boundary shift?
LS2019-092-0226,92,VS2017>LS2019,statistical_outlier,10.32,swing_IND=-22.8 (z=-10.3); turnout_d=-13.35 (z=-0.7),False,standard,merge/split? new colony? migration? caste-cluster voting? boundary shift?
LS2019-092-0271,92,VS2017>LS2019,statistical_outlier,6.95,swing_IND=-14.6 (z=-7.0); turnout_d=6.55 (z=1.1),False,standard,merge/split? new colony? migration? caste-cluster voting? boundary shift?
LS2019-092-0273,92,VS2017>LS2019,statistical_outlier,3.72,nota_d=2.93 (z=3.7); swing_BSP=-63.37 (z=-2.2),True,standard,merge/split? new colony? migration? caste-cluster voting? boundary shift?
LS2019-092-0308,92,VS2017>LS2019,statistical_outlier,4.81,swing_RSSP=1.65 (z=4.8); turnout_d=4.53 (z=0.7),False,standard,merge/split? new colony? migration? caste-cluster voting? boundary shift?
LS2024-092-0282,92,VS2022>LS2024,statistical_outlier,4.58,nota_d=2.52 (z=4.6); swing_BJP=29.59 (z=1.4),True,standard,merge/split? new colony? migration? caste-cluster voting? boundary shift?
LS2024-092-0356,92,VS2022>LS2024,statistical_outlier,4.0,nota_d=2.41 (z=4.0); margin_d=-25.41 (z=-1.0),True,standard,merge/split? new colony? migration? caste-cluster voting? boundary shift?
VS2022-093-0016,93,LS2019>VS2022,statistical_outlier,4.35,swing_BSP=-51.24 (z=-4.4); swing_BJP=32.77 (z=2.4),True,standard,merge/split? new colony? migration? caste-cluster voting? boundary shift?
VS2022-093-0027,93,LS2019>VS2022,statistical_outlier,4.71,nota_d=-4.77 (z=-4.7); swing_IND=-1.35 (z=-1.5),False,standard,merge/split? new colony? migration? caste-cluster voting? boundary shift?
VS2022-093-0032,93,LS2019>VS2022,statistical_outlier,4.15,swing_RSSP=-0.97 (z=-4.2); swing_INC=-24.76 (z=-1.4),False,standard,merge/split? new colony? migration? caste-cluster voting? boundary shift?
VS2022-093-0037,93,LS2019>VS2022,statistical_outlier,3.81,swing_INC=-48.11 (z=-3.8); swing_RSSP=-0.38 (z=-1.6),True,standard,merge/split? new colony? migration? caste-cluster voting? boundary shift?
VS2022-093-0038,93,LS2019>VS2022,statistical_outlier,8.73,swing_RSSP=-2.22 (z=-8.7); swing_BSP=35.91 (z=1.8),True,standard,merge/split? new colony? migration? caste-cluster voting? boundary shift?
VS2022-093-0039,93,LS2019>VS2022,statistical_outlier,6.84,swing_RSSP=1.75 (z=6.8); swing_IND=1.41 (z=1.6),False,standard,merge/split? new colony? migration? caste-cluster voting? boundary shift?
VS2022-093-0043,93,LS2019>VS2022,statistical_outlier,6.9,swing_INC=-81.1 (z=-6.9); swing_BJP=29.66 (z=1.9),True,standard,merge/split? new colony? migration? caste-cluster voting? boundary shift?
VS2022-093-0047,93,LS2019>VS2022,statistical_outlier,5.95,swing_INC=-67.21 (z=-5.9); swing_BJP=63.94 (z=3.4),True,standard,merge/split? new colony? migration? caste-cluster voting? boundary shift?
VS2022-093-0065,93,LS2019>VS2022,statistical_outlier,4.14,swing_BSP=-50.34 (z=-4.1); swing_BJP=41.19 (z=2.6),True,standard,merge/split? new colony? migration? caste-cluster voting? boundary shift?
VS2022-093-0067,93,LS2019>VS2022,statistical_outlier,5.58,swing_BSP=91.88 (z=5.6); swing_BJP=-94.3 (z=-2.6),True,standard,merge/split? new colony? migration? caste-cluster voting? boundary shift?
VS2022-093-0081,93,LS2019>VS2022,statistical_outlier,4.67,swing_BSP=80.22 (z=4.7); swing_IND=2.42 (z=2.8),True,standard,merge/split? new colony? migration? caste-cluster voting? boundary shift?
VS2022-093-0082,93,LS2019>VS2022,statistical_outlier,4.04,swing_BSP=70.36 (z=4.0); swing_RSSP=-0.45 (z=-1.8),True,standard,merge/split? new colony? migration? caste-cluster voting? boundary shift?
VS2022-093-0087,93,LS2019>VS2022,statistical_outlier,6.85,swing_RSSP=1.82 (z=6.8); swing_IND=-2.38 (z=-2.5),True,standard,merge/split? new colony? migration? caste-cluster voting? boundary shift?
VS2022-093-0091,93,LS2019>VS2022,statistical_outlier,3.68,swing_BSP=-46.48 (z=-3.7); swing_BJP=20.62 (z=1.7),True,standard,merge/split? new colony? migration? caste-cluster voting? boundary shift?
VS2022-093-0092,93,LS2019>VS2022,statistical_outlier,5.33,swing_BSP=-75.82 (z=-5.3); swing_BJP=53.68 (z=2.8),True,standard,merge/split? new colony? migration? caste-cluster voting? boundary shift?
VS2022-093-0094,93,LS2019>VS2022,statistical_outlier,4.03,swing_IND=3.63 (z=4.0); swing_BSP=52.64 (z=2.7),True,standard,merge/split? new colony? migration? caste-cluster voting? boundary shift?
VS2022-093-0095,93,LS2019>VS2022,statistical_outlier,4.5,swing_BSP=83.57 (z=4.5); swing_BJP=-72.9 (z=-1.6),True,standard,merge/split? new colony? migration? caste-cluster voting? boundary shift?
VS2022-093-0099,93,LS2019>VS2022,statistical_outlier,5.97,swing_INC=-73.36 (z=-6.0); swing_RSSP=-0.47 (z=-1.8),True,standard,merge/split? new colony? migration? caste-cluster voting? boundary shift?
VS2022-093-0100,93,LS2019>VS2022,statistical_outlier,4.99,swing_INC=-69.67 (z=-5.0); swing_RSSP=-1.03 (z=-3.5),True,standard,merge/split? new colony? migration? caste-cluster voting? boundary shift?
VS2022-093-0102,93,LS2019>VS2022,statistical_outlier,4.06,swing_BSP=63.44 (z=4.1); swing_BJP=-59.35 (z=-1.5),True,standard,merge/split? new colony? migration? caste-cluster voting? boundary shift?
VS2022-093-0117,93,LS2019>VS2022,statistical_outlier,3.66,swing_INC=-44.7 (z=-3.7); swing_BJP=39.47 (z=2.6),True,standard,merge/split? new colony? migration? caste-cluster voting? boundary shift?
VS2022-093-0118,93,LS2019>VS2022,statistical_outlier,8.48,swing_INC=-92.36 (z=-8.5); swing_BJP=56.78 (z=3.1),True,standard,merge/split? new colony? migration? caste-cluster voting? boundary shift?
VS2022-093-0131,93,LS2019>VS2022,statistical_outlier,5.1,swing_BSP=-74.32 (z=-5.1); swing_BJP=39.63 (z=2.2),True,standard,merge/split? new colony? migration? caste-cluster voting? boundary shift?
VS2022-093-0138,93,LS2019>VS2022,statistical_outlier,5.18,swing_BSP=90.29 (z=5.2); swing_BJP=-80.65 (z=-2.0),True,standard,merge/split? new colony? migration? caste-cluster voting? boundary shift?
VS2022-093-0146,93,LS2019>VS2022,statistical_outlier,5.44,swing_BSP=-75.26 (z=-5.4); swing_BJP=68.47 (z=3.4),True,standard,merge/split? new colony? migration? caste-cluster voting? boundary shift?
VS2022-093-0174,93,LS2019>VS2022,statistical_outlier,3.85,swing_BSP=63.83 (z=3.8); swing_BJP=-56.78 (z=-1.3),True,standard,merge/split? new colony? migration? caste-cluster voting? boundary shift?
VS2022-093-0176,93,LS2019>VS2022,statistical_outlier,4.16,swing_BSP=85.19 (z=4.2); swing_BJP=-71.58 (z=-1.4),True,standard,merge/split? new colony? migration? caste-cluster voting? boundary shift?
VS2022-093-0182,93,LS2019>VS2022,statistical_outlier,4.21,swing_IND=-3.8 (z=-4.2); turnout_d=21.65 (z=1.3),False,standard,merge/split? new colony? migration? caste-cluster voting? boundary shift?
VS2022-093-0199,93,LS2019>VS2022,statistical_outlier,13.28,swing_RSSP=2.97 (z=13.3); nota_d=-2.16 (z=-1.3),False,standard,merge/split? new colony? migration? caste-cluster voting? boundary shift?
VS2022-093-0238,93,LS2019>VS2022,statistical_outlier,3.97,nota_d=-4.65 (z=-4.0); swing_BSP=53.93 (z=2.6),True,standard,merge/split? new colony? migration? caste-cluster voting? boundary shift?
VS2022-093-0247,93,LS2019>VS2022,statistical_outlier,3.61,swing_IND=-3.18 (z=-3.6); swing_RSSP=-0.61 (z=-2.5),True,standard,merge/split? new colony? migration? caste-cluster voting? boundary shift?
VS2022-093-0286,93,LS2019>VS2022,statistical_outlier,5.44,swing_BSP=-82.84 (z=-5.4); swing_BJP=82.14 (z=3.6),True,standard,merge/split? new colony? migration? caste-cluster voting? boundary shift?
VS2022-093-0299,93,LS2019>VS2022,statistical_outlier,5.84,swing_INC=-64.86 (z=-5.8); swing_IND=1.98 (z=2.5),True,standard,merge/split? new colony? migration? caste-cluster voting? boundary shift?
VS2022-093-0301,93,LS2019>VS2022,statistical_outlier,3.77,swing_BSP=-44.59 (z=-3.8); swing_BJP=45.99 (z=2.8),True,standard,merge/split? new colony? migration? caste-cluster voting? boundary shift?
VS2022-093-0304,93,LS2019>VS2022,statistical_outlier,4.28,swing_BSP=76.31 (z=4.3); swing_INC=-31.19 (z=-1.9),True,standard,merge/split? new colony? migration? caste-cluster voting? boundary shift?
VS2022-093-0320,93,LS2019>VS2022,statistical_outlier,3.57,swing_BSP=59.41 (z=3.6); nota_d=-3.52 (z=-3.3),True,standard,merge/split? new colony? migration? caste-cluster voting? boundary shift?
VS2022-093-0345,93,LS2019>VS2022,statistical_outlier,3.91,nota_d=-5.88 (z=-3.9); swing_RSSP=-0.33 (z=-0.8),True,standard,merge/split? new colony? migration? caste-cluster voting? boundary shift?
VS2022-093-0357,93,LS2019>VS2022,statistical_outlier,6.45,swing_RSSP=-1.83 (z=-6.5); margin_d=55.07 (z=2.0),False,standard,merge/split? new colony? migration? caste-cluster voting? boundary shift?
LS2019-093-0015,93,VS2017>LS2019,statistical_outlier,4.04,swing_BSP=-50.16 (z=-4.0); swing_BJP=54.2 (z=1.2),True,standard,merge/split? new colony? migration? caste-cluster voting? boundary shift?
LS2019-093-0016,93,VS2017>LS2019,statistical_outlier,3.98,swing_BSP=42.05 (z=4.0); margin_d=-17.81 (z=-1.2),True,standard,merge/split? new colony? migration? caste-cluster voting? boundary shift?
LS2019-093-0027,93,VS2017>LS2019,statistical_outlier,5.1,nota_d=4.77 (z=5.1); swing_IND=2.48 (z=3.0),True,standard,merge/split? new colony? migration? caste-cluster voting? boundary shift?
LS2019-093-0032,93,VS2017>LS2019,statistical_outlier,4.48,swing_RSSP=0.97 (z=4.5); swing_IND=1.53 (z=1.6),True,standard,merge/split? new colony? migration? caste-cluster voting? boundary shift?
LS2019-093-0035,93,VS2017>LS2019,statistical_outlier,3.63,swing_BSP=-48.06 (z=-3.6); margin_d=85.21 (z=1.8),True,standard,merge/split? new colony? migration? caste-cluster voting? boundary shift?
LS2019-093-0037,93,VS2017>LS2019,statistical_outlier,3.92,swing_INC=48.11 (z=3.9); margin_d=-26.79 (z=-1.5),True,standard,merge/split? new colony? migration? caste-cluster voting? boundary shift?
LS2019-093-0038,93,VS2017>LS2019,statistical_outlier,8.84,swing_RSSP=2.22 (z=8.8); turnout_d=19.34 (z=2.2),False,standard,merge/split? new colony? migration? caste-cluster voting? boundary shift?
LS2019-093-0042,93,VS2017>LS2019,statistical_outlier,3.6,swing_IND=3.17 (z=3.6); swing_INC=31.7 (z=1.9),False,standard,merge/split? new colony? migration? caste-cluster voting? boundary shift?
LS2019-093-0043,93,VS2017>LS2019,statistical_outlier,8.13,swing_INC=81.1 (z=8.1); swing_BJP=-59.12 (z=-3.4),True,standard,merge/split? new colony? migration? caste-cluster voting? boundary shift?
LS2019-093-0047,93,VS2017>LS2019,statistical_outlier,6.05,swing_INC=67.34 (z=6.1); swing_IND=1.88 (z=2.1),True,standard,merge/split? new colony? migration? caste-cluster voting? boundary shift?
LS2019-093-0057,93,VS2017>LS2019,statistical_outlier,3.68,swing_BSP=35.16 (z=3.7); margin_d=-48.02 (z=-2.1),True,standard,merge/split? new colony? migration? caste-cluster voting? boundary shift?
LS2019-093-0061,93,VS2017>LS2019,statistical_outlier,7.13,swing_BSP=-93.37 (z=-7.1); turnout_d=-31.52 (z=-2.1),True,standard,merge/split? new colony? migration? caste-cluster voting? boundary shift?
LS2019-093-0065,93,VS2017>LS2019,statistical_outlier,7.31,swing_BSP=74.6 (z=7.3); swing_BJP=-31.29 (z=-2.1),True,standard,merge/split? new colony? migration? caste-cluster voting? boundary shift?
LS2019-093-0070,93,VS2017>LS2019,statistical_outlier,3.82,swing_IND=2.97 (z=3.8); nota_d=3.0 (z=2.6),True,standard,merge/split? new colony? migration? caste-cluster voting? boundary shift?
LS2019-093-0083,93,VS2017>LS2019,statistical_outlier,6.51,swing_BSP=-87.24 (z=-6.5); nota_d=3.14 (z=2.6),True,standard,merge/split? new colony? migration? caste-cluster voting? boundary shift?
LS2019-093-0086,93,VS2017>LS2019,statistical_outlier,4.44,swing_BSP=-58.03 (z=-4.4); nota_d=2.44 (z=1.7),True,standard,merge/split? new colony? migration? caste-cluster voting? boundary shift?
LS2019-093-0092,93,VS2017>LS2019,statistical_outlier,7.55,swing_BSP=81.28 (z=7.5); swing_BJP=-84.15 (z=-4.0),True,standard,merge/split? new colony? migration? caste-cluster voting? boundary shift?
LS2019-093-0099,93,VS2017>LS2019,statistical_outlier,7.02,swing_INC=73.62 (z=7.0); swing_BJP=-41.02 (z=-2.5),True,standard,merge/split? new colony? migration? caste-cluster voting? boundary shift?
LS2019-093-0100,93,VS2017>LS2019,statistical_outlier,5.34,swing_RSSP=1.41 (z=5.3); swing_INC=70.42 (z=5.1),True,standard,merge/split? new colony? migration? caste-cluster voting? boundary shift?
LS2019-093-0118,93,VS2017>LS2019,statistical_outlier,7.38,swing_INC=93.15 (z=7.4); swing_BSP=-40.74 (z=-2.5),True,standard,merge/split? new colony? migration? caste-cluster voting? boundary shift?
LS2019-093-0123,93,VS2017>LS2019,statistical_outlier,4.19,swing_BSP=-59.88 (z=-4.2); swing_INC=25.51 (z=1.3),True,standard,merge/split? new colony? migration? caste-cluster voting? boundary shift?
LS2019-093-0125,93,VS2017>LS2019,statistical_outlier,4.44,swing_BSP=-71.38 (z=-4.4); margin_d=-62.01 (z=-2.0),True,standard,merge/split? new colony? migration? caste-cluster voting? boundary shift?
LS2019-093-0129,93,VS2017>LS2019,statistical_outlier,4.24,swing_BSP=47.11 (z=4.2); swing_BJP=-13.61 (z=-1.3),True,standard,merge/split? new colony? migration? caste-cluster voting? boundary shift?
LS2019-093-0131,93,VS2017>LS2019,statistical_outlier,6.72,swing_BSP=77.44 (z=6.7); swing_BJP=-37.13 (z=-2.1),True,standard,merge/split? new colony? migration? caste-cluster voting? boundary shift?
LS2019-093-0146,93,VS2017>LS2019,statistical_outlier,7.85,swing_BSP=86.14 (z=7.8); swing_BJP=-87.3 (z=-4.1),True,standard,merge/split? new colony? migration? caste-cluster voting? boundary shift?
LS2019-093-0147,93,VS2017>LS2019,statistical_outlier,4.27,turnout_d=42.47 (z=4.3); margin_d=70.76 (z=1.1),False,standard,merge/split? new colony? migration? caste-cluster voting? boundary shift?
LS2019-093-0182,93,VS2017>LS2019,statistical_outlier,6.67,swing_IND=4.63 (z=6.7); turnout_d=-19.76 (z=-1.2),True,standard,merge/split? new colony? migration? caste-cluster voting? boundary shift?
LS2019-093-0185,93,VS2017>LS2019,statistical_outlier,3.9,swing_BSP=37.2 (z=3.9); margin_d=-56.7 (z=-2.4),True,standard,merge/split? new colony? migration? caste-cluster voting? boundary shift?
LS2019-093-0211,93,VS2017>LS2019,statistical_outlier,5.11,swing_BSP=-60.64 (z=-5.1); swing_BJP=63.01 (z=1.6),True,standard,merge/split? new colony? migration? caste-cluster voting? boundary shift?
LS2019-093-0217,93,VS2017>LS2019,statistical_outlier,3.71,swing_BSP=-49.42 (z=-3.7); swing_INC=25.57 (z=1.4),True,standard,merge/split? new colony? migration? caste-cluster voting? boundary shift?
LS2019-093-0229,93,VS2017>LS2019,statistical_outlier,3.59,swing_BSP=33.6 (z=3.6); swing_INC=26.07 (z=1.5),True,standard,merge/split? new colony? migration? caste-cluster voting? boundary shift?
LS2019-093-0238,93,VS2017>LS2019,statistical_outlier,4.09,nota_d=4.65 (z=4.1); swing_IND=-0.66 (z=-1.6),False,standard,merge/split? new colony? migration? caste-cluster voting? boundary shift?
LS2019-093-0254,93,VS2017>LS2019,statistical_outlier,3.66,swing_BSP=-49.22 (z=-3.7); nota_d=3.37 (z=3.0),True,standard,merge/split? new colony? migration? caste-cluster voting? boundary shift?
LS2019-093-0255,93,VS2017>LS2019,statistical_outlier,4.15,swing_BSP=-53.96 (z=-4.1); swing_BJP=47.95 (z=0.9),True,standard,merge/split? new colony? migration? caste-cluster voting? boundary shift?
LS2019-093-0256,93,VS2017>LS2019,statistical_outlier,4.22,swing_BSP=-53.47 (z=-4.2); swing_RSSP=0.66 (z=2.8),True,standard,merge/split? new colony? migration? caste-cluster voting? boundary shift?
LS2019-093-0274,93,VS2017>LS2019,statistical_outlier,5.34,swing_BSP=-73.4 (z=-5.3); swing_BJP=77.5 (z=1.9),True,standard,merge/split? new colony? migration? caste-cluster voting? boundary shift?
LS2019-093-0279,93,VS2017>LS2019,statistical_outlier,5.33,swing_RSSP=1.41 (z=5.3); swing_IND=2.12 (z=2.0),False,standard,merge/split? new colony? migration? caste-cluster voting? boundary shift?
LS2019-093-0286,93,VS2017>LS2019,statistical_outlier,7.15,swing_BSP=83.33 (z=7.2); swing_BJP=-61.14 (z=-2.9),True,standard,merge/split? new colony? migration? caste-cluster voting? boundary shift?
LS2019-093-0289,93,VS2017>LS2019,statistical_outlier,5.63,swing_BSP=-68.94 (z=-5.6); swing_BJP=68.68 (z=1.8),True,standard,merge/split? new colony? migration? caste-cluster voting? boundary shift?
LS2019-093-0299,93,VS2017>LS2019,statistical_outlier,5.94,swing_INC=64.99 (z=5.9); swing_BJP=-44.44 (z=-2.6),True,standard,merge/split? new colony? migration? caste-cluster voting? boundary shift?
LS2019-093-0301,93,VS2017>LS2019,statistical_outlier,4.35,swing_BSP=41.83 (z=4.4); swing_BJP=-32.37 (z=-2.2),True,standard,merge/split? new colony? migration? caste-cluster voting? boundary shift?
LS2019-093-0316,93,VS2017>LS2019,statistical_outlier,5.11,swing_BSP=-84.08 (z=-5.1); turnout_d=-29.4 (z=-1.6),True,standard,merge/split? new colony? migration? caste-cluster voting? boundary shift?
LS2019-093-0345,93,VS2017>LS2019,statistical_outlier,4.02,nota_d=5.88 (z=4.0); swing_RSSP=0.65 (z=1.6),False,low-small-booth,merge/split? new colony? migration? caste-cluster voting? boundary shift?
LS2024-093-0121,93,VS2022>LS2024,statistical_outlier,4.15,nota_d=2.71 (z=4.1); swing_BJP=29.65 (z=1.1),True,standard,merge/split? new colony? migration? caste-cluster voting? boundary shift?
LS2024-093-0122,93,VS2022>LS2024,statistical_outlier,5.07,nota_d=3.29 (z=5.1); margin_d=48.21 (z=1.6),True,standard,merge/split? new colony? migration? caste-cluster voting? boundary shift?
LS2024-093-0176,93,VS2022>LS2024,statistical_outlier,3.54,nota_d=2.5 (z=3.5); margin_d=-63.97 (z=-2.0),True,standard,merge/split? new colony? migration? caste-cluster voting? boundary shift?
LS2024-093-0218,93,VS2022>LS2024,statistical_outlier,3.53,nota_d=2.63 (z=3.5); margin_d=-10.03 (z=-0.2),False,standard,merge/split? new colony? migration? caste-cluster voting? boundary shift?
LS2024-093-0253,93,VS2022>LS2024,statistical_outlier,3.78,nota_d=3.0 (z=3.8); margin_d=34.75 (z=1.0),False,standard,merge/split? new colony? migration? caste-cluster voting? boundary shift?
VS2022-094-0028,94,LS2019>VS2022,statistical_outlier,4.75,swing_BMJP=-0.74 (z=-4.7); swing_BSP=71.46 (z=2.7),True,standard,merge/split? new colony? migration? caste-cluster voting? boundary shift?
VS2022-094-0029,94,LS2019>VS2022,statistical_outlier,5.25,swing_BMJP=-0.86 (z=-5.2); swing_RSSP=-1.43 (z=-4.4),False,standard,merge/split? new colony? migration? caste-cluster voting? boundary shift?
VS2022-094-0030,94,LS2019>VS2022,statistical_outlier,4.76,swing_BMJP=-0.74 (z=-4.8); swing_IND=-5.81 (z=-4.7),False,standard,merge/split? new colony? migration? caste-cluster voting? boundary shift?
VS2022-094-0057,94,LS2019>VS2022,statistical_outlier,3.51,swing_BMJP=-0.58 (z=-3.5); swing_INC=-35.79 (z=-2.0),False,standard,merge/split? new colony? migration? caste-cluster voting? boundary shift?
VS2022-094-0082,94,LS2019>VS2022,statistical_outlier,5.58,swing_BMJP=0.81 (z=5.6); turnout_d=-9.84 (z=-1.6),True,standard,merge/split? new colony? migration? caste-cluster voting? boundary shift?
VS2022-094-0086,94,LS2019>VS2022,statistical_outlier,23.67,swing_BMJP=-3.65 (z=-23.7); swing_IND=-1.18 (z=-1.0),True,standard,merge/split? new colony? migration? caste-cluster voting? boundary shift?
VS2022-094-0105,94,LS2019>VS2022,statistical_outlier,4.86,swing_BMJP=-0.68 (z=-4.9); nota_d=-2.57 (z=-1.7),False,standard,merge/split? new colony? migration? caste-cluster voting? boundary shift?
VS2022-094-0143,94,LS2019>VS2022,statistical_outlier,4.39,swing_BMJP=-0.73 (z=-4.4); swing_IND=-2.79 (z=-2.2),False,standard,merge/split? new colony? migration? caste-cluster voting? boundary shift?
VS2022-094-0147,94,LS2019>VS2022,statistical_outlier,7.26,swing_BMJP=-1.08 (z=-7.3); swing_BSP=-12.64 (z=-0.9),False,standard,merge/split? new colony? migration? caste-cluster voting? boundary shift?
VS2022-094-0174,94,LS2019>VS2022,statistical_outlier,3.62,swing_BSP=-67.03 (z=-3.6); swing_BJP=37.46 (z=2.4),True,standard,merge/split? new colony? migration? caste-cluster voting? boundary shift?
VS2022-094-0190,94,LS2019>VS2022,statistical_outlier,3.52,swing_BMJP=-0.58 (z=-3.5); swing_RSSP=-0.58 (z=-1.4),False,standard,merge/split? new colony? migration? caste-cluster voting? boundary shift?
VS2022-094-0195,94,LS2019>VS2022,statistical_outlier,3.61,swing_INC=-54.52 (z=-3.6); swing_BSP=47.93 (z=1.6),True,standard,merge/split? new colony? migration? caste-cluster voting? boundary shift?
VS2022-094-0209,94,LS2019>VS2022,statistical_outlier,4.42,swing_BSP=-87.26 (z=-4.4); swing_BJP=64.99 (z=3.4),True,standard,merge/split? new colony? migration? caste-cluster voting? boundary shift?
VS2022-094-0234,94,LS2019>VS2022,statistical_outlier,3.78,swing_INC=-49.91 (z=-3.8); swing_BMJP=-0.44 (z=-3.1),True,standard,merge/split? new colony? migration? caste-cluster voting? boundary shift?
VS2022-094-0261,94,LS2019>VS2022,statistical_outlier,6.11,swing_INC=-70.59 (z=-6.1); swing_BJP=31.21 (z=2.1),True,standard,merge/split? new colony? migration? caste-cluster voting? boundary shift?
VS2022-094-0279,94,LS2019>VS2022,statistical_outlier,4.38,nota_d=-5.99 (z=-4.4); swing_BMJP=0.35 (z=1.7),False,standard,merge/split? new colony? migration? caste-cluster voting? boundary shift?
VS2022-094-0281,94,LS2019>VS2022,statistical_outlier,4.44,swing_BMJP=-0.67 (z=-4.4); swing_IND=-4.27 (z=-3.6),True,standard,merge/split? new colony? migration? caste-cluster voting? boundary shift?
VS2022-094-0317,94,LS2019>VS2022,statistical_outlier,4.27,swing_IND=5.4 (z=4.3); margin_d=-79.39 (z=-1.6),False,standard,merge/split? new colony? migration? caste-cluster voting? boundary shift?
VS2022-094-0323,94,LS2019>VS2022,statistical_outlier,4.15,swing_BMJP=-0.76 (z=-4.1); swing_INC=-53.19 (z=-3.2),True,standard,merge/split? new colony? migration? caste-cluster voting? boundary shift?
VS2022-094-0349,94,LS2019>VS2022,statistical_outlier,3.9,swing_BMJP=-0.63 (z=-3.9); swing_BSP=50.64 (z=1.8),True,standard,merge/split? new colony? migration? caste-cluster voting? boundary shift?
VS2022-094-0350,94,LS2019>VS2022,statistical_outlier,3.67,swing_BMJP=0.62 (z=3.7); swing_BJP=76.59 (z=3.2),True,standard,merge/split? new colony? migration? caste-cluster voting? boundary shift?
LS2019-094-0029,94,VS2017>LS2019,statistical_outlier,4.72,swing_RSSP=1.43 (z=4.7); swing_IND=4.97 (z=4.0),True,standard,merge/split? new colony? migration? caste-cluster voting? boundary shift?
LS2019-094-0030,94,VS2017>LS2019,statistical_outlier,4.75,swing_IND=5.69 (z=4.8); nota_d=1.96 (z=0.8),False,standard,merge/split? new colony? migration? caste-cluster voting? boundary shift?
LS2019-094-0088,94,VS2017>LS2019,statistical_outlier,3.76,swing_IND=-4.99 (z=-3.8); swing_INC=37.33 (z=2.2),False,standard,merge/split? new colony? migration? caste-cluster voting? boundary shift?
LS2019-094-0107,94,VS2017>LS2019,statistical_outlier,4.73,swing_IND=-6.85 (z=-4.7); swing_INC=6.9 (z=-0.6),False,standard,merge/split? new colony? migration? caste-cluster voting? boundary shift?
LS2019-094-0132,94,VS2017>LS2019,statistical_outlier,3.73,swing_RSSP=1.08 (z=3.7); swing_BJP=-47.95 (z=-2.3),True,standard,merge/split? new colony? migration? caste-cluster voting? boundary shift?
LS2019-094-0174,94,VS2017>LS2019,statistical_outlier,3.53,swing_BSP=74.71 (z=3.5); swing_BJP=-81.01 (z=-3.4),True,standard,merge/split? new colony? migration? caste-cluster voting? boundary shift?
LS2019-094-0195,94,VS2017>LS2019,statistical_outlier,3.67,swing_INC=54.52 (z=3.7); swing_BJP=-11.98 (z=-1.0),True,standard,merge/split? new colony? migration? caste-cluster voting? boundary shift?
LS2019-094-0234,94,VS2017>LS2019,statistical_outlier,3.84,swing_INC=49.91 (z=3.8); swing_IND=1.44 (z=1.4),True,standard,merge/split? new colony? migration? caste-cluster voting? boundary shift?
LS2019-094-0261,94,VS2017>LS2019,statistical_outlier,5.2,swing_INC=72.39 (z=5.2); turnout_d=11.77 (z=1.6),True,standard,merge/split? new colony? migration? caste-cluster voting? boundary shift?
LS2019-094-0279,94,VS2017>LS2019,statistical_outlier,4.39,nota_d=5.99 (z=4.4); turnout_d=-24.14 (z=-1.1),True,standard,merge/split? new colony? migration? caste-cluster voting? boundary shift?
LS2019-094-0281,94,VS2017>LS2019,statistical_outlier,3.58,swing_IND=4.12 (z=3.6); swing_RSSP=0.89 (z=2.9),True,standard,merge/split? new colony? migration? caste-cluster voting? boundary shift?
LS2019-094-0330,94,VS2017>LS2019,statistical_outlier,3.88,swing_IND=-5.26 (z=-3.9); turnout_d=31.24 (z=3.3),False,standard,merge/split? new colony? migration? caste-cluster voting? boundary shift?
LS2019-094-0369,94,VS2017>LS2019,statistical_outlier,3.77,swing_BSP=79.63 (z=3.8); swing_BJP=-88.88 (z=-3.7),True,standard,merge/split? new colony? migration? caste-cluster voting? boundary shift?
LS2024-094-0025,94,VS2022>LS2024,statistical_outlier,3.58,nota_d=2.9 (z=3.6); swing_BJP=47.57 (z=1.5),True,standard,merge/split? new colony? migration? caste-cluster voting? boundary shift?
LS2024-094-0043,94,VS2022>LS2024,statistical_outlier,4.32,nota_d=4.13 (z=4.3); swing_BJP=20.07 (z=0.4),True,standard,merge/split? new colony? migration? caste-cluster voting? boundary shift?
LS2024-094-0048,94,VS2022>LS2024,statistical_outlier,4.46,nota_d=3.3 (z=4.5); swing_BJP=52.32 (z=1.7),True,standard,merge/split? new colony? migration? caste-cluster voting? boundary shift?
LS2024-094-0068,94,VS2022>LS2024,statistical_outlier,4.01,nota_d=3.39 (z=4.0); swing_BJP=32.41 (z=0.9),False,standard,merge/split? new colony? migration? caste-cluster voting? boundary shift?
LS2024-094-0137,94,VS2022>LS2024,statistical_outlier,3.99,nota_d=3.1 (z=4.0); margin_d=-78.05 (z=-2.6),False,standard,merge/split? new colony? migration? caste-cluster voting? boundary shift?
LS2024-094-0174,94,VS2022>LS2024,statistical_outlier,4.42,nota_d=3.75 (z=4.4); margin_d=29.18 (z=0.7),False,standard,merge/split? new colony? migration? caste-cluster voting? boundary shift?
LS2024-094-0191,94,VS2022>LS2024,statistical_outlier,4.63,nota_d=3.83 (z=4.6); margin_d=-61.06 (z=-1.8),False,standard,merge/split? new colony? migration? caste-cluster voting? boundary shift?
LS2024-094-0226,94,VS2022>LS2024,statistical_outlier,4.25,nota_d=3.46 (z=4.3); swing_BJP=64.29 (z=1.9),True,standard,merge/split? new colony? migration? caste-cluster voting? boundary shift?
LS2024-094-0227,94,VS2022>LS2024,statistical_outlier,4.32,nota_d=4.14 (z=4.3); swing_BJP=-51.6 (z=-1.4),True,standard,merge/split? new colony? migration? caste-cluster voting? boundary shift?
LS2024-094-0289,94,VS2022>LS2024,statistical_outlier,4.63,nota_d=4.42 (z=4.6); margin_d=69.18 (z=1.5),False,standard,merge/split? new colony? migration? caste-cluster voting? boundary shift?
